absolute_length_error_voxels,center_distance_voxels,corrected_nematic_axis_error_deg,evaluated,mode,model,pair_index,predicted_axis_x,predicted_axis_y,predicted_axis_z,predicted_length_voxels,predicted_quaternion_vector_norm,production_quaternion_error_deg,reported_pair_count,scope,time_distance_frames,true_axis_x,true_axis_y,true_axis_z,true_length_voxels,true_quaternion_vector_norm
4.229908278987146,0.5,12.48876407895179,True,all_groundtruth_centers,original_epoch_098,0,0.8654265590949073,0.21112681930523633,-0.45438126830141545,15.08329963684082,0.19525006153918475,17.713211548563827,145,manuscript_frozen_centers,0.0,0.7766705419241946,0.10355607820223026,-0.6213364692133815,19.313207915827967,0.33416271465104774
1.7466073733664835,0.5,21.492241883714,True,all_groundtruth_centers,original_epoch_098,1,0.8519205080243639,0.4342442018638296,0.29268314122127925,16.610952377319336,0.21851291110712456,15.26936403039566,145,manuscript_frozen_centers,0.0,0.9805224796011646,0.10894693903213663,0.16342041326686077,18.35755975068582,0.09868515977618429
0.9915409038524778,0.7071067811865476,15.800252087137174,True,all_groundtruth_centers,original_epoch_098,2,0.6591990964528311,-0.35466490196183637,0.6630756808631817,11.668619155883789,0.9065940587380489,28.69790615750068,145,manuscript_frozen_centers,0.0,-0.6556100634380707,0.09365858166099718,-0.7492686532879774,10.677078252031311,0.9098379201047015
0.613217359834243,0.5,18.404746658906113,True,all_groundtruth_centers,original_epoch_098,3,-0.1740186195578236,0.981697259585961,-0.07738223677694821,14.910957336425781,0.7678034897453158,28.30955557969683,145,manuscript_frozen_centers,0.0,-0.1932469834375364,0.9018192817640698,-0.3864939668750728,15.524174696260024,0.7724140840546581
1.78908730938379,0.0,7.986610022706805,True,all_groundtruth_centers,original_epoch_098,4,0.4447421757584589,-0.21762786245765128,0.8688167301472421,12.771132469177246,0.794072558961753,22.58290505133484,145,manuscript_frozen_centers,0.0,-0.549442255794756,0.137360563948689,-0.8241633836921342,14.560219778561036,0.8801824466656047
0.03724412817343925,0.7071067811865476,9.072351220743048,True,all_groundtruth_centers,original_epoch_098,5,0.8915797521188636,-0.44700569840966786,-0.07260476018106977,15.774144172668457,0.959725160938821,17.487572415615386,145,manuscript_frozen_centers,0.0,-0.8221921848997131,0.5692099885717361,0.0,15.811388300841896,0.9545135345194468
0.6667628441889377,0.8660254037844386,2.488683634826282,True,all_groundtruth_centers,original_epoch_098,6,0.7073842680339926,0.2864937468122585,-0.646164708395225,11.010843276977539,0.3882951351422739,2.6096692360486937,145,manuscript_frozen_centers,0.0,0.6767155381753457,0.2900209661112529,-0.6767155381753457,10.344080432788601,0.40204753515231134
0.6750982119017301,0.7071067811865476,15.72436969209082,True,all_groundtruth_centers,original_epoch_098,7,0.9394870068196836,-0.09948338402377642,0.32782193386070074,11.57235050201416,0.9763095917256253,32.04019109556674,145,manuscript_frozen_centers,0.0,-0.8164966017753487,0.0816496539232479,-0.5715475774627352,12.24744871391589,0.9530206166102841
2.5748529470341737,0.0,26.527879788659824,True,all_groundtruth_centers,original_epoch_098,8,0.3166678127971476,-0.4032268222349969,0.8585625348036896,11.567282676696777,0.7712659777153261,40.44522576792514,145,manuscript_frozen_centers,0.0,-0.14142135761804392,0.0,-0.9899494934639188,14.142135623730951,0.755453961702963
1.299469606655041,0.7071067811865476,57.84545668364007,True,all_groundtruth_centers,original_epoch_098,9,0.6515525187473297,-0.711243025961827,0.26384213714771665,16.19338607788086,0.08345206238373121,11.759316005793604,145,manuscript_frozen_centers,0.0,0.9718253136279184,0.057166197227134584,-0.22866478890853834,17.4928556845359,0.11869010599583531
4.84261644222811,0.7071067811865476,69.49777068314948,True,all_groundtruth_centers,original_epoch_098,10,-0.12519707433900448,0.9881967770908521,-0.08827696372331068,11.950239181518555,0.6061982736725634,76.73513230478697,145,manuscript_frozen_centers,0.0,0.4168439250177675,0.4763930571631628,0.7741387454859221,16.792855623746664,0.5399796513381918
0.3141529668079208,0.5,18.554014303968973,True,all_groundtruth_centers,original_epoch_098,11,0.7745368419354172,0.36580494093033905,0.5160226987988625,11.892402648925781,0.2730877605777089,21.36998779404144,145,manuscript_frozen_centers,0.0,0.6553855407518844,0.1638463851879711,0.7373087243714094,12.206555615733702,0.41509907832353626
2.612953168836052,0.5,35.143185558016775,True,all_groundtruth_centers,original_epoch_098,12,0.9090001218756872,-0.11449614068023667,0.40076104126937934,12.651384353637695,0.9601307127405482,69.48237320959078,145,manuscript_frozen_centers,0.0,-0.5240974085212615,0.0,-0.851658327254127,15.264337522473747,0.8729540200479509
6.857151969909925,0.5,3.1366393406524145,True,all_groundtruth_centers,original_epoch_098,13,0.44124165271991134,0.6455885717700772,0.6233146877018646,11.281205177307129,0.49506117510536346,5.51198700990842,145,manuscript_frozen_centers,0.0,0.44105426959657207,0.6064496488823797,0.661581404394858,18.138357147217054,0.5286519360426639
1.7832551988700622,0.7071067811865476,8.94932203641879,True,all_groundtruth_centers,original_epoch_098,14,0.4382715569210905,0.4400046802936011,-0.7837818087412396,10.944666862487793,0.5827876298009587,11.060409891650076,145,manuscript_frozen_centers,0.0,0.3928371086724435,0.31426968152901075,-0.8642416174435995,12.727922061357855,0.5509822705051494
1.328356151119241,0.8660254037844386,2.492671648545357,True,all_groundtruth_centers,original_epoch_098,15,-0.1709989831737079,0.9565347843898889,0.23622140886411325,16.643844604492188,0.7440096571392675,5.109122620812318,145,manuscript_frozen_centers,0.0,-0.1669244683026148,0.9459053008734389,0.27820744717102464,17.97220075561143,0.7638469925393556
0.3669731391793647,0.7071067811865476,15.97617179140953,True,all_groundtruth_centers,original_epoch_098,16,0.7838104456415853,0.590812742887008,-0.19126287707098263,16.5445613861084,0.3243008924992891,13.612077097727337,145,manuscript_frozen_centers,0.0,0.8869685994627274,0.354787439785091,-0.29565617892726065,16.911534525287763,0.23773032370345365
1.1995734048587927,0.5,13.951584867617688,True,all_groundtruth_centers,original_epoch_098,17,-0.6154825648048715,0.7678922547931005,-0.17754632479999427,15.323138236999512,0.8842727873677656,31.00386436473162,145,manuscript_frozen_centers,0.0,-0.7867958112374587,0.6052275082992552,-0.12104550638939107,16.522711641858304,0.9451972745220135
3.0033806209923206,0.7071067811865476,18.36415050191647,True,all_groundtruth_centers,original_epoch_098,18,-0.0034095620761036994,0.5427575734959214,-0.839882486601113,14.026005744934082,0.7150788018674212,28.563466306863333,145,manuscript_frozen_centers,0.0,-0.17616606585441105,0.29361010975735174,-0.9395523512235257,17.029386365926403,0.7668657275792997
1.2594415063740385,0.7071067811865476,11.924232991810515,True,all_groundtruth_centers,original_epoch_098,19,0.8222088329928272,-0.5498412382774872,0.1471300364917125,15.750818252563477,0.9602537987978426,24.077103253895693,145,manuscript_frozen_centers,0.0,-0.7590721072564882,0.5520524589744059,-0.34503277891456374,14.491376746189438,0.9378358390719451
2.630150226753459,0.7071067811865476,14.368802781492645,True,all_groundtruth_centers,original_epoch_098,20,0.7046751541995059,-0.21750739853235704,-0.67536912769062,12.926198959350586,0.9280485663017396,30.04726514259846,145,manuscript_frozen_centers,0.0,-0.5142594845861583,0.19284730671980937,0.8356716453273346,15.556349186104045,0.8701320262007087
0.07282586672259406,0.0,16.030778511999888,True,all_groundtruth_centers,original_epoch_098,21,0.2986318987718413,0.9122516754932478,0.28038521643568637,15.03945541381836,0.5232578139794472,21.31985574935036,145,manuscript_frozen_centers,0.0,0.26726123136166424,0.8017837433218727,0.5345224627233285,14.966629547095765,0.6052845433338558
3.0527426169089473,1.8708286933869707,7.747074181326092,True,all_groundtruth_centers,original_epoch_098,22,0.7256147048654306,-0.2289617861270502,-0.6488912085831993,14.440113067626953,0.9249344967775289,15.517821333002779,145,manuscript_frozen_centers,0.0,-0.6288281366730085,0.22866477997416973,0.7431605431720099,17.4928556845359,0.9024489248893479
0.17994529353808275,0.0,13.886549805547793,True,all_groundtruth_centers,original_epoch_098,23,0.7127510964955948,0.6340363981757277,-0.29997286582735666,12.934931755065918,0.3843963912340003,11.214040769755833,145,manuscript_frozen_centers,0.0,0.7624928516630234,0.45749571099781394,-0.45749571099781394,13.114877048604,0.3446064016473354
2.5892738204926715,0.0,13.614775198057973,True,all_groundtruth_centers,original_epoch_098,24,-0.4724837341707785,0.31374103376087276,0.8236052966553189,12.510395050048828,0.845441483786973,24.493637431412502,145,manuscript_frozen_centers,0.0,-0.2649064599076787,0.2649064599076787,0.9271726565200049,15.0996688705415,0.7952692856348018
0.29532901607229256,0.7071067811865476,12.980797897124363,True,all_groundtruth_centers,original_epoch_098,25,0.6766323248798607,0.5024100658966717,0.5382869333481693,11.452011108398438,0.35254404758133956,15.936531194127959,145,manuscript_frozen_centers,0.0,0.5958795993960959,0.6810051996246095,0.4256282663402351,11.74734012447073,0.4495110920325989
0.22829380344733963,0.7071067811865476,16.479576212816806,True,all_groundtruth_centers,original_epoch_098,26,-0.4152338139584825,0.9084286226470133,-0.04835615060302519,14.937457084655762,0.824334438288403,27.41527885734192,145,manuscript_frozen_centers,0.0,-0.3956282744203736,0.8571946183616984,-0.3296902405757558,15.165750888103101,0.835352719334676
2.02469221832769,0.7071067811865476,15.260777336882544,True,all_groundtruth_centers,original_epoch_098,27,0.2430810552619461,0.4447184063288056,-0.8620540236232913,15.807862281799316,0.6326042860551211,21.742758853857435,145,manuscript_frozen_centers,0.0,0.056077212834326144,0.6168493466001789,-0.7850810339064791,17.832554500127006,0.6869944798257847
0.2613292670545171,0.7071067811865476,5.081183110425621,True,all_groundtruth_centers,original_epoch_098,28,-0.4513377510340376,0.8750666904145835,0.17479279681498502,17.345487594604492,0.8312152804267632,11.97744742237965,145,manuscript_frozen_centers,0.0,-0.5111656607208819,0.8519427450112106,0.11359237000145676,17.60681686165901,0.8692426667450841
4.888913906511608,0.5,26.574467235988408,True,all_groundtruth_centers,original_epoch_098,29,0.011553705089859135,0.9415364789752244,-0.33671289054271913,15.035944938659668,0.5447810637543529,54.58072374337619,145,manuscript_frozen_centers,0.0,-0.30113136351622843,0.9535826665302055,0.0,19.924858845171276,0.8065765061425971
6.055672508580422,0.0,15.635529609873824,True,all_groundtruth_centers,original_epoch_098,30,0.6767876001607736,-0.5638563608895406,-0.4733123160800118,17.26813507080078,0.8710099381982332,27.204837027554632,145,manuscript_frozen_centers,0.0,-0.5144957554275265,0.5144957554275265,0.6859943405700354,23.323807579381203,0.8701999012842127
3.5359039306640625,0.0,1.928940174751901,True,all_groundtruth_centers,original_epoch_098,31,0.3586897127707996,0.6740246315182008,0.6457805246824613,14.464096069335938,0.5243196470007168,7.587022394277169,145,manuscript_frozen_centers,0.0,0.3333333333333333,0.6666666666666666,0.6666666666666666,18.0,0.5773502582082582
0.9525183516067468,0.5,16.10125613418465,True,all_groundtruth_centers,original_epoch_098,32,0.08988985165984993,0.5652818042795728,-0.8199855464085943,11.736059188842773,0.6620801187057371,21.699613036084838,145,manuscript_frozen_centers,0.0,0.07881104226041052,0.3152441690416421,-0.945732485168545,12.68857754044952,0.6786711109999187
1.89122929070518,3.640054944640259,24.94872504204675,True,all_groundtruth_centers,original_epoch_098,33,0.018631407841391303,0.7293913294984037,-0.6838429345210777,13.423791885375977,0.5629239853151473,53.959517211797866,145,manuscript_frozen_centers,0.0,-0.34684398207543105,0.5202659912715002,-0.7803989687488967,11.532562594670797,0.8206229367297726
3.6435522162270786,0.8660254037844386,2.940260655589232,True,all_groundtruth_centers,original_epoch_098,34,0.49093729083642096,0.23591538684461313,0.8386444459460468,11.422966957092285,0.4733319519812991,6.501502451129482,145,manuscript_frozen_centers,0.0,0.4646063296655145,0.19911699842807765,0.8628402977212712,15.066519173319364,0.5173942608262695
6.173086874554176,1.118033988749895,23.732109604500025,True,all_groundtruth_centers,original_epoch_098,35,0.6507261859200141,0.4129529836923342,0.6372011175583341,10.470230102539062,0.3038800072463899,15.635865889284329,145,manuscript_frozen_centers,0.0,0.9012626579998295,0.24033671215319258,0.36050504308050374,16.64331697709324,0.22219062795647948
1.6804057263833663,0.0,7.0078740111822295,True,all_groundtruth_centers,original_epoch_098,36,0.9398218789291725,0.32332813732710153,-0.1104253209124929,15.869523048400879,0.2578123284277698,6.497391872592934,145,manuscript_frozen_centers,0.0,0.9116846144398909,0.3418817215510168,-0.22792115360997273,17.549928774784245,0.2101373321327486
2.5211955568431073,0.5,18.56427498000635,True,all_groundtruth_centers,original_epoch_098,37,0.080928850290431,0.9956541371263694,0.046079935045676285,16.895292282104492,0.6325305657567258,24.75372510247351,145,manuscript_frozen_centers,0.0,0.10300524306277863,0.9270471653144879,0.3605183395944654,19.4164878389476,0.6696994755555224
1.6439720887958948,2.345207879911715,53.36485899375452,True,all_groundtruth_centers,original_epoch_098,38,-0.14792040366356324,0.8475100948456229,-0.5097511091844448,16.631694793701172,0.6893985599074618,70.10982931402228,145,manuscript_frozen_centers,0.0,0.16415269244315572,0.9301986174029252,0.32830538488631145,18.275666882497067,0.6464701644945163
0.41215441791579366,0.7071067811865476,20.384917456938666,True,all_groundtruth_centers,original_epoch_098,39,0.49374123453147556,0.4911221428021495,-0.717647987646283,16.140790939331055,0.3323140682330553,17.75772930899752,145,manuscript_frozen_centers,0.0,0.6645342958909809,0.18123662945972663,-0.7249465178389065,16.55294535724685,0.40955202437324123
0.7122904181713618,0.7071067811865476,2.8672215919432595,True,all_groundtruth_centers,original_epoch_098,40,0.12487345125881633,0.9206140779095879,-0.36996802662580347,13.75069522857666,0.6395577277335179,7.162735448517403,145,manuscript_frozen_centers,0.0,0.07669649749790969,0.9203579919061394,-0.3834824820067427,13.038404810405298,0.6794495956699901
3.763454508994485,0.7071067811865476,12.1948831058034,True,all_groundtruth_centers,original_epoch_098,41,-0.587482082420341,0.7091959346765793,0.38975111170242066,13.614692687988281,0.8136051399196815,23.938734911743264,145,manuscript_frozen_centers,0.0,-0.5178918289175802,0.6329788601989589,0.5754353274535989,17.378147196982766,0.8711750047849692
1.2650404483939752,0.0,2.103341781619151,True,all_groundtruth_centers,original_epoch_098,42,-0.09524276012562283,0.9948934841039727,0.03340317247076165,16.84572982788086,0.7287625601555663,4.160374734885889,145,manuscript_frozen_centers,0.0,-0.11043153265959423,0.9938837339419802,0.0,18.110770276274835,0.745128025279666
1.3937542852868248,3.1622776601683795,12.558262062475714,True,all_groundtruth_centers,original_epoch_098,43,0.7544054548353769,0.5959654095097527,0.275132041722699,12.022653579711914,0.39465131882949017,12.620008591580062,145,manuscript_frozen_centers,0.0,0.5962847792593476,0.7453560072405258,0.2981423896296738,13.416407864998739,0.44928565432015427
0.021076362070223453,0.0,4.329090352453597,True,all_groundtruth_centers,original_epoch_098,44,0.8885131291976321,0.4137578716368455,-0.19836542768834425,15.341215133666992,0.2600986160807978,6.182055437296237,145,manuscript_frozen_centers,0.0,0.9113223725178214,0.39056674118857515,-0.1301889166781318,15.362291495737216,0.2105678302348739
2.3834938587715193,0.7071067811865476,13.2712883280119,True,all_groundtruth_centers,original_epoch_098,45,0.5806066897038573,0.27326937045676886,-0.7669548376803487,12.913564682006836,0.5336028147081187,14.813481519339026,145,manuscript_frozen_centers,0.0,0.5229763603684907,0.06537204504606134,-0.8498365855987975,15.297058540778355,0.48837671091001966
0.19979574766600017,0.5,8.531269148556197,True,all_groundtruth_centers,original_epoch_098,46,0.4917491197009888,-0.41075589005252133,0.7677645485827432,14.531124114990234,0.8622883780599925,17.257906881369365,145,manuscript_frozen_centers,0.0,-0.6109597891604871,0.40730654824464024,-0.6788442470744004,14.730919862656235,0.897485320782262
0.893046334284314,0.7071067811865476,10.363062251920185,True,all_groundtruth_centers,original_epoch_098,47,0.13597448424431824,0.4022478599179186,-0.9053770478789189,11.516627311706543,0.5455097128690483,23.02756129294175,145,manuscript_frozen_centers,0.0,0.08058229458297068,0.24174688924329188,-0.9669875569731675,12.409673645990857,0.6780183243721525
0.24847974280615048,0.7071067811865476,1.264216175374954,True,all_groundtruth_centers,original_epoch_098,48,-0.4635415291719916,0.8858798736490077,0.018603768341646502,15.01330280303955,0.8070193287048338,10.894811448621232,145,manuscript_frozen_centers,0.0,-0.47409982924527755,0.880471096578189,0.0,14.7648230602334,0.8585161131367021
,,,False,all_groundtruth_centers,original_epoch_098,49,,,,,,,145,manuscript_frozen_centers,,,,,,
1.2356019645173149,0.5,5.068742843914387,True,all_groundtruth_centers,original_epoch_098,50,0.9197397297176623,-0.38287400676154654,-0.08652354896350864,16.228647232055664,0.9525634832000109,15.34286255166332,145,manuscript_frozen_centers,0.0,-0.9161573362997725,0.4008188308252315,0.0,17.46424919657298,0.9788149313284379
0.744847413729719,0.9013878188659973,11.641566359547756,True,all_groundtruth_centers,original_epoch_098,51,0.06058550592161535,0.7758714175306224,-0.6279752701589804,15.294167518615723,0.7218739186778776,17.764789814709747,145,manuscript_frozen_centers,0.0,-0.12469594083091269,0.717001620035947,-0.6858276745700197,16.03901493234544,0.7498986470667879
1.6099193413245683,0.7071067811865476,22.67461293960228,True,all_groundtruth_centers,original_epoch_098,52,0.8500451955062205,-0.14514033245832195,-0.5063175382017485,13.42337703704834,0.9749533067837226,50.64341810486662,145,manuscript_frozen_centers,0.0,-0.5986711159347993,0.06651901334461457,0.7982281101345913,15.033296378372908,0.8940556760466345
0.1624664436175749,0.5,13.340505469323004,True,all_groundtruth_centers,original_epoch_098,53,0.8486469596570128,0.43312376232126204,0.3036480600589822,11.54223346710205,0.3043273801110139,8.674212979758643,145,manuscript_frozen_centers,0.0,0.8543576577167611,0.5126145946300567,0.08543576577167611,11.704699910719626,0.2698539799947482
,,,False,all_groundtruth_centers,original_epoch_098,54,,,,,,,145,manuscript_frozen_centers,,,,,,
7.05331589269354,0.7071067811865476,59.00735545945983,True,all_groundtruth_centers,original_epoch_098,55,-0.6049234565432343,0.6898780661452294,0.3976630050375619,13.195140838623047,0.7340613037889786,99.30979802775407,145,manuscript_frozen_centers,0.0,0.9877295966495895,0.1481594394974384,-0.04938647983247947,20.248456731316587,0.0783275295872736
1.6400238394970454,0.7071067811865476,13.672002649432626,True,all_groundtruth_centers,original_epoch_098,56,0.15481166739642377,0.9314956383368567,-0.32916443215716806,14.678428649902344,0.6369554676490765,24.1393633039643,145,manuscript_frozen_centers,0.0,-0.07669649828741361,0.9203579794489632,-0.38348251174606446,13.038404810405298,0.7337221748507884
1.9207986914468052,0.8660254037844386,36.06199580961169,True,all_groundtruth_centers,original_epoch_098,57,0.7178688778098568,0.634741515072905,-0.28595014130958196,13.145720481872559,0.28721221221632964,25.058974338146797,145,manuscript_frozen_centers,0.0,0.7300956317704312,0.5973509935738125,0.33186165633606096,15.066519173319364,0.367358379663398
1.0281707246844736,0.7071067811865476,8.974845874421959,True,all_groundtruth_centers,original_epoch_098,58,0.8740255195682469,-0.48079408142820945,-0.0701173474046209,15.380870819091797,0.9537648400442508,19.960983600428627,145,manuscript_frozen_centers,0.0,-0.9057529213209063,0.4180398027949525,-0.06967330046582541,14.352700094407323,0.9761539133987044
3.0593090970042205,2.5495097567963922,13.224505917827896,True,all_groundtruth_centers,original_epoch_098,59,0.7323346597772252,-0.3405868273149265,0.5896495222999236,14.087119102478027,0.9273138113694583,26.170553498043287,145,manuscript_frozen_centers,0.0,-0.5832118524065523,0.29160592620327613,-0.7581753880307955,17.146428199482248,0.8897223892242117
,,,False,all_groundtruth_centers,original_epoch_098,60,,,,,,,145,manuscript_frozen_centers,,,,,,
1.3488366653266368,0.5,19.75570120951271,True,all_groundtruth_centers,original_epoch_098,61,-0.07108379183131647,0.9715776507580668,0.2257962866973636,15.414217948913574,0.7045341430539284,29.535329721603112,145,manuscript_frozen_centers,0.0,-0.11930999792778504,0.83516997553517,0.5368949956546953,16.76305461424021,0.74810094012374
3.5797527764953294,0.0,11.0773569377252,True,all_groundtruth_centers,original_epoch_098,62,0.11855316137932245,0.9262837812142316,0.35769191294525204,13.03349494934082,0.6081063306215417,13.597671504508355,145,manuscript_frozen_centers,0.0,0.24077171107867185,0.8427009645901936,0.4815434221573437,16.61324772583615,0.6161283502812128
0.3778100037001604,0.5,3.301812882403042,True,all_groundtruth_centers,original_epoch_098,63,-0.645967917416211,0.6855759803044448,0.3357246265893563,14.41347885131836,0.8985718820397453,6.2661417683878815,145,manuscript_frozen_centers,0.0,-0.6412234665911312,0.7124704891911317,0.28498818909667445,14.035668847618199,0.9058762167387889
0.06996742435680048,0.7071067811865476,18.13437922766406,True,all_groundtruth_centers,original_epoch_098,64,0.8210746952435041,0.36651475442651615,0.4376108769425842,17.099353790283203,0.22960392185889308,8.721887280577214,145,manuscript_frozen_centers,0.0,0.8808303386788201,0.05872201978067839,0.4697761582454271,17.029386365926403,0.24410005440230706
1.2772223648239205,0.5,19.546382283786592,True,all_groundtruth_centers,original_epoch_098,65,0.841111944697765,0.4995904076315896,0.2072199823599218,14.87827205657959,0.26249150465530624,10.145277522475798,145,manuscript_frozen_centers,0.0,0.8665782439420608,0.2475937881043617,0.4332891219710304,16.15549442140351,0.25828449137667214
0.564193666126414,0.5,16.326438488547343,True,all_groundtruth_centers,original_epoch_098,66,0.44672248670663967,0.8621778502770715,0.2389317357787446,16.595413208007812,0.4868901943581359,16.468877436258033,145,manuscript_frozen_centers,0.0,0.6237828853477357,0.6861611257826449,0.37426971746582305,16.0312195418814,0.43371484204621386
3.797433681319564,0.8660254037844386,9.050356243069466,True,all_groundtruth_centers,original_epoch_098,67,-0.2911827768058313,0.6762705445559093,-0.6766614670998338,16.077173233032227,0.801254966622265,15.255960839764057,145,manuscript_frozen_centers,0.0,-0.3522082162744436,0.5534700645011547,-0.7547319127278656,19.87460691435179,0.8222555085643134
3.9678319726236175,0.7071067811865476,4.010986145006305,True,all_groundtruth_centers,original_epoch_098,68,0.4873986815727141,-0.4730646602064758,0.7339293920159566,12.825023651123047,0.8447917355224084,7.525765194764585,145,manuscript_frozen_centers,0.0,-0.47639306020616834,0.4168439233445485,-0.7741387445142675,16.792855623746664,0.8591836527118489
,,,False,all_groundtruth_centers,original_epoch_098,69,,,,,,,145,manuscript_frozen_centers,,,,,,
2.4874241044132557,0.5,1.1043897617156428,True,all_groundtruth_centers,original_epoch_098,70,0.7811078771962335,-0.4056001973313636,-0.4747198796203427,12.6453218460083,0.9303335577345552,5.869760626368304,145,manuscript_frozen_centers,0.0,-0.7929823224703939,0.39649116123519695,0.4625730161950925,15.132745950421556,0.9468321695891819
4.302255400402366,0.0,2.0422382668249255,True,all_groundtruth_centers,original_epoch_098,71,0.45367942438803494,0.5175543283591943,-0.7254739809831947,14.67141056060791,0.538542357525106,2.2005733319620577,145,manuscript_frozen_centers,0.0,0.42163702258733465,0.5270462920891155,-0.7378647756728884,18.973665961010276,0.537755967115548
2.533380369370702,0.7071067811865476,17.757216415923683,True,all_groundtruth_centers,original_epoch_098,72,0.2588239395826723,0.3341259899840042,0.9062946491710707,11.819319725036621,0.29228736372123715,34.345962777252616,145,manuscript_frozen_centers,0.0,0.4180398154810011,0.06967330488217702,0.9057529151260877,14.352700094407323,0.5394256944267405
0.2826276696371792,0.8660254037844386,6.323011217522016,True,all_groundtruth_centers,original_epoch_098,73,0.7709005613903313,0.5941989075578774,-0.22943404870484474,15.349146842956543,0.31753024427832494,7.456041588752284,145,manuscript_frozen_centers,0.0,0.7300956317704312,0.5973509935738125,-0.33186165633606096,15.066519173319364,0.367358379663398
2.9312673330934587,0.0,18.348517772022443,True,all_groundtruth_centers,original_epoch_098,74,0.8468672287588079,-0.15051229901958518,-0.5100607264808924,15.61596965789795,0.9646710878105379,39.36082951477845,145,manuscript_frozen_centers,0.0,-0.646996644757806,0.10783277138953608,0.7548294079370473,18.547236990991408,0.9074680805830716
2.704240783691663,0.5,11.280697335865263,True,all_groundtruth_centers,original_epoch_098,75,0.5666077509250523,0.6433030755875023,-0.5148949499959329,15.43411636352539,0.47859608520638525,13.139833484621647,145,manuscript_frozen_centers,0.0,0.44105426959657207,0.6064496488823797,-0.661581404394858,18.138357147217054,0.5286519360426639
0.7597868260578835,0.7071067811865476,10.390754930423887,True,all_groundtruth_centers,original_epoch_098,76,0.7444076740088095,-0.6158958666982763,0.25793312362078114,15.793158531188965,0.9202024325806123,19.377110635131945,145,manuscript_frozen_centers,0.0,-0.7249465119962123,0.5437098839971592,-0.42288546533112387,16.55294535724685,0.9286943901969766
1.494952922040504,0.5,3.561956772249358,True,all_groundtruth_centers,original_epoch_098,77,0.5805761286704044,0.5523587099880883,0.5981899483595331,15.268101692199707,0.4122910236923535,9.38304540711533,145,manuscript_frozen_centers,0.0,0.5368949920527799,0.5965499842882594,0.5965499842882594,16.76305461424021,0.4811990420113066
2.84853141496777,0.7071067811865476,9.438624024672873,True,all_groundtruth_centers,original_epoch_098,78,-0.21665307633583125,0.933729978272292,-0.2849732832913388,15.427135467529297,0.7694129366671864,17.227859673726115,145,manuscript_frozen_centers,0.0,-0.3283054117118449,0.9301986055681309,-0.16415270585592245,18.275666882497067,0.814955644149092
3.905938757351855,0.0,10.345624760440641,True,all_groundtruth_centers,original_epoch_098,79,0.47189594283448244,0.7015424934187692,-0.5339965815097799,13.298711776733398,0.46396109186186574,17.832781062277665,145,manuscript_frozen_centers,0.0,0.34874293140530205,0.8137334630904925,-0.4649905577983178,17.204650534085253,0.5706387189035661
0.08089693681455401,0.5,8.626614915660431,True,all_groundtruth_centers,original_epoch_098,80,-0.408185885281807,0.9035944464233298,-0.13000522854725272,11.78559684753418,0.7987472731309724,14.503589556993926,145,manuscript_frozen_centers,0.0,-0.3417430572437494,0.939793425613148,0.0,11.704699910719626,0.8190674691839048
0.9777044354457711,0.7071067811865476,12.001156243343626,True,all_groundtruth_centers,original_epoch_098,81,0.3484174099851892,-0.21851578968852492,0.9115131145935385,12.213201522827148,0.8100870710772932,24.503888262964832,145,manuscript_frozen_centers,0.0,-0.5306686455805335,0.1516196130230096,-0.8339078375602874,13.19090595827292,0.8748338747411545
3.194083285544778,0.7071067811865476,83.29144612736282,True,all_groundtruth_centers,original_epoch_098,82,0.002377357132709795,0.8876570228289388,0.46049903148163973,14.184063911437988,0.2588893660400413,126.78364008090603,145,manuscript_frozen_centers,0.0,-0.5178918003720376,0.2877176478681657,-0.8056094824495426,17.378147196982766,0.8711750163599209
2.416204022681166,0.0,21.19537528977829,True,all_groundtruth_centers,original_epoch_098,83,0.9734481068192685,0.16126642441737238,0.1624559130521815,9.415955543518066,0.23370077553797755,11.981028317386755,145,manuscript_frozen_centers,0.0,0.8451542451654442,0.16903085171074908,0.5070925685205485,11.832159566199232,0.2782496668611274
3.5673337602317616,0.5,2.46025038430301,True,all_groundtruth_centers,original_epoch_098,84,0.09025066347540546,0.5556571126049227,0.8264986333647559,13.666354179382324,0.7230838788376613,6.882769308027354,145,manuscript_frozen_centers,0.0,0.05802588341778301,0.580258845034225,0.8123624004181467,17.233687939614086,0.6862849625780348
2.367926407604955,0.0,8.69231774472822,True,all_groundtruth_centers,original_epoch_098,85,0.7324315715589006,-0.6668552783014122,0.1372881305332153,10.438322067260742,0.9480829177363934,16.516973629735904,145,manuscript_frozen_centers,0.0,-0.7808688094430304,0.6246950475544242,0.0,12.806248474865697,0.9436283157665946
3.566215153415243,0.5,7.287669527478537,True,all_groundtruth_centers,original_epoch_098,86,0.01910295100953709,0.9987793323225725,-0.045551318180746814,13.616090774536133,0.6904959010178078,13.374456544631961,145,manuscript_frozen_centers,0.0,-0.09950372698030836,0.995037189414058,0.0,10.04987562112089,0.7414525293214241
2.1724376555877676,0.5,19.369940055877116,True,all_groundtruth_centers,original_epoch_098,87,0.9134424305750084,0.3592895325514119,0.1911385827723143,15.40595817565918,0.2154958069190432,12.007788360618488,145,manuscript_frozen_centers,0.0,0.9670962126604284,0.22755204320393269,-0.11377602160196634,17.578395831246947,0.12826494106559394
3.731111718341026,0.5,9.123696032748182,True,all_groundtruth_centers,original_epoch_098,88,0.881760451065622,-0.420827411611762,0.213079319908563,15.47826099395752,0.9641665179893455,17.757401011717423,145,manuscript_frozen_centers,0.0,-0.8329267277103245,0.41646336385516225,-0.36440545115600775,19.209372712298546,0.9573209340119018
2.6255335392524763,0.7071067811865476,13.62376191860833,True,all_groundtruth_centers,original_epoch_098,89,-0.5981997033391413,0.26926836621300865,-0.7547527157168368,12.671525001525879,0.5722904840887263,55.289392253477246,145,manuscript_frozen_centers,0.0,-0.522976358471147,0.06537204480889337,-0.8498365867846372,15.297058540778355,0.8726329123649363
1.8415391337169815,0.5,16.426726624287163,True,all_groundtruth_centers,original_epoch_098,90,-0.3267019675801046,0.942139671280381,0.0750910392722318,14.048094749450684,0.8129892968317214,32.28525165668632,145,manuscript_frozen_centers,0.0,-0.573462348873371,0.8192319173620105,0.0,12.206555615733702,0.8869786755085326
1.6066436767578125,0.5,12.155535036110695,True,all_groundtruth_centers,original_epoch_098,91,0.5232208122746713,0.8515978327420735,0.03195485677696969,16.606643676757812,0.41309352208308164,9.986711245701619,145,manuscript_frozen_centers,0.0,0.6666666674777831,0.7333333342255615,0.13333332437049658,15.0,0.40824829707491006
1.4383206741772323,0.5,6.257234215921201,True,all_groundtruth_centers,original_epoch_098,92,0.4726469286541986,0.420069450445216,-0.7746912531043624,12.879500389099121,0.5381376840784671,6.738145768275074,145,manuscript_frozen_centers,0.0,0.41905817813609625,0.34921514383869323,-0.8381163562721925,14.317821063276353,0.5389535319428591
7.6689522287644465,0.0,5.827036818975763,True,all_groundtruth_centers,original_epoch_098,93,0.38999223264846317,-0.49878682481876435,0.7740269774762908,11.926965713500977,0.8038846878183431,11.912601849021014,145,manuscript_frozen_centers,0.0,-0.408248290463863,0.408248290463863,-0.816496580927726,19.595917942265423,0.8391210569704111
3.3756977815449183,0.7071067811865476,36.074560306116844,True,all_groundtruth_centers,original_epoch_098,94,0.16636974495890897,0.6308555250106528,0.7578538213440907,14.899969100952148,0.611591159984743,45.208876453557714,145,manuscript_frozen_centers,0.0,0.16415269280546915,0.054717566189326126,0.9849161798828518,18.275666882497067,0.646470163663968
1.5464897340012556,0.5,8.332483141036061,True,all_groundtruth_centers,original_epoch_098,95,0.9965590443344201,-0.0046785002266865735,-0.08275374789637105,9.608747482299805,0.9930256354391587,17.792267964487053,145,manuscript_frozen_centers,0.0,-0.9922778767136677,0.12403473458920847,0.0,8.06225774829855,0.9980676021187452
1.9762782307871838,0.5,7.404464609983821,True,all_groundtruth_centers,original_epoch_098,96,0.9346864876855824,0.34804870706854507,-0.07227217476943366,13.156618118286133,0.228696979954476,3.394606497724109,145,manuscript_frozen_centers,0.0,0.8944271909999159,0.4472135954999579,0.0,11.180339887498949,0.22975291996256378
0.6788993777256156,0.7071067811865476,5.180454871376568,True,all_groundtruth_centers,original_epoch_098,97,-0.062117573243725625,0.8376168263803607,-0.5427148968462197,13.869805335998535,0.7154360270395159,10.607192383684508,145,manuscript_frozen_centers,0.0,-0.15161961277865926,0.8339078506453794,-0.5306686250880609,13.19090595827292,0.7588213059093609
0.3827210190042507,0.7071067811865476,11.027223147958562,True,all_groundtruth_centers,original_epoch_098,98,-0.3592280500017106,0.6838259606313226,-0.6350883904297236,16.995426177978516,0.8043941479972433,23.234736975155762,145,manuscript_frozen_centers,0.0,-0.5178918289175802,0.5754353274535989,-0.6329788601989589,17.378147196982766,0.8711750047849692
0.32265087903505396,0.8660254037844386,11.93924495099899,True,all_groundtruth_centers,original_epoch_098,99,0.9776995997845304,-0.05764527017759546,-0.2019418614535411,13.641589164733887,0.9991755059499945,163.70196484779686,145,manuscript_frozen_centers,0.0,0.9309493362512627,0.07161148740394328,-0.35805743701971643,13.96424004376894,0.18580993321527983
2.54042842873179,0.5,12.603379018420659,True,all_groundtruth_centers,original_epoch_098,100,0.4523534356011231,0.5550290654528875,-0.6980824491436199,14.341514587402344,0.5591407534102674,15.2671663565552,145,manuscript_frozen_centers,0.0,0.2961744300658569,0.47387909815297685,-0.8292884343272167,16.881943016134134,0.5932223755924141
0.6349309895870352,0.5,10.21052151230649,True,all_groundtruth_centers,original_epoch_098,101,-0.5661099432283122,0.8054101784557074,0.1755960609409636,11.451584815979004,0.872113796347277,18.0464935227655,145,manuscript_frozen_centers,0.0,-0.554700188424779,0.8320502995381438,0.0,10.816653826391969,0.8816746006965399
2.9122959540061153,0.7071067811865476,28.57124949978803,True,all_groundtruth_centers,original_epoch_098,102,0.3948545803585575,-0.4815160616774461,0.7824526456703366,14.580559730529785,0.8049937612943326,45.39481587292166,145,manuscript_frozen_centers,0.0,-0.22866478547100852,0.05716619636775213,-0.9718253144873009,17.4928556845359,0.7837935823485999
2.0072036155131965,0.5,18.99902999286915,True,all_groundtruth_centers,original_epoch_098,103,0.30430752759685514,0.7884209172527522,0.5345927289874208,12.170243263244629,0.526784290136326,23.539517178634277,145,manuscript_frozen_centers,0.0,0.2821382504269395,0.564276500853879,0.7758801700199122,14.177446878757825,0.599108393356808
0.3013993236653807,0.5,11.061221703006206,True,all_groundtruth_centers,original_epoch_098,104,0.4657311170830288,0.6525110634860928,0.5977657054472449,15.167468070983887,0.4894521287629732,13.717493134110608,145,manuscript_frozen_centers,0.0,0.40360368701654736,0.538138212971738,0.7399400837677554,14.866068747318506,0.5460752403577988
,,,False,all_groundtruth_centers,original_epoch_098,105,,,,,,,145,manuscript_frozen_centers,,,,,,
1.5429101814434603,0.5,2.8891016196451575,True,all_groundtruth_centers,original_epoch_098,106,0.9371642978121962,-0.05022784746919745,-0.34525388085405234,13.247610092163086,0.9901162175039542,6.888447996452777,145,manuscript_frozen_centers,0.0,-0.939793428789684,0.0,0.34174304850827525,11.704699910719626,0.9848333415854833
1.0248921800861055,0.5,8.39512589362355,True,all_groundtruth_centers,original_epoch_098,107,0.6652776311444544,0.5732322785737054,0.4783413303280631,12.279242515563965,0.35864319282855406,12.89130957181655,145,manuscript_frozen_centers,0.0,0.6013168171226034,0.5261522316697737,0.6013168171226034,13.30413469565007,0.44647685749630306
1.365036650757446,0.5,9.023908932706776,True,all_groundtruth_centers,original_epoch_098,108,0.9781461675151957,-0.19799538674519696,-0.06346575299289019,16.6627197265625,0.9979708821268363,18.493027083816514,145,manuscript_frozen_centers,0.0,-0.9984603531136778,0.055470021273748775,0.0,18.027756377319946,0.9996150141805977
3.878148691432873,0.7071067811865476,8.765523221305385,True,all_groundtruth_centers,original_epoch_098,109,-0.509183772293473,0.7235274601009051,-0.46609001331601346,13.614706993103027,0.8659987765740013,17.910649451783282,145,manuscript_frozen_centers,0.0,-0.628828143795796,0.628828143795796,-0.4573295651285486,17.4928556845359,0.9024489229922676
1.7266076319293546,0.5,11.439733927447321,True,all_groundtruth_centers,original_epoch_098,110,0.87614683071307,-0.48144332056642725,0.02406366791275734,15.474334716796875,0.9655689911580351,22.134200547384033,145,manuscript_frozen_centers,0.0,-0.8728715609439694,0.4364357804719847,-0.21821789023599236,13.74772708486752,0.9676961196231291
0.8617000438614824,0.7071067811865476,7.396494867543814,True,all_groundtruth_centers,original_epoch_098,111,0.7529320426513377,-0.653329469967118,0.07908187416449408,12.944746017456055,0.9310810471979009,14.792930438832368,145,manuscript_frozen_centers,0.0,-0.6620847028209084,0.74484530701941,-0.08276058785261355,12.083045973594572,0.9116152536003759
1.4540908035446236,0.5,16.279219780163057,True,all_groundtruth_centers,original_epoch_098,112,0.2137576398152769,0.18102498653254526,0.9599675128208737,14.701403617858887,0.5386593096468991,34.97370017617911,145,manuscript_frozen_centers,0.0,-0.06189844605901728,0.12379689211803456,0.9903751369442765,16.15549442140351,0.7286626325272987
5.101566001038208,0.5,17.295185704967626,True,all_groundtruth_centers,original_epoch_098,113,0.5489280864098511,0.5383757927764627,-0.639397733576476,12.926190376281738,0.45053491122187395,19.621830183728537,145,manuscript_frozen_centers,0.0,0.44376016219659614,0.33282012164744706,-0.832050289990833,18.027756377319946,0.5273707691653469
1.8440425445380626,0.5,4.883595857145241,True,all_groundtruth_centers,original_epoch_098,114,0.7862731704381387,0.38895551096065384,-0.48009177449993273,14.919012069702148,0.3368745314300498,6.730920774076469,145,manuscript_frozen_centers,0.0,0.8351699785640276,0.3579299982282874,-0.4175849892820138,16.76305461424021,0.28708014373576873
4.3099782889298375,0.7071067811865476,5.827617804624039,True,all_groundtruth_centers,original_epoch_098,115,-0.1629662310088711,0.9306480036129662,-0.32762219235266005,15.43843936920166,0.8007236439401202,13.887602916041722,145,manuscript_frozen_centers,0.0,-0.10127394345355574,0.9621023975452135,-0.2531848435730664,19.748417658131498,0.7420491473301435
1.1858399443001701,0.7071067811865476,14.2472496346121,True,all_groundtruth_centers,original_epoch_098,116,0.9322754107466481,-0.17961499500375372,0.3140079809287815,15.000574111938477,0.9855129609906829,178.12080256924315,145,manuscript_frozen_centers,0.0,0.9267030975709244,0.061780205207426456,0.37068123124455876,16.186414056238647,0.1914378593188505
5.981737922602072,0.8660254037844386,22.146126607715892,True,all_groundtruth_centers,original_epoch_098,117,0.6747633244767115,0.4196052510091406,0.6071456903138588,11.766501426696777,0.26848403774741836,32.66260185591005,145,manuscript_frozen_centers,0.0,0.5070925352563261,0.1690308500881041,0.8451542654485065,17.74823934929885,0.4964410672313849
0.5238610859991173,0.5,13.71041489714835,True,all_groundtruth_centers,original_epoch_098,118,-0.2270667211469383,0.34424092148998703,0.9110098199905987,10.964167594909668,0.7566488488393524,21.709364819782195,145,manuscript_frozen_centers,0.0,0.0,0.2873478894330289,0.9578262840611463,10.44030650891055,0.7071067727029889
3.270411491394043,0.0,5.472625553857522,True,all_groundtruth_centers,original_epoch_098,119,-0.003518598123561906,0.9954418773860653,-0.09530523707200318,12.729588508605957,0.6717573040844163,9.391544690166048,145,manuscript_frozen_centers,0.0,0.0,1.0,0.0,16.0,0.7071067811865475
1.2658809636470938,0.5,22.458202578692802,True,all_groundtruth_centers,original_epoch_098,120,0.7381619111983242,-0.5588074834069964,0.3779565971700678,12.082534790039062,0.9419561961771084,42.98811182016649,145,manuscript_frozen_centers,0.0,-0.8320503039188925,0.5547001818536555,0.0,10.816653826391969,0.9570920203819216
1.8943108932225066,0.0,24.593215426979516,True,all_groundtruth_centers,original_epoch_098,121,0.5745073374155318,0.7231292041538087,-0.38343900865143554,12.802627563476562,0.4747922826981581,31.54069338960389,145,manuscript_frozen_centers,0.0,0.27216553155021295,0.6804138165249108,-0.6804138165249108,14.696938456699069,0.6032555133316496
2.541595674884931,0.7071067811865476,3.1868910155350134,True,all_groundtruth_centers,original_epoch_098,122,0.7721676078535872,-0.305279628800808,-0.5572804802080455,14.369938850402832,0.9371132122206396,6.082439540823878,145,manuscript_frozen_centers,0.0,-0.768706097499754,0.3547874418041546,0.5321811785517804,16.911534525287763,0.9404004755240839
1.6607485412100118,0.5,5.004429110841646,True,all_groundtruth_centers,original_epoch_098,123,0.8311119950111022,-0.32814060129854233,-0.44897282493275303,14.370471000671387,0.9588572543227629,10.374778801404563,145,manuscript_frozen_centers,0.0,-0.8732960169563139,0.3118914214299542,0.3742696995572047,16.0312195418814,0.9678057677750953
0.24873969455542522,0.7071067811865476,5.8914815384081605,True,all_groundtruth_centers,original_epoch_098,124,0.26550898516052074,0.4808135592820901,-0.835657405884444,10.796621322631836,0.5965503291289442,8.173968184641433,145,manuscript_frozen_centers,0.0,0.36214297335614265,0.4526787232916764,-0.8148217230338118,11.045361017187261,0.5647375719423526
1.4711204725588267,0.7071067811865476,33.10924356991617,True,all_groundtruth_centers,original_epoch_098,125,0.7568896762123819,0.37815151650294654,0.5330285626583602,10.957953453063965,0.32322562372386243,24.370188535782788,145,manuscript_frozen_centers,0.0,0.9486833003761713,0.3162277590398656,0.0,9.486832980505138,0.16018224936054387
1.5055591619955706,0.8660254037844386,37.93495619820514,True,all_groundtruth_centers,original_epoch_098,126,0.6303064278289998,0.776320033457418,-0.006404115092601638,13.020279884338379,0.3931285557158056,36.64928218296755,145,manuscript_frozen_centers,0.0,0.48189987607263374,0.6195855507680841,-0.6195855507680841,14.52583904633395,0.5089696040984836
2.0802720383723905,0.5,5.446636651109592,True,all_groundtruth_centers,original_epoch_098,127,0.28673596032866194,0.34545102454844767,-0.8935581003453708,13.314532279968262,0.6567649860078595,12.948001061700367,145,manuscript_frozen_centers,0.0,0.3247849202757011,0.25982792596229287,-0.9093977152223551,15.394804318340652,0.5810400479967945
0.04609882063446413,0.5,11.083924792797857,True,all_groundtruth_centers,original_epoch_098,128,0.8578627718242563,0.5129364067692495,-0.031107994609988494,12.734676361083984,0.28616339010470043,6.889275531284511,145,manuscript_frozen_centers,0.0,0.8669214432749878,0.4728662496636983,0.15762208322123275,12.68857754044952,0.2579520692873928
0.3225605047690081,0.8660254037844386,13.381845897199858,True,all_groundtruth_centers,original_epoch_098,129,0.8878526483905684,-0.14279731311840282,-0.4374089643708945,14.203278541564941,0.9679010465969079,28.04913874946099,145,manuscript_frozen_centers,0.0,-0.7572712285475218,0.20652850820549554,0.6195855564105248,14.52583904633395,0.9373556527926509
1.1214043678994425,0.7071067811865476,24.06396666719071,True,all_groundtruth_centers,original_epoch_098,130,0.43279851364299277,0.7813616710586654,0.44962138026213355,11.762694358825684,0.4835305587469486,23.015366196290696,145,manuscript_frozen_centers,0.0,0.5433053634860031,0.46569030264991534,0.6985354851581788,12.884098726725126,0.4778570075107433
1.366197670197014,0.0,20.91081193246704,True,all_groundtruth_centers,original_epoch_098,131,0.6277527757503031,-0.48397623028692954,0.6096666802893551,15.649054527282715,0.9020853612127515,38.51730519948895,145,manuscript_frozen_centers,0.0,-0.7001400413802044,0.14002801474080626,-0.7001400413802044,14.2828568570857,0.9219924147584339
1.4849044694681908,0.5,5.687040613037807,True,all_groundtruth_centers,original_epoch_098,132,0.20973217015666698,0.48324873269702573,-0.8499900464994242,14.294829368591309,0.6442936385462064,7.827555924297607,145,manuscript_frozen_centers,0.0,0.12674485802942093,0.4436069749143045,-0.887213949828609,15.7797338380595,0.6607779932242119
0.3581251227212192,0.8660254037844386,18.20603331955502,True,all_groundtruth_centers,original_epoch_098,133,-0.6114776871279333,0.7909648061461217,-0.021672876664191255,14.708394050598145,0.7952439808780799,37.41872851462322,145,manuscript_frozen_centers,0.0,-0.5973509657493902,0.7300956618577286,-0.3318616402279664,15.066519173319364,0.8936864629247132
0.5524006231913212,0.5,13.102296238127433,True,all_groundtruth_centers,original_epoch_098,134,0.758175544580509,-0.42560229875536026,0.49399648469822305,13.705347061157227,0.9327318220346685,24.569760580518185,145,manuscript_frozen_centers,0.0,-0.7602859265947763,0.22808578115511308,-0.6082287285691003,13.152946437965905,0.9381593509869313
1.0873622954421531,0.5,9.774214752449659,True,all_groundtruth_centers,original_epoch_098,135,-0.0685921634616473,0.9922224150224559,-0.10387393435629608,14.436812400817871,0.7034569553441621,13.791349192876135,145,manuscript_frozen_centers,0.0,0.0,0.9662349410003117,-0.25766264531383676,15.524174696260024,0.7071067950793497
3.910238287156755,0.7071067811865476,15.404310223621307,True,all_groundtruth_centers,original_epoch_098,136,0.9748901153543623,-0.18012628054104357,0.13093428138882232,15.116059303283691,0.9856456572915072,163.46572850195005,145,manuscript_frozen_centers,0.0,0.9986178294793067,0.052558830333622006,0.0,19.026297590440446,0.02628850210700312
1.223337173461914,0.5,2.408642288587501,True,all_groundtruth_centers,original_epoch_098,137,0.5167348038342989,0.666103592092358,0.5378579246492387,9.776662826538086,0.4288326738607424,6.531300984157427,145,manuscript_frozen_centers,0.0,0.5454545346050291,0.6363636549628067,0.5454545346050291,11.0,0.4767312991651248
0.24228459688471915,0.5,6.396254802671826,True,all_groundtruth_centers,original_epoch_098,138,0.7040527819496593,0.30875449664589266,-0.6395157081963564,12.127032279968262,0.38142869844120625,7.057970143471473,145,manuscript_frozen_centers,0.0,0.6467616644461078,0.40422604914305127,-0.6467616644461078,12.36931687685298,0.42026082973752116
2.4789886474609375,0.0,13.02571610299987,True,all_groundtruth_centers,original_epoch_098,139,0.8981308003378764,0.2886515687734171,-0.3317247915503012,15.521011352539062,0.2321395497437785,14.09699836587998,145,manuscript_frozen_centers,0.0,0.7777777689474599,0.44444445217097245,-0.44444445217097245,18.0,0.3333333292168117
0.023411881435073667,0.7071067811865476,28.21960266675653,True,all_groundtruth_centers,original_epoch_098,140,-0.4415308465765466,0.8202996057569919,-0.3635368871467128,14.514788627624512,0.7773902265665151,45.64687534052181,145,manuscript_frozen_centers,0.0,-0.3450327589048059,0.552052443320609,-0.7590721277364121,14.491376746189438,0.8200709855136443
0.7932301843583947,0.7071067811865476,9.86414132340665,True,all_groundtruth_centers,original_epoch_098,141,0.31055428372624344,0.629356028293198,-0.712367199209994,11.12314510345459,0.5788017934365985,12.324916436605712,145,manuscript_frozen_centers,0.0,0.4195906943424165,0.5035088110820974,-0.7552632166231462,11.916375287812984,0.5387064640439126
0.54594014365356,1.689628646627492,43.74771775367858,True,all_groundtruth_centers,original_epoch_098,142,-0.6657254846112712,0.7134244923501641,0.21871230613296258,9.16144847869873,0.8440257448050428,80.07110917586812,145,manuscript_frozen_centers,0.0,-0.722305303204435,0.4886003938677806,-0.489433043505441,8.61550833504517,0.9279831041658404
1.8837344557841913,0.8660254037844386,16.702806838735313,True,all_groundtruth_centers,original_epoch_098,143,-0.587810144801665,0.30179124879422714,-0.7506006100580165,12.91491413116455,0.7764819827073728,31.80827822803468,145,manuscript_frozen_centers,0.0,-0.4730161587549275,0.06757373510464003,-0.8784585954276622,14.798648586948742,0.8582004840091075
2.4892097876242794,0.7071067811865476,4.627742432467109,True,all_groundtruth_centers,original_epoch_098,144,0.06150581533116486,0.9499547736567259,-0.306272693342465,15.003645896911621,0.6548046795568339,7.915351489408193,145,manuscript_frozen_centers,0.0,0.05716619534893194,0.971825315506121,-0.22866478139572777,17.4928556845359,0.6865980683719082
4.229908278987146,0.5,12.48876407895179,True,matched_groundtruth_centers,original_epoch_098,0,0.8654265590949073,0.21112681930523633,-0.45438126830141545,15.08329963684082,0.19525006153918475,17.713211548563827,124,manuscript_frozen_centers,0.0,0.7766705419241946,0.10355607820223026,-0.6213364692133815,19.313207915827967,0.33416271465104774
1.7466073733664835,0.5,21.492241883714,True,matched_groundtruth_centers,original_epoch_098,1,0.8519205080243639,0.4342442018638296,0.29268314122127925,16.610952377319336,0.21851291110712456,15.26936403039566,124,manuscript_frozen_centers,0.0,0.9805224796011646,0.10894693903213663,0.16342041326686077,18.35755975068582,0.09868515977618429
0.9915409038524778,0.7071067811865476,15.800252087137174,True,matched_groundtruth_centers,original_epoch_098,2,0.6591990964528311,-0.35466490196183637,0.6630756808631817,11.668619155883789,0.9065940587380489,28.69790615750068,124,manuscript_frozen_centers,0.0,-0.6556100634380707,0.09365858166099718,-0.7492686532879774,10.677078252031311,0.9098379201047015
0.613217359834243,0.5,18.404746658906113,True,matched_groundtruth_centers,original_epoch_098,3,-0.1740186195578236,0.981697259585961,-0.07738223677694821,14.910957336425781,0.7678034897453158,28.30955557969683,124,manuscript_frozen_centers,0.0,-0.1932469834375364,0.9018192817640698,-0.3864939668750728,15.524174696260024,0.7724140840546581
1.78908730938379,0.0,7.986610022706805,True,matched_groundtruth_centers,original_epoch_098,4,0.4447421757584589,-0.21762786245765128,0.8688167301472421,12.771132469177246,0.794072558961753,22.58290505133484,124,manuscript_frozen_centers,0.0,-0.549442255794756,0.137360563948689,-0.8241633836921342,14.560219778561036,0.8801824466656047
0.03724412817343925,0.7071067811865476,9.072351220743048,True,matched_groundtruth_centers,original_epoch_098,5,0.8915797521188636,-0.44700569840966786,-0.07260476018106977,15.774144172668457,0.959725160938821,17.487572415615386,124,manuscript_frozen_centers,0.0,-0.8221921848997131,0.5692099885717361,0.0,15.811388300841896,0.9545135345194468
0.6667628441889377,0.8660254037844386,2.488683634826282,True,matched_groundtruth_centers,original_epoch_098,6,0.7073842680339926,0.2864937468122585,-0.646164708395225,11.010843276977539,0.3882951351422739,2.6096692360486937,124,manuscript_frozen_centers,0.0,0.6767155381753457,0.2900209661112529,-0.6767155381753457,10.344080432788601,0.40204753515231134
0.6750982119017301,0.7071067811865476,15.72436969209082,True,matched_groundtruth_centers,original_epoch_098,7,0.9394870068196836,-0.09948338402377642,0.32782193386070074,11.57235050201416,0.9763095917256253,32.04019109556674,124,manuscript_frozen_centers,0.0,-0.8164966017753487,0.0816496539232479,-0.5715475774627352,12.24744871391589,0.9530206166102841
2.5748529470341737,0.0,26.527879788659824,True,matched_groundtruth_centers,original_epoch_098,8,0.3166678127971476,-0.4032268222349969,0.8585625348036896,11.567282676696777,0.7712659777153261,40.44522576792514,124,manuscript_frozen_centers,0.0,-0.14142135761804392,0.0,-0.9899494934639188,14.142135623730951,0.755453961702963
1.299469606655041,0.7071067811865476,57.84545668364007,True,matched_groundtruth_centers,original_epoch_098,9,0.6515525187473297,-0.711243025961827,0.26384213714771665,16.19338607788086,0.08345206238373121,11.759316005793604,124,manuscript_frozen_centers,0.0,0.9718253136279184,0.057166197227134584,-0.22866478890853834,17.4928556845359,0.11869010599583531
0.3141529668079208,0.5,18.554014303968973,True,matched_groundtruth_centers,original_epoch_098,10,0.7745368419354172,0.36580494093033905,0.5160226987988625,11.892402648925781,0.2730877605777089,21.36998779404144,124,manuscript_frozen_centers,0.0,0.6553855407518844,0.1638463851879711,0.7373087243714094,12.206555615733702,0.41509907832353626
2.612953168836052,0.5,35.143185558016775,True,matched_groundtruth_centers,original_epoch_098,11,0.9090001218756872,-0.11449614068023667,0.40076104126937934,12.651384353637695,0.9601307127405482,69.48237320959078,124,manuscript_frozen_centers,0.0,-0.5240974085212615,0.0,-0.851658327254127,15.264337522473747,0.8729540200479509
6.857151969909925,0.5,3.1366393406524145,True,matched_groundtruth_centers,original_epoch_098,12,0.44124165271991134,0.6455885717700772,0.6233146877018646,11.281205177307129,0.49506117510536346,5.51198700990842,124,manuscript_frozen_centers,0.0,0.44105426959657207,0.6064496488823797,0.661581404394858,18.138357147217054,0.5286519360426639
1.7832551988700622,0.7071067811865476,8.94932203641879,True,matched_groundtruth_centers,original_epoch_098,13,0.4382715569210905,0.4400046802936011,-0.7837818087412396,10.944666862487793,0.5827876298009587,11.060409891650076,124,manuscript_frozen_centers,0.0,0.3928371086724435,0.31426968152901075,-0.8642416174435995,12.727922061357855,0.5509822705051494
1.328356151119241,0.8660254037844386,2.492671648545357,True,matched_groundtruth_centers,original_epoch_098,14,-0.1709989831737079,0.9565347843898889,0.23622140886411325,16.643844604492188,0.7440096571392675,5.109122620812318,124,manuscript_frozen_centers,0.0,-0.1669244683026148,0.9459053008734389,0.27820744717102464,17.97220075561143,0.7638469925393556
0.3669731391793647,0.7071067811865476,15.97617179140953,True,matched_groundtruth_centers,original_epoch_098,15,0.7838104456415853,0.590812742887008,-0.19126287707098263,16.5445613861084,0.3243008924992891,13.612077097727337,124,manuscript_frozen_centers,0.0,0.8869685994627274,0.354787439785091,-0.29565617892726065,16.911534525287763,0.23773032370345365
1.1995734048587927,0.5,13.951584867617688,True,matched_groundtruth_centers,original_epoch_098,16,-0.6154825648048715,0.7678922547931005,-0.17754632479999427,15.323138236999512,0.8842727873677656,31.00386436473162,124,manuscript_frozen_centers,0.0,-0.7867958112374587,0.6052275082992552,-0.12104550638939107,16.522711641858304,0.9451972745220135
3.0033806209923206,0.7071067811865476,18.36415050191647,True,matched_groundtruth_centers,original_epoch_098,17,-0.0034095620761036994,0.5427575734959214,-0.839882486601113,14.026005744934082,0.7150788018674212,28.563466306863333,124,manuscript_frozen_centers,0.0,-0.17616606585441105,0.29361010975735174,-0.9395523512235257,17.029386365926403,0.7668657275792997
1.2594415063740385,0.7071067811865476,11.924232991810515,True,matched_groundtruth_centers,original_epoch_098,18,0.8222088329928272,-0.5498412382774872,0.1471300364917125,15.750818252563477,0.9602537987978426,24.077103253895693,124,manuscript_frozen_centers,0.0,-0.7590721072564882,0.5520524589744059,-0.34503277891456374,14.491376746189438,0.9378358390719451
2.630150226753459,0.7071067811865476,14.368802781492645,True,matched_groundtruth_centers,original_epoch_098,19,0.7046751541995059,-0.21750739853235704,-0.67536912769062,12.926198959350586,0.9280485663017396,30.04726514259846,124,manuscript_frozen_centers,0.0,-0.5142594845861583,0.19284730671980937,0.8356716453273346,15.556349186104045,0.8701320262007087
3.0527426169089473,1.6583123951777,7.747074181326092,True,matched_groundtruth_centers,original_epoch_098,20,0.7256147048654306,-0.2289617861270502,-0.6488912085831993,14.440113067626953,0.9249344967775289,15.517821333002779,124,manuscript_frozen_centers,0.0,-0.6288281366730085,0.22866477997416973,0.7431605431720099,17.4928556845359,0.9024489248893479
0.17994529353808275,0.0,13.886549805547793,True,matched_groundtruth_centers,original_epoch_098,21,0.7127510964955948,0.6340363981757277,-0.29997286582735666,12.934931755065918,0.3843963912340003,11.214040769755833,124,manuscript_frozen_centers,0.0,0.7624928516630234,0.45749571099781394,-0.45749571099781394,13.114877048604,0.3446064016473354
2.5892738204926715,0.0,13.614775198057973,True,matched_groundtruth_centers,original_epoch_098,22,-0.4724837341707785,0.31374103376087276,0.8236052966553189,12.510395050048828,0.845441483786973,24.493637431412502,124,manuscript_frozen_centers,0.0,-0.2649064599076787,0.2649064599076787,0.9271726565200049,15.0996688705415,0.7952692856348018
0.29532901607229256,0.7071067811865476,12.980797897124363,True,matched_groundtruth_centers,original_epoch_098,23,0.6766323248798607,0.5024100658966717,0.5382869333481693,11.452011108398438,0.35254404758133956,15.936531194127959,124,manuscript_frozen_centers,0.0,0.5958795993960959,0.6810051996246095,0.4256282663402351,11.74734012447073,0.4495110920325989
2.02469221832769,0.7071067811865476,15.260777336882544,True,matched_groundtruth_centers,original_epoch_098,24,0.2430810552619461,0.4447184063288056,-0.8620540236232913,15.807862281799316,0.6326042860551211,21.742758853857435,124,manuscript_frozen_centers,0.0,0.056077212834326144,0.6168493466001789,-0.7850810339064791,17.832554500127006,0.6869944798257847
0.2613292670545171,0.7071067811865476,5.081183110425621,True,matched_groundtruth_centers,original_epoch_098,25,-0.4513377510340376,0.8750666904145835,0.17479279681498502,17.345487594604492,0.8312152804267632,11.97744742237965,124,manuscript_frozen_centers,0.0,-0.5111656607208819,0.8519427450112106,0.11359237000145676,17.60681686165901,0.8692426667450841
6.055672508580422,0.0,15.635529609873824,True,matched_groundtruth_centers,original_epoch_098,26,0.6767876001607736,-0.5638563608895406,-0.4733123160800118,17.26813507080078,0.8710099381982332,27.204837027554632,124,manuscript_frozen_centers,0.0,-0.5144957554275265,0.5144957554275265,0.6859943405700354,23.323807579381203,0.8701999012842127
3.5359039306640625,0.0,1.928940174751901,True,matched_groundtruth_centers,original_epoch_098,27,0.3586897127707996,0.6740246315182008,0.6457805246824613,14.464096069335938,0.5243196470007168,7.587022394277169,124,manuscript_frozen_centers,0.0,0.3333333333333333,0.6666666666666666,0.6666666666666666,18.0,0.5773502582082582
0.9525183516067468,0.5,16.10125613418465,True,matched_groundtruth_centers,original_epoch_098,28,0.08988985165984993,0.5652818042795728,-0.8199855464085943,11.736059188842773,0.6620801187057371,21.699613036084838,124,manuscript_frozen_centers,0.0,0.07881104226041052,0.3152441690416421,-0.945732485168545,12.68857754044952,0.6786711109999187
0.3470950547539555,3.0,72.86567216647666,True,matched_groundtruth_centers,original_epoch_098,29,0.018631407841391303,0.7293913294984037,-0.6838429345210777,13.423791885375977,0.5629239853151473,83.4612061378835,124,manuscript_frozen_centers,0.0,0.8411910154172574,0.07647191229523068,0.5353033926767081,13.076696830622021,0.2817880178532802
3.6435522162270786,0.8660254037844386,2.940260655589232,True,matched_groundtruth_centers,original_epoch_098,30,0.49093729083642096,0.23591538684461313,0.8386444459460468,11.422966957092285,0.4733319519812991,6.501502451129482,124,manuscript_frozen_centers,0.0,0.4646063296655145,0.19911699842807765,0.8628402977212712,15.066519173319364,0.5173942608262695
5.467147347970165,1.5811388300841898,21.685441123260023,True,matched_groundtruth_centers,original_epoch_098,31,0.6507261859200141,0.4129529836923342,0.6372011175583341,10.470230102539062,0.3038800072463899,13.645051022194659,124,manuscript_frozen_centers,0.0,0.878438127193422,0.18823674154144754,0.439219063596711,15.937377450509228,0.24653790291820243
1.6804057263833663,0.0,7.0078740111822295,True,matched_groundtruth_centers,original_epoch_098,32,0.9398218789291725,0.32332813732710153,-0.1104253209124929,15.869523048400879,0.2578123284277698,6.497391872592934,124,manuscript_frozen_centers,0.0,0.9116846144398909,0.3418817215510168,-0.22792115360997273,17.549928774784245,0.2101373321327486
6.7321998570895065,2.692582403567252,54.586395277719305,True,matched_groundtruth_centers,original_epoch_098,33,-0.14792040366356324,0.8475100948456229,-0.5097511091844448,16.631694793701172,0.6893985599074618,77.100498481947,124,manuscript_frozen_centers,0.0,-0.10101525168862262,0.9091372953227866,0.40406100675449047,9.899494936611665,0.7419620163520865
0.41215441791579366,0.7071067811865476,20.384917456938666,True,matched_groundtruth_centers,original_epoch_098,34,0.49374123453147556,0.4911221428021495,-0.717647987646283,16.140790939331055,0.3323140682330553,17.75772930899752,124,manuscript_frozen_centers,0.0,0.6645342958909809,0.18123662945972663,-0.7249465178389065,16.55294535724685,0.40955202437324123
0.7122904181713618,0.7071067811865476,2.8672215919432595,True,matched_groundtruth_centers,original_epoch_098,35,0.12487345125881633,0.9206140779095879,-0.36996802662580347,13.75069522857666,0.6395577277335179,7.162735448517403,124,manuscript_frozen_centers,0.0,0.07669649749790969,0.9203579919061394,-0.3834824820067427,13.038404810405298,0.6794495956699901
3.763454508994485,0.7071067811865476,12.1948831058034,True,matched_groundtruth_centers,original_epoch_098,36,-0.587482082420341,0.7091959346765793,0.38975111170242066,13.614692687988281,0.8136051399196815,23.938734911743264,124,manuscript_frozen_centers,0.0,-0.5178918289175802,0.6329788601989589,0.5754353274535989,17.378147196982766,0.8711750047849692
1.2650404483939752,0.0,2.103341781619151,True,matched_groundtruth_centers,original_epoch_098,37,-0.09524276012562283,0.9948934841039727,0.03340317247076165,16.84572982788086,0.7287625601555663,4.160374734885889,124,manuscript_frozen_centers,0.0,-0.11043153265959423,0.9938837339419802,0.0,18.110770276274835,0.745128025279666
3.6298222627866146,2.692582403567252,59.16220173665248,True,matched_groundtruth_centers,original_epoch_098,38,0.7544054548353769,0.5959654095097527,0.275132041722699,12.022653579711914,0.39465131882949017,75.11148559245184,124,manuscript_frozen_centers,0.0,0.0,0.4472135954999579,0.8944271909999159,15.652475842498529,0.7071067848608432
0.021076362070223453,0.0,4.329090352453597,True,matched_groundtruth_centers,original_epoch_098,39,0.8885131291976321,0.4137578716368455,-0.19836542768834425,15.341215133666992,0.2600986160807978,6.182055437296237,124,manuscript_frozen_centers,0.0,0.9113223725178214,0.39056674118857515,-0.1301889166781318,15.362291495737216,0.2105678302348739
2.3834938587715193,0.7071067811865476,13.2712883280119,True,matched_groundtruth_centers,original_epoch_098,40,0.5806066897038573,0.27326937045676886,-0.7669548376803487,12.913564682006836,0.5336028147081187,14.813481519339026,124,manuscript_frozen_centers,0.0,0.5229763603684907,0.06537204504606134,-0.8498365855987975,15.297058540778355,0.48837671091001966
0.19979574766600017,0.5,8.531269148556197,True,matched_groundtruth_centers,original_epoch_098,41,0.4917491197009888,-0.41075589005252133,0.7677645485827432,14.531124114990234,0.8622883780599925,17.257906881369365,124,manuscript_frozen_centers,0.0,-0.6109597891604871,0.40730654824464024,-0.6788442470744004,14.730919862656235,0.897485320782262
0.893046334284314,0.7071067811865476,10.363062251920185,True,matched_groundtruth_centers,original_epoch_098,42,0.13597448424431824,0.4022478599179186,-0.9053770478789189,11.516627311706543,0.5455097128690483,23.02756129294175,124,manuscript_frozen_centers,0.0,0.08058229458297068,0.24174688924329188,-0.9669875569731675,12.409673645990857,0.6780183243721525
0.24847974280615048,0.7071067811865476,1.264216175374954,True,matched_groundtruth_centers,original_epoch_098,43,-0.4635415291719916,0.8858798736490077,0.018603768341646502,15.01330280303955,0.8070193287048338,10.894811448621232,124,manuscript_frozen_centers,0.0,-0.47409982924527755,0.880471096578189,0.0,14.7648230602334,0.8585161131367021
,,,False,matched_groundtruth_centers,original_epoch_098,44,,,,,,,124,manuscript_frozen_centers,,,,,,
1.2356019645173149,0.5,5.068742843914387,True,matched_groundtruth_centers,original_epoch_098,45,0.9197397297176623,-0.38287400676154654,-0.08652354896350864,16.228647232055664,0.9525634832000109,15.34286255166332,124,manuscript_frozen_centers,0.0,-0.9161573362997725,0.4008188308252315,0.0,17.46424919657298,0.9788149313284379
0.744847413729719,0.9013878188659973,11.641566359547756,True,matched_groundtruth_centers,original_epoch_098,46,0.06058550592161535,0.7758714175306224,-0.6279752701589804,15.294167518615723,0.7218739186778776,17.764789814709747,124,manuscript_frozen_centers,0.0,-0.12469594083091269,0.717001620035947,-0.6858276745700197,16.03901493234544,0.7498986470667879
1.6099193413245683,0.7071067811865476,22.67461293960228,True,matched_groundtruth_centers,original_epoch_098,47,0.8500451955062205,-0.14514033245832195,-0.5063175382017485,13.42337703704834,0.9749533067837226,50.64341810486662,124,manuscript_frozen_centers,0.0,-0.5986711159347993,0.06651901334461457,0.7982281101345913,15.033296378372908,0.8940556760466345
0.1624664436175749,0.5,13.340505469323004,True,matched_groundtruth_centers,original_epoch_098,48,0.8486469596570128,0.43312376232126204,0.3036480600589822,11.54223346710205,0.3043273801110139,8.674212979758643,124,manuscript_frozen_centers,0.0,0.8543576577167611,0.5126145946300567,0.08543576577167611,11.704699910719626,0.2698539799947482
,,,False,matched_groundtruth_centers,original_epoch_098,49,,,,,,,124,manuscript_frozen_centers,,,,,,
1.6400238394970454,0.7071067811865476,13.672002649432626,True,matched_groundtruth_centers,original_epoch_098,50,0.15481166739642377,0.9314956383368567,-0.32916443215716806,14.678428649902344,0.6369554676490765,24.1393633039643,124,manuscript_frozen_centers,0.0,-0.07669649828741361,0.9203579794489632,-0.38348251174606446,13.038404810405298,0.7337221748507884
1.9207986914468052,0.8660254037844386,36.06199580961169,True,matched_groundtruth_centers,original_epoch_098,51,0.7178688778098568,0.634741515072905,-0.28595014130958196,13.145720481872559,0.28721221221632964,25.058974338146797,124,manuscript_frozen_centers,0.0,0.7300956317704312,0.5973509935738125,0.33186165633606096,15.066519173319364,0.367358379663398
1.0281707246844736,0.7071067811865476,8.974845874421959,True,matched_groundtruth_centers,original_epoch_098,52,0.8740255195682469,-0.48079408142820945,-0.0701173474046209,15.380870819091797,0.9537648400442508,19.960983600428627,124,manuscript_frozen_centers,0.0,-0.9057529213209063,0.4180398027949525,-0.06967330046582541,14.352700094407323,0.9761539133987044
3.0593090970042205,2.5,13.224505917827896,True,matched_groundtruth_centers,original_epoch_098,53,0.7323346597772252,-0.3405868273149265,0.5896495222999236,14.087119102478027,0.9273138113694583,26.170553498043287,124,manuscript_frozen_centers,0.0,-0.5832118524065523,0.29160592620327613,-0.7581753880307955,17.146428199482248,0.8897223892242117
3.5797527764953294,0.0,11.0773569377252,True,matched_groundtruth_centers,original_epoch_098,54,0.11855316137932245,0.9262837812142316,0.35769191294525204,13.03349494934082,0.6081063306215417,13.597671504508355,124,manuscript_frozen_centers,0.0,0.24077171107867185,0.8427009645901936,0.4815434221573437,16.61324772583615,0.6161283502812128
0.06996742435680048,0.7071067811865476,18.13437922766406,True,matched_groundtruth_centers,original_epoch_098,55,0.8210746952435041,0.36651475442651615,0.4376108769425842,17.099353790283203,0.22960392185889308,8.721887280577214,124,manuscript_frozen_centers,0.0,0.8808303386788201,0.05872201978067839,0.4697761582454271,17.029386365926403,0.24410005440230706
0.564193666126414,0.5,16.326438488547343,True,matched_groundtruth_centers,original_epoch_098,56,0.44672248670663967,0.8621778502770715,0.2389317357787446,16.595413208007812,0.4868901943581359,16.468877436258033,124,manuscript_frozen_centers,0.0,0.6237828853477357,0.6861611257826449,0.37426971746582305,16.0312195418814,0.43371484204621386
3.797433681319564,0.8660254037844386,9.050356243069466,True,matched_groundtruth_centers,original_epoch_098,57,-0.2911827768058313,0.6762705445559093,-0.6766614670998338,16.077173233032227,0.801254966622265,15.255960839764057,124,manuscript_frozen_centers,0.0,-0.3522082162744436,0.5534700645011547,-0.7547319127278656,19.87460691435179,0.8222555085643134
3.9678319726236175,0.7071067811865476,4.010986145006305,True,matched_groundtruth_centers,original_epoch_098,58,0.4873986815727141,-0.4730646602064758,0.7339293920159566,12.825023651123047,0.8447917355224084,7.525765194764585,124,manuscript_frozen_centers,0.0,-0.47639306020616834,0.4168439233445485,-0.7741387445142675,16.792855623746664,0.8591836527118489
,,,False,matched_groundtruth_centers,original_epoch_098,59,,,,,,,124,manuscript_frozen_centers,,,,,,
2.4874241044132557,0.5,1.1043897617156428,True,matched_groundtruth_centers,original_epoch_098,60,0.7811078771962335,-0.4056001973313636,-0.4747198796203427,12.6453218460083,0.9303335577345552,5.869760626368304,124,manuscript_frozen_centers,0.0,-0.7929823224703939,0.39649116123519695,0.4625730161950925,15.132745950421556,0.9468321695891819
4.302255400402366,0.0,2.0422382668249255,True,matched_groundtruth_centers,original_epoch_098,61,0.45367942438803494,0.5175543283591943,-0.7254739809831947,14.67141056060791,0.538542357525106,2.2005733319620577,124,manuscript_frozen_centers,0.0,0.42163702258733465,0.5270462920891155,-0.7378647756728884,18.973665961010276,0.537755967115548
2.533380369370702,0.7071067811865476,17.757216415923683,True,matched_groundtruth_centers,original_epoch_098,62,0.2588239395826723,0.3341259899840042,0.9062946491710707,11.819319725036621,0.29228736372123715,34.345962777252616,124,manuscript_frozen_centers,0.0,0.4180398154810011,0.06967330488217702,0.9057529151260877,14.352700094407323,0.5394256944267405
0.2826276696371792,0.8660254037844386,6.323011217522016,True,matched_groundtruth_centers,original_epoch_098,63,0.7709005613903313,0.5941989075578774,-0.22943404870484474,15.349146842956543,0.31753024427832494,7.456041588752284,124,manuscript_frozen_centers,0.0,0.7300956317704312,0.5973509935738125,-0.33186165633606096,15.066519173319364,0.367358379663398
2.9312673330934587,0.0,18.348517772022443,True,matched_groundtruth_centers,original_epoch_098,64,0.8468672287588079,-0.15051229901958518,-0.5100607264808924,15.61596965789795,0.9646710878105379,39.36082951477845,124,manuscript_frozen_centers,0.0,-0.646996644757806,0.10783277138953608,0.7548294079370473,18.547236990991408,0.9074680805830716
2.704240783691663,0.5,11.280697335865263,True,matched_groundtruth_centers,original_epoch_098,65,0.5666077509250523,0.6433030755875023,-0.5148949499959329,15.43411636352539,0.47859608520638525,13.139833484621647,124,manuscript_frozen_centers,0.0,0.44105426959657207,0.6064496488823797,-0.661581404394858,18.138357147217054,0.5286519360426639
0.7597868260578835,0.7071067811865476,10.390754930423887,True,matched_groundtruth_centers,original_epoch_098,66,0.7444076740088095,-0.6158958666982763,0.25793312362078114,15.793158531188965,0.9202024325806123,19.377110635131945,124,manuscript_frozen_centers,0.0,-0.7249465119962123,0.5437098839971592,-0.42288546533112387,16.55294535724685,0.9286943901969766
3.905938757351855,0.0,10.345624760440641,True,matched_groundtruth_centers,original_epoch_098,67,0.47189594283448244,0.7015424934187692,-0.5339965815097799,13.298711776733398,0.46396109186186574,17.832781062277665,124,manuscript_frozen_centers,0.0,0.34874293140530205,0.8137334630904925,-0.4649905577983178,17.204650534085253,0.5706387189035661
3.194083285544778,0.7071067811865476,83.29144612736282,True,matched_groundtruth_centers,original_epoch_098,68,0.002377357132709795,0.8876570228289388,0.46049903148163973,14.184063911437988,0.2588893660400413,126.78364008090603,124,manuscript_frozen_centers,0.0,-0.5178918003720376,0.2877176478681657,-0.8056094824495426,17.378147196982766,0.8711750163599209
2.416204022681166,0.0,21.19537528977829,True,matched_groundtruth_centers,original_epoch_098,69,0.9734481068192685,0.16126642441737238,0.1624559130521815,9.415955543518066,0.23370077553797755,11.981028317386755,124,manuscript_frozen_centers,0.0,0.8451542451654442,0.16903085171074908,0.5070925685205485,11.832159566199232,0.2782496668611274
3.5673337602317616,0.5,2.46025038430301,True,matched_groundtruth_centers,original_epoch_098,70,0.09025066347540546,0.5556571126049227,0.8264986333647559,13.666354179382324,0.7230838788376613,6.882769308027354,124,manuscript_frozen_centers,0.0,0.05802588341778301,0.580258845034225,0.8123624004181467,17.233687939614086,0.6862849625780348
2.367926407604955,0.0,8.69231774472822,True,matched_groundtruth_centers,original_epoch_098,71,0.7324315715589006,-0.6668552783014122,0.1372881305332153,10.438322067260742,0.9480829177363934,16.516973629735904,124,manuscript_frozen_centers,0.0,-0.7808688094430304,0.6246950475544242,0.0,12.806248474865697,0.9436283157665946
2.1724376555877676,0.5,19.369940055877116,True,matched_groundtruth_centers,original_epoch_098,72,0.9134424305750084,0.3592895325514119,0.1911385827723143,15.40595817565918,0.2154958069190432,12.007788360618488,124,manuscript_frozen_centers,0.0,0.9670962126604284,0.22755204320393269,-0.11377602160196634,17.578395831246947,0.12826494106559394
3.731111718341026,0.5,9.123696032748182,True,matched_groundtruth_centers,original_epoch_098,73,0.881760451065622,-0.420827411611762,0.213079319908563,15.47826099395752,0.9641665179893455,17.757401011717423,124,manuscript_frozen_centers,0.0,-0.8329267277103245,0.41646336385516225,-0.36440545115600775,19.209372712298546,0.9573209340119018
2.6255335392524763,0.7071067811865476,13.62376191860833,True,matched_groundtruth_centers,original_epoch_098,74,-0.5981997033391413,0.26926836621300865,-0.7547527157168368,12.671525001525879,0.5722904840887263,55.289392253477246,124,manuscript_frozen_centers,0.0,-0.522976358471147,0.06537204480889337,-0.8498365867846372,15.297058540778355,0.8726329123649363
1.8415391337169815,0.5,16.426726624287163,True,matched_groundtruth_centers,original_epoch_098,75,-0.3267019675801046,0.942139671280381,0.0750910392722318,14.048094749450684,0.8129892968317214,32.28525165668632,124,manuscript_frozen_centers,0.0,-0.573462348873371,0.8192319173620105,0.0,12.206555615733702,0.8869786755085326
1.6066436767578125,0.5,12.155535036110695,True,matched_groundtruth_centers,original_epoch_098,76,0.5232208122746713,0.8515978327420735,0.03195485677696969,16.606643676757812,0.41309352208308164,9.986711245701619,124,manuscript_frozen_centers,0.0,0.6666666674777831,0.7333333342255615,0.13333332437049658,15.0,0.40824829707491006
1.4383206741772323,0.5,6.257234215921201,True,matched_groundtruth_centers,original_epoch_098,77,0.4726469286541986,0.420069450445216,-0.7746912531043624,12.879500389099121,0.5381376840784671,6.738145768275074,124,manuscript_frozen_centers,0.0,0.41905817813609625,0.34921514383869323,-0.8381163562721925,14.317821063276353,0.5389535319428591
7.6689522287644465,0.0,5.827036818975763,True,matched_groundtruth_centers,original_epoch_098,78,0.38999223264846317,-0.49878682481876435,0.7740269774762908,11.926965713500977,0.8038846878183431,11.912601849021014,124,manuscript_frozen_centers,0.0,-0.408248290463863,0.408248290463863,-0.816496580927726,19.595917942265423,0.8391210569704111
3.3756977815449183,0.7071067811865476,36.074560306116844,True,matched_groundtruth_centers,original_epoch_098,79,0.16636974495890897,0.6308555250106528,0.7578538213440907,14.899969100952148,0.611591159984743,45.208876453557714,124,manuscript_frozen_centers,0.0,0.16415269280546915,0.054717566189326126,0.9849161798828518,18.275666882497067,0.646470163663968
1.5464897340012556,0.5,8.332483141036061,True,matched_groundtruth_centers,original_epoch_098,80,0.9965590443344201,-0.0046785002266865735,-0.08275374789637105,9.608747482299805,0.9930256354391587,17.792267964487053,124,manuscript_frozen_centers,0.0,-0.9922778767136677,0.12403473458920847,0.0,8.06225774829855,0.9980676021187452
1.9762782307871838,0.5,7.404464609983821,True,matched_groundtruth_centers,original_epoch_098,81,0.9346864876855824,0.34804870706854507,-0.07227217476943366,13.156618118286133,0.228696979954476,3.394606497724109,124,manuscript_frozen_centers,0.0,0.8944271909999159,0.4472135954999579,0.0,11.180339887498949,0.22975291996256378
0.6788993777256156,0.7071067811865476,5.180454871376568,True,matched_groundtruth_centers,original_epoch_098,82,-0.062117573243725625,0.8376168263803607,-0.5427148968462197,13.869805335998535,0.7154360270395159,10.607192383684508,124,manuscript_frozen_centers,0.0,-0.15161961277865926,0.8339078506453794,-0.5306686250880609,13.19090595827292,0.7588213059093609
0.3827210190042507,0.7071067811865476,11.027223147958562,True,matched_groundtruth_centers,original_epoch_098,83,-0.3592280500017106,0.6838259606313226,-0.6350883904297236,16.995426177978516,0.8043941479972433,23.234736975155762,124,manuscript_frozen_centers,0.0,-0.5178918289175802,0.5754353274535989,-0.6329788601989589,17.378147196982766,0.8711750047849692
0.32265087903505396,0.8660254037844386,11.93924495099899,True,matched_groundtruth_centers,original_epoch_098,84,0.9776995997845304,-0.05764527017759546,-0.2019418614535411,13.641589164733887,0.9991755059499945,163.70196484779686,124,manuscript_frozen_centers,0.0,0.9309493362512627,0.07161148740394328,-0.35805743701971643,13.96424004376894,0.18580993321527983
2.54042842873179,0.5,12.603379018420659,True,matched_groundtruth_centers,original_epoch_098,85,0.4523534356011231,0.5550290654528875,-0.6980824491436199,14.341514587402344,0.5591407534102674,15.2671663565552,124,manuscript_frozen_centers,0.0,0.2961744300658569,0.47387909815297685,-0.8292884343272167,16.881943016134134,0.5932223755924141
2.9122959540061153,0.7071067811865476,28.57124949978803,True,matched_groundtruth_centers,original_epoch_098,86,0.3948545803585575,-0.4815160616774461,0.7824526456703366,14.580559730529785,0.8049937612943326,45.39481587292166,124,manuscript_frozen_centers,0.0,-0.22866478547100852,0.05716619636775213,-0.9718253144873009,17.4928556845359,0.7837935823485999
2.0072036155131965,0.5,18.99902999286915,True,matched_groundtruth_centers,original_epoch_098,87,0.30430752759685514,0.7884209172527522,0.5345927289874208,12.170243263244629,0.526784290136326,23.539517178634277,124,manuscript_frozen_centers,0.0,0.2821382504269395,0.564276500853879,0.7758801700199122,14.177446878757825,0.599108393356808
2.9642040147562767,2.598076211353316,45.25933089582313,True,matched_groundtruth_centers,original_epoch_098,88,0.21433753728045635,0.5987234358963219,-0.7717445609922053,12.815529823303223,0.6214240005481156,175.23037124697348,124,manuscript_frozen_centers,0.0,-0.4436069755784506,0.1267448464068643,0.8872139511569012,15.7797338380595,0.8495901981788271
1.5429101814434603,0.5,2.8891016196451575,True,matched_groundtruth_centers,original_epoch_098,89,0.9371642978121962,-0.05022784746919745,-0.34525388085405234,13.247610092163086,0.9901162175039542,6.888447996452777,124,manuscript_frozen_centers,0.0,-0.939793428789684,0.0,0.34174304850827525,11.704699910719626,0.9848333415854833
1.0248921800861055,0.5,8.39512589362355,True,matched_groundtruth_centers,original_epoch_098,90,0.6652776311444544,0.5732322785737054,0.4783413303280631,12.279242515563965,0.35864319282855406,12.89130957181655,124,manuscript_frozen_centers,0.0,0.6013168171226034,0.5261522316697737,0.6013168171226034,13.30413469565007,0.44647685749630306
1.365036650757446,0.5,9.023908932706776,True,matched_groundtruth_centers,original_epoch_098,91,0.9781461675151957,-0.19799538674519696,-0.06346575299289019,16.6627197265625,0.9979708821268363,18.493027083816514,124,manuscript_frozen_centers,0.0,-0.9984603531136778,0.055470021273748775,0.0,18.027756377319946,0.9996150141805977
3.878148691432873,0.7071067811865476,8.765523221305385,True,matched_groundtruth_centers,original_epoch_098,92,-0.509183772293473,0.7235274601009051,-0.46609001331601346,13.614706993103027,0.8659987765740013,17.910649451783282,124,manuscript_frozen_centers,0.0,-0.628828143795796,0.628828143795796,-0.4573295651285486,17.4928556845359,0.9024489229922676
0.8617000438614824,0.7071067811865476,7.396494867543814,True,matched_groundtruth_centers,original_epoch_098,93,0.7529320426513377,-0.653329469967118,0.07908187416449408,12.944746017456055,0.9310810471979009,14.792930438832368,124,manuscript_frozen_centers,0.0,-0.6620847028209084,0.74484530701941,-0.08276058785261355,12.083045973594572,0.9116152536003759
1.4540908035446236,0.5,16.279219780163057,True,matched_groundtruth_centers,original_epoch_098,94,0.2137576398152769,0.18102498653254526,0.9599675128208737,14.701403617858887,0.5386593096468991,34.97370017617911,124,manuscript_frozen_centers,0.0,-0.06189844605901728,0.12379689211803456,0.9903751369442765,16.15549442140351,0.7286626325272987
5.101566001038208,0.5,17.295185704967626,True,matched_groundtruth_centers,original_epoch_098,95,0.5489280864098511,0.5383757927764627,-0.639397733576476,12.926190376281738,0.45053491122187395,19.621830183728537,124,manuscript_frozen_centers,0.0,0.44376016219659614,0.33282012164744706,-0.832050289990833,18.027756377319946,0.5273707691653469
1.8440425445380626,0.5,4.883595857145241,True,matched_groundtruth_centers,original_epoch_098,96,0.7862731704381387,0.38895551096065384,-0.48009177449993273,14.919012069702148,0.3368745314300498,6.730920774076469,124,manuscript_frozen_centers,0.0,0.8351699785640276,0.3579299982282874,-0.4175849892820138,16.76305461424021,0.28708014373576873
4.3099782889298375,0.7071067811865476,5.827617804624039,True,matched_groundtruth_centers,original_epoch_098,97,-0.1629662310088711,0.9306480036129662,-0.32762219235266005,15.43843936920166,0.8007236439401202,13.887602916041722,124,manuscript_frozen_centers,0.0,-0.10127394345355574,0.9621023975452135,-0.2531848435730664,19.748417658131498,0.7420491473301435
1.1858399443001701,0.7071067811865476,14.2472496346121,True,matched_groundtruth_centers,original_epoch_098,98,0.9322754107466481,-0.17961499500375372,0.3140079809287815,15.000574111938477,0.9855129609906829,178.12080256924315,124,manuscript_frozen_centers,0.0,0.9267030975709244,0.061780205207426456,0.37068123124455876,16.186414056238647,0.1914378593188505
5.981737922602072,0.8660254037844386,22.146126607715892,True,matched_groundtruth_centers,original_epoch_098,99,0.6747633244767115,0.4196052510091406,0.6071456903138588,11.766501426696777,0.26848403774741836,32.66260185591005,124,manuscript_frozen_centers,0.0,0.5070925352563261,0.1690308500881041,0.8451542654485065,17.74823934929885,0.4964410672313849
0.5238610859991173,0.5,13.71041489714835,True,matched_groundtruth_centers,original_epoch_098,100,-0.2270667211469383,0.34424092148998703,0.9110098199905987,10.964167594909668,0.7566488488393524,21.709364819782195,124,manuscript_frozen_centers,0.0,0.0,0.2873478894330289,0.9578262840611463,10.44030650891055,0.7071067727029889
3.270411491394043,0.0,5.472625553857522,True,matched_groundtruth_centers,original_epoch_098,101,-0.003518598123561906,0.9954418773860653,-0.09530523707200318,12.729588508605957,0.6717573040844163,9.391544690166048,124,manuscript_frozen_centers,0.0,0.0,1.0,0.0,16.0,0.7071067811865475
1.2658809636470938,0.5,22.458202578692802,True,matched_groundtruth_centers,original_epoch_098,102,0.7381619111983242,-0.5588074834069964,0.3779565971700678,12.082534790039062,0.9419561961771084,42.98811182016649,124,manuscript_frozen_centers,0.0,-0.8320503039188925,0.5547001818536555,0.0,10.816653826391969,0.9570920203819216
1.8943108932225066,0.0,24.593215426979516,True,matched_groundtruth_centers,original_epoch_098,103,0.5745073374155318,0.7231292041538087,-0.38343900865143554,12.802627563476562,0.4747922826981581,31.54069338960389,124,manuscript_frozen_centers,0.0,0.27216553155021295,0.6804138165249108,-0.6804138165249108,14.696938456699069,0.6032555133316496
2.541595674884931,0.7071067811865476,3.1868910155350134,True,matched_groundtruth_centers,original_epoch_098,104,0.7721676078535872,-0.305279628800808,-0.5572804802080455,14.369938850402832,0.9371132122206396,6.082439540823878,124,manuscript_frozen_centers,0.0,-0.768706097499754,0.3547874418041546,0.5321811785517804,16.911534525287763,0.9404004755240839
1.6607485412100118,0.5,5.004429110841646,True,matched_groundtruth_centers,original_epoch_098,105,0.8311119950111022,-0.32814060129854233,-0.44897282493275303,14.370471000671387,0.9588572543227629,10.374778801404563,124,manuscript_frozen_centers,0.0,-0.8732960169563139,0.3118914214299542,0.3742696995572047,16.0312195418814,0.9678057677750953
0.24873969455542522,0.7071067811865476,5.8914815384081605,True,matched_groundtruth_centers,original_epoch_098,106,0.26550898516052074,0.4808135592820901,-0.835657405884444,10.796621322631836,0.5965503291289442,8.173968184641433,124,manuscript_frozen_centers,0.0,0.36214297335614265,0.4526787232916764,-0.8148217230338118,11.045361017187261,0.5647375719423526
1.4711204725588267,0.7071067811865476,33.10924356991617,True,matched_groundtruth_centers,original_epoch_098,107,0.7568896762123819,0.37815151650294654,0.5330285626583602,10.957953453063965,0.32322562372386243,24.370188535782788,124,manuscript_frozen_centers,0.0,0.9486833003761713,0.3162277590398656,0.0,9.486832980505138,0.16018224936054387
1.5055591619955706,0.8660254037844386,37.93495619820514,True,matched_groundtruth_centers,original_epoch_098,108,0.6303064278289998,0.776320033457418,-0.006404115092601638,13.020279884338379,0.3931285557158056,36.64928218296755,124,manuscript_frozen_centers,0.0,0.48189987607263374,0.6195855507680841,-0.6195855507680841,14.52583904633395,0.5089696040984836
2.0802720383723905,0.5,5.446636651109592,True,matched_groundtruth_centers,original_epoch_098,109,0.28673596032866194,0.34545102454844767,-0.8935581003453708,13.314532279968262,0.6567649860078595,12.948001061700367,124,manuscript_frozen_centers,0.0,0.3247849202757011,0.25982792596229287,-0.9093977152223551,15.394804318340652,0.5810400479967945
0.04609882063446413,0.5,11.083924792797857,True,matched_groundtruth_centers,original_epoch_098,110,0.8578627718242563,0.5129364067692495,-0.031107994609988494,12.734676361083984,0.28616339010470043,6.889275531284511,124,manuscript_frozen_centers,0.0,0.8669214432749878,0.4728662496636983,0.15762208322123275,12.68857754044952,0.2579520692873928
0.3225605047690081,0.8660254037844386,13.381845897199858,True,matched_groundtruth_centers,original_epoch_098,111,0.8878526483905684,-0.14279731311840282,-0.4374089643708945,14.203278541564941,0.9679010465969079,28.04913874946099,124,manuscript_frozen_centers,0.0,-0.7572712285475218,0.20652850820549554,0.6195855564105248,14.52583904633395,0.9373556527926509
1.366197670197014,0.0,20.91081193246704,True,matched_groundtruth_centers,original_epoch_098,112,0.6277527757503031,-0.48397623028692954,0.6096666802893551,15.649054527282715,0.9020853612127515,38.51730519948895,124,manuscript_frozen_centers,0.0,-0.7001400413802044,0.14002801474080626,-0.7001400413802044,14.2828568570857,0.9219924147584339
1.4849044694681908,0.5,5.687040613037807,True,matched_groundtruth_centers,original_epoch_098,113,0.20973217015666698,0.48324873269702573,-0.8499900464994242,14.294829368591309,0.6442936385462064,7.827555924297607,124,manuscript_frozen_centers,0.0,0.12674485802942093,0.4436069749143045,-0.887213949828609,15.7797338380595,0.6607779932242119
0.3581251227212192,0.8660254037844386,18.20603331955502,True,matched_groundtruth_centers,original_epoch_098,114,-0.6114776871279333,0.7909648061461217,-0.021672876664191255,14.708394050598145,0.7952439808780799,37.41872851462322,124,manuscript_frozen_centers,0.0,-0.5973509657493902,0.7300956618577286,-0.3318616402279664,15.066519173319364,0.8936864629247132
0.5524006231913212,0.5,13.102296238127433,True,matched_groundtruth_centers,original_epoch_098,115,0.758175544580509,-0.42560229875536026,0.49399648469822305,13.705347061157227,0.9327318220346685,24.569760580518185,124,manuscript_frozen_centers,0.0,-0.7602859265947763,0.22808578115511308,-0.6082287285691003,13.152946437965905,0.9381593509869313
1.0873622954421531,0.5,9.774214752449659,True,matched_groundtruth_centers,original_epoch_098,116,-0.0685921634616473,0.9922224150224559,-0.10387393435629608,14.436812400817871,0.7034569553441621,13.791349192876135,124,manuscript_frozen_centers,0.0,0.0,0.9662349410003117,-0.25766264531383676,15.524174696260024,0.7071067950793497
3.910238287156755,0.7071067811865476,15.404310223621307,True,matched_groundtruth_centers,original_epoch_098,117,0.9748901153543623,-0.18012628054104357,0.13093428138882232,15.116059303283691,0.9856456572915072,163.46572850195005,124,manuscript_frozen_centers,0.0,0.9986178294793067,0.052558830333622006,0.0,19.026297590440446,0.02628850210700312
1.223337173461914,0.5,2.408642288587501,True,matched_groundtruth_centers,original_epoch_098,118,0.5167348038342989,0.666103592092358,0.5378579246492387,9.776662826538086,0.4288326738607424,6.531300984157427,124,manuscript_frozen_centers,0.0,0.5454545346050291,0.6363636549628067,0.5454545346050291,11.0,0.4767312991651248
0.24228459688471915,0.5,6.396254802671826,True,matched_groundtruth_centers,original_epoch_098,119,0.7040527819496593,0.30875449664589266,-0.6395157081963564,12.127032279968262,0.38142869844120625,7.057970143471473,124,manuscript_frozen_centers,0.0,0.6467616644461078,0.40422604914305127,-0.6467616644461078,12.36931687685298,0.42026082973752116
2.4789886474609375,0.0,13.02571610299987,True,matched_groundtruth_centers,original_epoch_098,120,0.8981308003378764,0.2886515687734171,-0.3317247915503012,15.521011352539062,0.2321395497437785,14.09699836587998,124,manuscript_frozen_centers,0.0,0.7777777689474599,0.44444445217097245,-0.44444445217097245,18.0,0.3333333292168117
0.7932301843583947,0.7071067811865476,9.86414132340665,True,matched_groundtruth_centers,original_epoch_098,121,0.31055428372624344,0.629356028293198,-0.712367199209994,11.12314510345459,0.5788017934365985,12.324916436605712,124,manuscript_frozen_centers,0.0,0.4195906943424165,0.5035088110820974,-0.7552632166231462,11.916375287812984,0.5387064640439126
1.8837344557841913,0.8660254037844386,16.702806838735313,True,matched_groundtruth_centers,original_epoch_098,122,-0.587810144801665,0.30179124879422714,-0.7506006100580165,12.91491413116455,0.7764819827073728,31.80827822803468,124,manuscript_frozen_centers,0.0,-0.4730161587549275,0.06757373510464003,-0.8784585954276622,14.798648586948742,0.8582004840091075
2.4892097876242794,0.7071067811865476,4.627742432467109,True,matched_groundtruth_centers,original_epoch_098,123,0.06150581533116486,0.9499547736567259,-0.306272693342465,15.003645896911621,0.6548046795568339,7.915351489408193,124,manuscript_frozen_centers,0.0,0.05716619534893194,0.971825315506121,-0.22866478139572777,17.4928556845359,0.6865980683719082
5.240632346675135,2.0615528128088303,8.26369906392143,True,predicted_centers,original_epoch_098,0,0.8563830313441256,0.11942394055360325,-0.5023405478840979,14.072575569152832,0.2555797012275935,10.592157282152,124,manuscript_frozen_centers,0.0,0.7766705419241946,0.10355607820223026,-0.6213364692133815,19.313207915827967,0.33416271465104774
3.081411908278593,2.5,26.24096713677967,True,predicted_centers,original_epoch_098,1,0.792637211643609,0.33395455193644835,0.5100986257173908,15.276147842407227,0.19449491692903256,13.241428114349425,124,manuscript_frozen_centers,0.0,0.9805224796011646,0.10894693903213663,0.16342041326686077,18.35755975068582,0.09868515977618429
0.7658681819896849,1.224744871391589,12.209795878242796,True,predicted_centers,original_epoch_098,2,0.6815036168535626,-0.29007514258932504,0.6718699516032065,11.442946434020996,0.9124202393022753,22.25386125134386,124,manuscript_frozen_centers,0.0,-0.6556100634380707,0.09365858166099718,-0.7492686532879774,10.677078252031311,0.9098379201047015
0.1406717360549461,2.0615528128088303,11.14101106899974,True,predicted_centers,original_epoch_098,3,-0.1463780473964778,0.9667595215679495,-0.20964134777782653,15.383502960205078,0.7463462442134581,17.521590146980877,124,manuscript_frozen_centers,0.0,-0.1932469834375364,0.9018192817640698,-0.3864939668750728,15.524174696260024,0.7724140840546581
1.4178447861904306,1.0,7.683524069522584,True,predicted_centers,original_epoch_098,4,0.588065876579608,-0.25286285057936225,0.768270072044679,13.142374992370605,0.8740021640588014,13.556522210355533,124,manuscript_frozen_centers,0.0,-0.549442255794756,0.137360563948689,-0.8241633836921342,14.560219778561036,0.8801824466656047
0.07849474053993966,2.1213203435596424,4.925157434359392,True,predicted_centers,original_epoch_098,5,0.8635328121886402,-0.5030090325951646,-0.035958245247166,15.889883041381836,0.9723532964003141,12.215083037995392,124,manuscript_frozen_centers,0.0,-0.8221921848997131,0.5692099885717361,0.0,15.811388300841896,0.9545135345194468
0.485104099376926,12.278029157808675,73.35402727498864,True,predicted_centers,original_epoch_098,6,-0.5166073037033057,0.8168169864797621,0.2567623499629969,10.829184532165527,0.8112433258266702,127.54456523975827,124,manuscript_frozen_centers,2.0,0.6767155381753457,0.2900209661112529,-0.6767155381753457,10.344080432788601,0.40204753515231134
0.7488801790648161,3.6742346141747673,16.70541512858432,True,predicted_centers,original_epoch_098,7,0.9416869504643897,-0.12399202759707972,0.3128125068110979,11.498568534851074,0.9825715905598631,35.19816412848911,124,manuscript_frozen_centers,0.0,-0.8164966017753487,0.0816496539232479,-0.5715475774627352,12.24744871391589,0.9530206166102841
3.037878040112787,3.3166247903554,21.942898493577342,True,predicted_centers,original_epoch_098,8,0.04096060712354281,0.3623996898511281,0.9311222763202891,11.104257583618164,0.7048040601928444,176.6679667422551,124,manuscript_frozen_centers,0.0,-0.14142135761804392,0.0,-0.9899494934639188,14.142135623730951,0.755453961702963
2.4473205969504512,3.9370039370059056,6.022841357587624,True,predicted_centers,original_epoch_098,9,0.9531928838107345,-0.015783956492699112,-0.3019506465798874,15.04553508758545,0.8953475889149672,113.55357188915725,124,manuscript_frozen_centers,0.0,0.9718253136279184,0.057166197227134584,-0.22866478890853834,17.4928556845359,0.11869010599583531
0.12082315571172941,2.8722813232690143,12.954836823957143,True,predicted_centers,original_epoch_098,10,0.646846093673438,0.37673473104555644,0.6630694334105939,12.085732460021973,0.3182038462401454,15.202809759474693,124,manuscript_frozen_centers,0.0,0.6553855407518844,0.1638463851879711,0.7373087243714094,12.206555615733702,0.41509907832353626
2.773159009900505,2.692582403567252,31.652099585768507,True,predicted_centers,original_epoch_098,11,0.6690795417515458,0.45480532688169334,0.5877794496659251,12.491178512573242,0.1953743030743172,141.07147190274122,124,manuscript_frozen_centers,0.0,-0.5240974085212615,0.0,-0.851658327254127,15.264337522473747,0.8729540200479509
7.056771263122815,15.660459763365825,80.51645956170347,True,predicted_centers,original_epoch_098,12,0.6041693713432128,0.1439192231996909,-0.7837516366326419,11.081585884094238,0.49666080824465847,92.1868604049454,124,manuscript_frozen_centers,0.0,0.44105426959657207,0.6064496488823797,0.661581404394858,18.138357147217054,0.5286519360426639
0.15086688670122683,2.9154759474226504,6.661618807709088,True,predicted_centers,original_epoch_098,13,0.32368120548639,0.40710068719486975,-0.8541074333480199,12.878788948059082,0.5915268196532415,9.481123451566324,124,manuscript_frozen_centers,0.0,0.3928371086724435,0.31426968152901075,-0.8642416174435995,12.727922061357855,0.5509822705051494
1.6768611712608426,4.55521678957215,11.2243710399539,True,predicted_centers,original_epoch_098,14,-0.12445675635014543,0.987953252985905,0.0919722007639729,16.295339584350586,0.7372907903220066,17.45602202119135,124,manuscript_frozen_centers,0.0,-0.1669244683026148,0.9459053008734389,0.27820744717102464,17.97220075561143,0.7638469925393556
1.1016580833321967,3.5355339059327378,7.729063644847705,True,predicted_centers,original_epoch_098,15,0.881089740723965,0.2623044319271927,-0.393544474973705,15.809876441955566,0.20743070674870337,4.945021414701666,124,manuscript_frozen_centers,0.0,0.8869685994627274,0.354787439785091,-0.29565617892726065,16.911534525287763,0.23773032370345365
0.8853825402958044,3.2015621187164243,7.958512762418917,True,predicted_centers,original_epoch_098,16,-0.6945569887855477,0.7089220112498065,-0.1225568084387077,15.6373291015625,0.9126340427564326,17.935118125112407,124,manuscript_frozen_centers,0.0,-0.7867958112374587,0.6052275082992552,-0.12104550638939107,16.522711641858304,0.9451972745220135
2.1682060604454456,4.301162633521313,7.5093487238405565,True,predicted_centers,original_epoch_098,17,0.15671535098126493,-0.4155697932438467,0.8959587299145455,14.861180305480957,0.7536802263023566,11.649426602412602,124,manuscript_frozen_centers,0.0,-0.17616606585441105,0.29361010975735174,-0.9395523512235257,17.029386365926403,0.7668657275792997
1.6962650900004732,10.793516572461451,76.65151740239943,True,predicted_centers,original_epoch_098,18,-0.6487195047340326,0.0018602236536657902,0.7610253239844189,12.795111656188965,0.9260990058485208,141.2844156186492,124,manuscript_frozen_centers,1.0,-0.7590721072564882,0.5520524589744059,-0.34503277891456374,14.491376746189438,0.9378358390719451
1.4843334237749435,2.7386127875258306,6.788339240646866,True,predicted_centers,original_epoch_098,19,-0.6117103797242323,0.18698477214773165,0.7686657962486013,14.072015762329102,0.8983840931136527,13.869904193667955,124,manuscript_frozen_centers,0.0,-0.5142594845861583,0.19284730671980937,0.8356716453273346,15.556349186104045,0.8701320262007087
4.147710459010998,1.3228756555322954,6.843724676646735,True,predicted_centers,original_epoch_098,20,0.7096874898120187,-0.2510893011606811,-0.6582536210663462,13.345145225524902,0.9193812561683712,13.327284189419908,124,manuscript_frozen_centers,0.5,-0.6288281366730085,0.22866477997416973,0.7431605431720099,17.4928556845359,0.9024489248893479
2.191702190510739,3.3166247903554,13.257465413423997,True,predicted_centers,original_epoch_098,21,0.7505592353706354,0.6002133043444349,-0.27641422446716074,10.923174858093262,0.3663965994349163,9.775860210193324,124,manuscript_frozen_centers,0.0,0.7624928516630234,0.45749571099781394,-0.45749571099781394,13.114877048604,0.3446064016473354
0.057761778262211294,3.1622776601683795,6.895056965236747,True,predicted_centers,original_epoch_098,22,-0.3509854026289524,0.18134556679994185,0.9186528357020405,15.157430648803711,0.8119999403951882,11.538990916049846,124,manuscript_frozen_centers,0.0,-0.2649064599076787,0.2649064599076787,0.9271726565200049,15.0996688705415,0.7952692856348018
0.3850745376177027,2.7386127875258306,5.878040190838423,True,predicted_centers,original_epoch_098,23,0.6749669339994253,0.6243947205870426,0.39312958539194726,11.362265586853027,0.36266143437014103,11.88680393811658,124,manuscript_frozen_centers,0.0,0.5958795993960959,0.6810051996246095,0.4256282663402351,11.74734012447073,0.4495110920325989
1.547199885869194,2.1213203435596424,6.2857644183937005,True,predicted_centers,original_epoch_098,24,0.1311215495360897,0.5481766065471395,-0.8260203068216406,16.285354614257812,0.6801401443396851,8.658281255682157,124,manuscript_frozen_centers,0.0,0.056077212834326144,0.6168493466001789,-0.7850810339064791,17.832554500127006,0.6869944798257847
0.1273426079454829,4.743416490252569,13.965882609834981,True,predicted_centers,original_epoch_098,25,-0.296071003394426,0.9531234872000734,0.0624305942354317,17.734159469604492,0.7810071734123728,29.26256061788108,124,manuscript_frozen_centers,0.0,-0.5111656607208819,0.8519427450112106,0.11359237000145676,17.60681686165901,0.8692426667450841
8.07220540652964,5.0990195135927845,65.28738696159613,True,predicted_centers,original_epoch_098,26,0.07987206189515457,0.9938970265913464,-0.07608649197786213,15.251602172851562,0.45588327325012745,105.6325751190249,124,manuscript_frozen_centers,0.0,-0.5144957554275265,0.5144957554275265,0.6859943405700354,23.323807579381203,0.8701999012842127
6.704273223876953,2.449489742783178,64.47416762613183,True,predicted_centers,original_epoch_098,27,0.6752051613630206,-0.31879900363779784,-0.6651805659730933,11.295726776123047,0.8756607620466185,104.50769113417073,124,manuscript_frozen_centers,1.0,0.3333333333333333,0.6666666666666666,0.6666666666666666,18.0,0.5773502582082582
0.47538364701690305,1.5,18.713337925436296,True,predicted_centers,original_epoch_098,28,0.01874551393452791,0.5996611007314614,-0.8000344804924738,12.213193893432617,0.6709117000236796,25.222415321384403,124,manuscript_frozen_centers,0.0,0.07881104226041052,0.3152441690416421,-0.945732485168545,12.68857754044952,0.6786711109999187
0.05790094769829146,10.246950765959598,76.65075830848015,True,predicted_centers,original_epoch_098,29,-0.5651475783899268,0.7470427192207233,0.3500505539194431,13.134597778320312,0.7860276894766185,114.36015564803012,124,manuscript_frozen_centers,0.5,0.8411910154172574,0.07647191229523068,0.5353033926767081,13.076696830622021,0.2817880178532802
1.8864816748452427,3.278719262151,8.873129989985294,True,predicted_centers,original_epoch_098,30,0.47796316477334294,0.34335076298532524,0.8084933312509418,13.180037498474121,0.5053104288579402,9.209466108890709,124,manuscript_frozen_centers,0.0,0.4646063296655145,0.19911699842807765,0.8628402977212712,15.066519173319364,0.5173942608262695
1.761028768973194,0.8660254037844386,14.823706127781184,True,predicted_centers,original_epoch_098,31,0.9090042543058793,0.34377188855512153,0.23565261359267253,17.698406219482422,0.17816183922382253,10.136796677964123,124,manuscript_frozen_centers,0.5,0.878438127193422,0.18823674154144754,0.439219063596711,15.937377450509228,0.24653790291820243
2.0540352963906905,4.242640687119285,15.644944194859924,True,predicted_centers,original_epoch_098,32,0.7684029978506239,0.508512823732205,-0.3885505642694056,15.495893478393555,0.18047713451728384,6.994705915450328,124,manuscript_frozen_centers,0.0,0.9116846144398909,0.3418817215510168,-0.22792115360997273,17.549928774784245,0.2101373321327486
5.457329938266264,7.466592261534039,36.8401039302914,True,predicted_centers,original_epoch_098,33,0.677297073658269,-0.6686962653842328,-0.30678001674673194,15.35682487487793,0.8788541701324755,65.3543400530856,124,manuscript_frozen_centers,1.5,-0.10101525168862262,0.9091372953227866,0.40406100675449047,9.899494936611665,0.7419620163520865
5.811458807869407,5.70087712549569,16.948373370836848,True,predicted_centers,original_epoch_098,34,0.6342477691190727,0.45647243869739995,-0.6239893268935999,10.741486549377441,0.3723998621505207,13.98592482768846,124,manuscript_frozen_centers,1.0,0.6645342958909809,0.18123662945972663,-0.7249465178389065,16.55294535724685,0.40955202437324123
0.7965942740673579,2.5495097567963922,0.13906613631166403,True,predicted_centers,original_epoch_098,35,0.07468252319354922,0.9199805467172404,-0.38478346429036203,13.834999084472656,0.6695374175393565,1.6205828741313097,124,manuscript_frozen_centers,0.0,0.07669649749790969,0.9203579919061394,-0.3834824820067427,13.038404810405298,0.6794495956699901
4.9236679794534695,4.743416490252569,11.46419016692251,True,predicted_centers,original_epoch_098,36,0.6714202686363353,-0.5826190040368827,-0.45798462747059765,12.454479217529297,0.9132478252071546,23.100070638032893,124,manuscript_frozen_centers,0.0,-0.5178918289175802,0.6329788601989589,0.5754353274535989,17.378147196982766,0.8711750047849692
0.2852258174751654,4.358898943540674,14.42346527384426,True,predicted_centers,original_epoch_098,37,0.13910341221048678,0.9898971069667316,-0.02745830166442724,18.39599609375,0.5691927779913274,32.88703347464667,124,manuscript_frozen_centers,0.0,-0.11043153265959423,0.9938837339419802,0.0,18.110770276274835,0.745128025279666
1.7080054369199154,3.082207001484488,9.646835760972214,True,predicted_centers,original_epoch_098,38,0.041635910262101526,0.5860729833572399,0.8091878083333872,13.944470405578613,0.6772296073668584,14.163489381794411,124,manuscript_frozen_centers,0.5,0.0,0.4472135954999579,0.8944271909999159,15.652475842498529,0.7071067848608432
1.5248071359960047,2.23606797749979,9.957064321558905,True,predicted_centers,original_epoch_098,39,0.8469522584736767,0.45260866348155937,-0.27895746917366254,13.837484359741211,0.2861865620024111,10.19501083365408,124,manuscript_frozen_centers,0.0,0.9113223725178214,0.39056674118857515,-0.1301889166781318,15.362291495737216,0.2105678302348739
1.5741753162910506,1.224744871391589,10.487007648831385,True,predicted_centers,original_epoch_098,40,0.5667721377936832,0.23256396651037164,-0.7903691196534319,13.722883224487305,0.5924465969270475,18.13333617115588,124,manuscript_frozen_centers,0.0,0.5229763603684907,0.06537204504606134,-0.8498365855987975,15.297058540778355,0.48837671091001966
0.03678796205079671,1.118033988749895,5.863476478917769,True,predicted_centers,original_epoch_098,41,0.5271224781326952,-0.43053493595191167,0.7326537804257408,14.767707824707031,0.8589082502338274,13.858068226379856,124,manuscript_frozen_centers,0.0,-0.6109597891604871,0.40730654824464024,-0.6788442470744004,14.730919862656235,0.897485320782262
0.9698886423287476,2.9154759474226504,8.439809254826006,True,predicted_centers,original_epoch_098,42,-0.048637308404620716,0.30997640375542845,-0.9494993635311219,11.43978500366211,0.7040852303133296,12.369422206148563,124,manuscript_frozen_centers,0.0,0.08058229458297068,0.24174688924329188,-0.9669875569731675,12.409673645990857,0.6780183243721525
1.4633873889853497,1.224744871391589,2.0873520763698608,True,predicted_centers,original_epoch_098,43,-0.49303687897004306,0.86952060243237,0.029130017527072997,16.22821044921875,0.8413114808384923,5.15752244239575,124,manuscript_frozen_centers,0.0,-0.47409982924527755,0.880471096578189,0.0,14.7648230602334,0.8585161131367021
,,,False,predicted_centers,original_epoch_098,44,,,,,,,124,manuscript_frozen_centers,,,,,,
0.8159413962800102,1.118033988749895,5.957075088587342,True,predicted_centers,original_epoch_098,45,0.9093269647944137,-0.40295850566798164,-0.10367696854946318,16.64830780029297,0.9524321276539269,16.52715898421765,124,manuscript_frozen_centers,0.0,-0.9161573362997725,0.4008188308252315,0.0,17.46424919657298,0.9788149313284379
2.99535667581468,4.220485754033533,10.105887711304277,True,predicted_centers,original_epoch_098,46,0.026565588424920916,0.7817960237698403,-0.6229680944713822,13.043658256530762,0.6871425122665095,17.825298357611793,124,manuscript_frozen_centers,0.0,-0.12469594083091269,0.717001620035947,-0.6858276745700197,16.03901493234544,0.7498986470667879
1.6857040245521073,3.082207001484488,19.917495974426522,True,predicted_centers,original_epoch_098,47,0.8353913318385838,-0.06261704130693801,-0.5460773103022339,13.3475923538208,0.9608261174688648,42.56563535326881,124,manuscript_frozen_centers,0.0,-0.5986711159347993,0.06651901334461457,0.7982281101345913,15.033296378372908,0.8940556760466345
1.4903531898663118,6.18465843842649,27.809605338140635,True,predicted_centers,original_epoch_098,48,0.6559409311534479,0.6850580325937495,-0.3169179496594174,13.195053100585938,0.36986198346306864,21.222098440871246,124,manuscript_frozen_centers,1.0,0.8543576577167611,0.5126145946300567,0.08543576577167611,11.704699910719626,0.2698539799947482
,,,False,predicted_centers,original_epoch_098,49,,,,,,,124,manuscript_frozen_centers,,,,,,
1.6742149710888423,3.8078865529319543,9.96308772197923,True,predicted_centers,original_epoch_098,50,0.06927544320001876,0.9529194775104267,-0.29520396736950544,14.71261978149414,0.6527722664348057,18.885170953209997,124,manuscript_frozen_centers,0.0,-0.07669649828741361,0.9203579794489632,-0.38348251174606446,13.038404810405298,0.7337221748507884
0.8763546072793247,3.570714214271425,17.279667862962395,True,predicted_centers,original_epoch_098,51,0.6697070135557723,0.7389446772282711,0.07384632685662076,14.190164566040039,0.3755014707230169,12.833152350134686,124,manuscript_frozen_centers,0.0,0.7300956317704312,0.5973509935738125,0.33186165633606096,15.066519173319364,0.367358379663398
0.340946336561915,2.5495097567963922,4.119563198615861,True,predicted_centers,original_epoch_098,52,0.8773100854240891,-0.46590807147798496,0.11513766953018642,14.693646430969238,0.9639017773990951,9.881032220653614,124,manuscript_frozen_centers,0.0,-0.9057529213209063,0.4180398027949525,-0.06967330046582541,14.352700094407323,0.9761539133987044
3.4227219540598846,11.521718621802913,36.36507547765831,True,predicted_centers,original_epoch_098,53,-0.04633458250321906,0.6079360529897486,-0.7926328670573142,13.723706245422363,0.4839737519537054,83.47171552759015,124,manuscript_frozen_centers,0.5,-0.5832118524065523,0.29160592620327613,-0.7581753880307955,17.146428199482248,0.8897223892242117
4.123940322271697,4.69041575982343,33.198711791866884,True,predicted_centers,original_epoch_098,54,-0.14277295971599116,0.9862580492947497,0.0831320766927608,12.489307403564453,0.6447723105986966,41.71254394253134,124,manuscript_frozen_centers,1.0,0.24077171107867185,0.8427009645901936,0.4815434221573437,16.61324772583615,0.6161283502812128
0.5942457561851917,3.082207001484488,7.571417354146884,True,predicted_centers,original_epoch_098,55,0.8390562986611492,0.17556617799780788,0.5149379038488956,16.43514060974121,0.1791584915835893,8.247557151343447,124,manuscript_frozen_centers,0.0,0.8808303386788201,0.05872201978067839,0.4697761582454271,17.029386365926403,0.24410005440230706
1.2005997298696798,5.5901699437494745,9.6304099115735,True,predicted_centers,original_epoch_098,56,0.517911681725825,0.7981731310833567,0.3077127601327553,14.830619812011719,0.48234575035573035,10.808354038282573,124,manuscript_frozen_centers,0.0,0.6237828853477357,0.6861611257826449,0.37426971746582305,16.0312195418814,0.43371484204621386
4.960386104415267,2.958039891549808,6.225096980293538,True,predicted_centers,original_epoch_098,57,0.4512905523486243,-0.5347121619425076,0.7144366600557696,14.914220809936523,0.8301948569683032,10.41114484226205,124,manuscript_frozen_centers,0.0,-0.3522082162744436,0.5534700645011547,-0.7547319127278656,19.87460691435179,0.8222555085643134
2.2420038018472503,1.224744871391589,7.836955764603471,True,predicted_centers,original_epoch_098,58,0.5675056298679014,-0.46089849491982093,0.6822828866744939,14.550851821899414,0.8668735247666388,13.636521332372434,124,manuscript_frozen_centers,0.0,-0.47639306020616834,0.4168439233445485,-0.7741387445142675,16.792855623746664,0.8591836527118489
,,,False,predicted_centers,original_epoch_098,59,,,,,,,124,manuscript_frozen_centers,,,,,,
2.0279600312321033,9.287087810503355,86.67867208566706,True,predicted_centers,original_epoch_098,60,0.6537207223303516,0.5207625460879064,0.5490497134030075,13.104785919189453,0.3425318397115297,147.0644933309333,124,manuscript_frozen_centers,1.0,-0.7929823224703939,0.39649116123519695,0.4625730161950925,15.132745950421556,0.9468321695891819
5.071333655102073,2.0,2.9814010311079286,True,predicted_centers,original_epoch_098,61,0.46531925326596985,0.49973715244572126,-0.7305756435889732,13.902332305908203,0.5147856275879866,4.407492707209565,124,manuscript_frozen_centers,0.0,0.42163702258733465,0.5270462920891155,-0.7378647756728884,18.973665961010276,0.537755967115548
1.9113062421734366,3.6742346141747673,32.36763031103782,True,predicted_centers,original_epoch_098,62,0.6266532489164023,0.490511098688855,0.6055613657471636,12.441393852233887,0.27846927012171485,41.34889212578388,124,manuscript_frozen_centers,0.0,0.4180398154810011,0.06967330488217702,0.9057529151260877,14.352700094407323,0.5394256944267405
0.24214800960299954,4.330127018922194,14.906735465337606,True,predicted_centers,original_epoch_098,63,0.7637428380998402,0.6407539547058337,-0.0783022782557169,15.308667182922363,0.3263806007185826,11.4519674441206,124,manuscript_frozen_centers,0.0,0.7300956317704312,0.5973509935738125,-0.33186165633606096,15.066519173319364,0.367358379663398
3.6940980673463883,2.8284271247461903,12.404883783122617,True,predicted_centers,original_epoch_098,64,0.7854525642540924,-0.16088884626779068,-0.5976445837228764,14.85313892364502,0.9406489110719517,25.01816655043726,124,manuscript_frozen_centers,0.0,-0.646996644757806,0.10783277138953608,0.7548294079370473,18.547236990991408,0.9074680805830716
2.067043289184827,2.0615528128088303,7.403011260896004,True,predicted_centers,original_epoch_098,65,0.5280898092216991,0.6301780136579674,-0.5692071894295504,16.071313858032227,0.5135496954400384,7.9730634296903675,124,manuscript_frozen_centers,0.0,0.44105426959657207,0.6064496488823797,-0.661581404394858,18.138357147217054,0.5286519360426639
5.7593033131794655,3.391164991562634,2.074365377856208,True,predicted_centers,original_epoch_098,66,0.7298424117143422,-0.5171907487326697,0.4470389060119189,10.793642044067383,0.9168918084723177,5.1959170719133105,124,manuscript_frozen_centers,1.0,-0.7249465119962123,0.5437098839971592,-0.42288546533112387,16.55294535724685,0.9286943901969766
1.7936607727327143,5.477225575051661,15.559348333760846,True,predicted_centers,original_epoch_098,67,0.5195121051473213,0.8155497479822619,-0.25492308873750097,15.410989761352539,0.4541345877868168,22.20443790905004,124,manuscript_frozen_centers,0.0,0.34874293140530205,0.8137334630904925,-0.4649905577983178,17.204650534085253,0.5706387189035661
4.508162570212747,4.183300132670378,8.048930963703755,True,predicted_centers,original_epoch_098,68,0.6317786207459076,-0.2757729549158946,0.724434297714675,12.86998462677002,0.8639862905027006,14.061402070806285,124,manuscript_frozen_centers,0.0,-0.5178918003720376,0.2877176478681657,-0.8056094824495426,17.378147196982766,0.8711750163599209
0.08901934555714242,2.6457513110645907,25.36851075122965,True,predicted_centers,original_epoch_098,69,0.7856688392381784,0.5462959674042764,0.29031911932898746,11.74314022064209,0.33982525419947635,17.17740753429768,124,manuscript_frozen_centers,1.0,0.8451542451654442,0.16903085171074908,0.5070925685205485,11.832159566199232,0.2782496668611274
3.4552722596824452,5.123475382979799,6.393052604207726,True,predicted_centers,original_epoch_098,70,0.08119046447842487,0.6644112695651251,0.7429439907238206,13.77841567993164,0.6246763080993462,12.556655849366527,124,manuscript_frozen_centers,0.0,0.05802588341778301,0.580258845034225,0.8123624004181467,17.233687939614086,0.6862849625780348
1.6639688499267322,5.0990195135927845,29.854944328911365,True,predicted_centers,original_epoch_098,71,-0.43282173312875544,0.8473117998792346,0.3077792408802653,11.142279624938965,0.2786547512393727,113.82123808475804,124,manuscript_frozen_centers,0.0,-0.7808688094430304,0.6246950475544242,0.0,12.806248474865697,0.9436283157665946
1.1157474395233145,3.905124837953327,3.2565223776040657,True,predicted_centers,original_epoch_098,72,0.9599406501918876,0.269628278797309,-0.07625312703080948,16.462648391723633,0.13460908465410693,1.6205828741313097,124,manuscript_frozen_centers,0.0,0.9670962126604284,0.22755204320393269,-0.11377602160196634,17.578395831246947,0.12826494106559394
3.0900985728942487,3.2015621187164243,3.739105921848673,True,predicted_centers,original_epoch_098,73,0.8598109888133457,-0.3570147945516462,0.3650554752185789,16.119274139404297,0.965056546247079,7.875291602373469,124,manuscript_frozen_centers,0.0,-0.8329267277103245,0.41646336385516225,-0.36440545115600775,19.209372712298546,0.9573209340119018
0.7421402515937849,3.9370039370059056,8.016465847648332,True,predicted_centers,original_epoch_098,74,0.6212281414265315,-0.12853251776027366,0.7730168097641488,14.55491828918457,0.8686308807256468,13.987165449023468,124,manuscript_frozen_centers,0.0,-0.522976358471147,0.06537204480889337,-0.8498365867846372,15.297058540778355,0.8726329123649363
2.614421595264833,3.905124837953327,33.98844625786787,True,predicted_centers,original_epoch_098,75,-0.018482236030503578,0.9991693848639687,-0.036317314078426526,14.820977210998535,0.6787584910262453,66.07350732993709,124,manuscript_frozen_centers,0.0,-0.573462348873371,0.8192319173620105,0.0,12.206555615733702,0.8869786755085326
1.6717987060546875,2.0615528128088303,14.228784039054297,True,predicted_centers,original_epoch_098,76,0.4794902632195315,0.8757790590187873,0.055678786461559285,16.671798706054688,0.44812240560029015,13.158773449970226,124,manuscript_frozen_centers,0.0,0.6666666674777831,0.7333333342255615,0.13333332437049658,15.0,0.40824829707491006
0.00017026829344324312,7.88986691902975,79.11558901472026,True,predicted_centers,original_epoch_098,77,0.8324774307604552,0.41708351060321275,0.3647227336722671,14.31765079498291,0.28708189274024926,66.5400469100179,124,manuscript_frozen_centers,1.0,0.41905817813609625,0.34921514383869323,-0.8381163562721925,14.317821063276353,0.5389535319428591
6.002322437504681,6.855654600401044,58.59108657487742,True,predicted_centers,original_epoch_098,78,0.45626054072754585,0.7377738740578806,-0.49750982877992866,13.593595504760742,0.5023112701188691,92.73925013914179,124,manuscript_frozen_centers,2.0,-0.408248290463863,0.408248290463863,-0.816496580927726,19.595917942265423,0.8391210569704111
5.1987597245991175,4.949747468305833,38.91892768544731,True,predicted_centers,original_epoch_098,79,-0.008359977395707213,0.655772020079984,0.7549126892947027,13.07690715789795,0.7431399716608823,55.670880688724026,124,manuscript_frozen_centers,0.0,0.16415269280546915,0.054717566189326126,0.9849161798828518,18.275666882497067,0.646470163663968
7.651964206047154,1.8027756377319946,6.293958643929693,True,predicted_centers,original_epoch_098,80,0.998449889994327,-0.02606353493056425,-0.04917834195293414,15.714221954345703,0.7282972545447312,94.32393574033267,124,manuscript_frozen_centers,1.0,-0.9922778767136677,0.12403473458920847,0.0,8.06225774829855,0.9980676021187452
2.10137741291609,3.0413812651491097,8.145402359049957,True,predicted_centers,original_epoch_098,81,0.9284753703902585,0.35655909838765815,-0.1039186986814817,13.281717300415039,0.20561350548711785,4.53333135944677,124,manuscript_frozen_centers,0.0,0.8944271909999159,0.4472135954999579,0.0,11.180339887498949,0.22975291996256378
0.03767719850729456,0.7071067811865476,5.812929696030372,True,predicted_centers,original_epoch_098,82,-0.07654018429156122,0.8027929168940589,-0.5913248961217027,13.153228759765625,0.7404745107303662,9.274706238371554,124,manuscript_frozen_centers,0.0,-0.15161961277865926,0.8339078506453794,-0.5306686250880609,13.19090595827292,0.7588213059093609
1.3950701477273952,2.345207879911715,9.34087493879746,True,predicted_centers,original_epoch_098,83,0.6329418835238195,-0.5756246988974348,0.5177265476103743,15.983077049255371,0.9006250153708856,18.083884380728435,124,manuscript_frozen_centers,0.0,-0.5178918289175802,0.5754353274535989,-0.6329788601989589,17.378147196982766,0.8711750047849692
0.4770574265814407,1.6583123951777,1.7841618433793556,True,predicted_centers,original_epoch_098,84,0.9355996733514752,0.041742648560831784,-0.3505863695521261,13.4871826171875,0.8135723767416823,87.48832317971798,124,manuscript_frozen_centers,0.0,0.9309493362512627,0.07161148740394328,-0.35805743701971643,13.96424004376894,0.18580993321527983
2.042423515401712,7.0178344238090995,76.51441786079172,True,predicted_centers,original_epoch_098,85,-0.5202327609963405,0.8537695933950383,0.020865181048711528,14.839519500732422,0.7764654271514208,104.13696836905049,124,manuscript_frozen_centers,1.0,0.2961744300658569,0.47387909815297685,-0.8292884343272167,16.881943016134134,0.5932223755924141
6.119668619411389,5.612486080160912,84.29025765356594,True,predicted_centers,original_epoch_098,86,-0.2896560679463786,0.9302486914494703,0.22524816172033718,11.373187065124512,0.693725735223059,133.69396017869207,124,manuscript_frozen_centers,0.0,-0.22866478547100852,0.05716619636775213,-0.9718253144873009,17.4928556845359,0.7837935823485999
1.20450548013722,4.6097722286464435,2.5867075531199366,True,predicted_centers,original_epoch_098,87,0.25196462040596335,0.5952809163081244,0.7629904722491878,12.972941398620605,0.5702651048576542,5.074263665667805,124,manuscript_frozen_centers,0.0,0.2821382504269395,0.564276500853879,0.7758801700199122,14.177446878757825,0.599108393356808
3.1462900056620384,3.082207001484488,6.843381160219348,True,predicted_centers,original_epoch_098,88,-0.5445032732991586,0.1450744086600043,0.8261171837690171,12.633443832397461,0.866933866254553,12.367983623064658,124,manuscript_frozen_centers,0.5,-0.4436069755784506,0.1267448464068643,0.8872139511569012,15.7797338380595,0.8495901981788271
1.3225808967754915,3.2015621187164243,4.2770443431238725,True,predicted_centers,original_epoch_098,89,0.9524772594457523,-0.0596437857828806,-0.2987133894826189,13.027280807495117,0.9881117016593316,8.745347033929157,124,manuscript_frozen_centers,0.0,-0.939793428789684,0.0,0.34174304850827525,11.704699910719626,0.9848333415854833
0.34760507834050003,7.826237921249264,53.55948221625463,True,predicted_centers,original_epoch_098,90,0.7657324174038428,-0.35734136268080824,0.5347532285590149,12.95652961730957,0.9094749251758796,164.9655205018011,124,manuscript_frozen_centers,1.0,0.6013168171226034,0.5261522316697737,0.6013168171226034,13.30413469565007,0.44647685749630306
0.8887812338873289,2.0615528128088303,8.888994211052058,True,predicted_centers,original_epoch_098,91,0.9788120492501192,-0.19261829839413827,-0.06946339587530201,17.138975143432617,0.9857609395761053,23.964429001980676,124,manuscript_frozen_centers,0.0,-0.9984603531136778,0.055470021273748775,0.0,18.027756377319946,0.9996150141805977
8.048958437221447,2.5495097567963922,49.94030904610036,True,predicted_centers,original_epoch_098,92,0.14368958616915692,0.9382244723927567,-0.3147826904864204,9.443897247314453,0.2815283671110012,109.53652348398788,124,manuscript_frozen_centers,1.0,-0.628828143795796,0.628828143795796,-0.4573295651285486,17.4928556845359,0.9024489229922676
1.543847069923494,2.9154759474226504,4.423480774549226,True,predicted_centers,original_epoch_098,93,-0.6488738681466973,0.7608494253168768,-0.008417554949087096,13.626893043518066,0.9149367076425298,8.133271098080872,124,manuscript_frozen_centers,0.0,-0.6620847028209084,0.74484530701941,-0.08276058785261355,12.083045973594572,0.9116152536003759
3.9754855331588814,8.902246907382429,63.187028914454196,True,predicted_centers,original_epoch_098,94,-0.6267289140875196,0.5396855579117257,-0.5620946244434186,12.180008888244629,0.822629113593405,166.3291212713543,124,manuscript_frozen_centers,1.0,-0.06189844605901728,0.12379689211803456,0.9903751369442765,16.15549442140351,0.7286626325272987
8.472541495422973,4.272001872658765,28.731564199486574,True,predicted_centers,original_epoch_098,95,0.5578776543930333,0.6714627203847418,-0.48776053331778435,9.555214881896973,0.47422001293137267,29.374867603976522,124,manuscript_frozen_centers,1.0,0.44376016219659614,0.33282012164744706,-0.832050289990833,18.027756377319946,0.5273707691653469
0.7437770416083751,2.692582403567252,7.12566224164092,True,predicted_centers,original_epoch_098,96,0.795076187697691,0.4703478769601138,-0.3829186994588014,16.019277572631836,0.2939209011124642,4.217632385584187,124,manuscript_frozen_centers,0.0,0.8351699785640276,0.3579299982282874,-0.4175849892820138,16.76305461424021,0.28708014373576873
4.302600664418119,2.7386127875258306,4.228569922052902,True,predicted_centers,original_epoch_098,97,-0.158133121813397,0.9420893963238098,-0.2957388799596513,15.445816993713379,0.7463722919383222,6.33680582550111,124,manuscript_frozen_centers,0.0,-0.10127394345355574,0.9621023975452135,-0.2531848435730664,19.748417658131498,0.7420491473301435
0.46710329574059983,1.8708286933869707,18.72488732851232,True,predicted_centers,original_epoch_098,98,0.7867811256345689,0.30362326647126564,0.5373903352336358,15.719310760498047,0.33042378170275477,19.001248527893345,124,manuscript_frozen_centers,0.0,0.9267030975709244,0.061780205207426456,0.37068123124455876,16.186414056238647,0.1914378593188505
1.5924070586494352,4.55521678957215,28.311796742042674,True,predicted_centers,original_epoch_098,99,-0.7504612094207631,0.19713462387643424,-0.6308295437151167,16.155832290649414,0.6928964534066108,142.30190050299112,124,manuscript_frozen_centers,0.0,0.5070925352563261,0.1690308500881041,0.8451542654485065,17.74823934929885,0.4964410672313849
0.21527305804501573,0.5,13.50770930162204,True,predicted_centers,original_epoch_098,100,-0.21356704179266217,0.3699986359240668,0.9041516067973673,10.655579566955566,0.7650065460155624,22.153475868869805,124,manuscript_frozen_centers,0.0,0.0,0.2873478894330289,0.9578262840611463,10.44030650891055,0.7071067727029889
4.2618303298950195,4.47213595499958,15.01482548878505,True,predicted_centers,original_epoch_098,101,0.2125108480176825,0.9658588235960642,-0.1481751408179946,11.73816967010498,0.6013704548670733,25.32799187622555,124,manuscript_frozen_centers,0.0,0.0,1.0,0.0,16.0,0.7071067811865475
0.8385681126949454,2.29128784747792,20.638396412427703,True,predicted_centers,original_epoch_098,102,0.7934776585694132,-0.49686339235690546,0.35145408617170676,11.655221939086914,0.9333203305124333,39.89963778494977,124,manuscript_frozen_centers,0.0,-0.8320503039188925,0.5547001818536555,0.0,10.816653826391969,0.9570920203819216
0.8789681808201628,2.23606797749979,23.170562456922532,True,predicted_centers,original_epoch_098,103,0.6026044462651153,0.656795032920885,-0.4533080255984524,13.817970275878906,0.46882262257990115,30.635801293051436,124,manuscript_frozen_centers,0.0,0.27216553155021295,0.6804138165249108,-0.6804138165249108,14.696938456699069,0.6032555133316496
2.3547708763009467,2.1213203435596424,9.172455871637416,True,predicted_centers,original_epoch_098,104,0.829235730733504,-0.2073537643077888,-0.5190110974750556,14.556763648986816,0.949848822637533,17.65169592415862,124,manuscript_frozen_centers,0.0,-0.768706097499754,0.3547874418041546,0.5321811785517804,16.911534525287763,0.9404004755240839
0.8452396987417501,3.2015621187164243,3.057639275117239,True,predicted_centers,original_epoch_098,105,0.8467497768756769,-0.349823191372473,-0.40079739287945687,15.185979843139648,0.9666372709193498,5.938252800173216,124,manuscript_frozen_centers,0.0,-0.8732960169563139,0.3118914214299542,0.3742696995572047,16.0312195418814,0.9678057677750953
0.13413855930151897,1.8708286933869707,5.534758139671389,True,predicted_centers,original_epoch_098,106,0.334805388001652,0.3745997887708398,-0.864627289887328,10.911222457885742,0.6001564971007549,8.152496306926276,124,manuscript_frozen_centers,0.0,0.36214297335614265,0.4526787232916764,-0.8148217230338118,11.045361017187261,0.5647375719423526
0.7920118528688853,1.224744871391589,37.65771628806941,True,predicted_centers,original_epoch_098,107,0.732762510912901,0.305207428181706,0.6082002370793104,10.278844833374023,0.2933945464736219,22.46008436896166,124,manuscript_frozen_centers,0.0,0.9486833003761713,0.3162277590398656,0.0,9.486832980505138,0.16018224936054387
0.40417118439547295,2.958039891549808,18.09216287987351,True,predicted_centers,original_epoch_098,108,0.5708920930193627,0.7449049589003542,-0.3452518216224685,14.121667861938477,0.41538601423375937,20.54262154672511,124,manuscript_frozen_centers,0.0,0.48189987607263374,0.6195855507680841,-0.6195855507680841,14.52583904633395,0.5089696040984836
2.601985295208328,1.5,6.499806608829162,True,predicted_centers,original_epoch_098,109,0.25175528795873514,0.34637019640830596,-0.9036852117993776,12.792819023132324,0.6306800220780171,10.634489996239958,124,manuscript_frozen_centers,0.0,0.3247849202757011,0.25982792596229287,-0.9093977152223551,15.394804318340652,0.5810400479967945
0.8449829893630945,2.0615528128088303,10.080121662694731,True,predicted_centers,original_epoch_098,110,0.8506693583880403,0.5256208350585397,-0.00918588330228659,11.843594551086426,0.26807130800519535,5.429777040401797,124,manuscript_frozen_centers,0.0,0.8669214432749878,0.4728662496636983,0.15762208322123275,12.68857754044952,0.2579520692873928
0.3773906671059919,2.598076211353316,12.644418674521173,True,predicted_centers,original_epoch_098,111,0.8815940525955138,-0.1620722510988454,-0.4433108523958908,14.903229713439941,0.9747064441532294,28.44637529088981,124,manuscript_frozen_centers,0.0,-0.7572712285475218,0.20652850820549554,0.6195855564105248,14.52583904633395,0.9373556527926509
0.46626940896558366,4.123105625617661,3.09712075796968,True,predicted_centers,original_epoch_098,112,0.6646346372743911,-0.17020638052308848,0.7275235989054707,13.816587448120117,0.8976589328714002,8.781874696367664,124,manuscript_frozen_centers,0.0,-0.7001400413802044,0.14002801474080626,-0.7001400413802044,14.2828568570857,0.9219924147584339
7.2261287584086205,3.2015621187164243,88.8746674730571,True,predicted_centers,original_epoch_098,113,0.9201665825929696,-0.3828234462067864,-0.08209548899626166,8.553605079650879,0.9505510218593339,154.49132577871433,124,manuscript_frozen_centers,1.0,0.12674485802942093,0.4436069749143045,-0.887213949828609,15.7797338380595,0.6607779932242119
0.33673897617580906,4.769696007084728,4.623384059032064,True,predicted_centers,original_epoch_098,114,-0.5375516501816028,0.7818302976094882,-0.3158791052394809,14.729780197143555,0.8494321493295788,13.143147241945666,124,manuscript_frozen_centers,0.0,-0.5973509657493902,0.7300956618577286,-0.3318616402279664,15.066519173319364,0.8936864629247132
0.5221605642923954,1.118033988749895,11.726539476426701,True,predicted_centers,original_epoch_098,115,0.7544740308812816,-0.4089401489355437,0.5133584433067468,13.6751070022583,0.9326419335726832,22.00636892309297,124,manuscript_frozen_centers,0.0,-0.7602859265947763,0.22808578115511308,-0.6082287285691003,13.152946437965905,0.9381593509869313
0.8484277665085305,1.5,8.60855285355851,True,predicted_centers,original_epoch_098,116,-0.024410871352648425,0.9934007503267654,-0.1120672057741421,16.372602462768555,0.6716818369612296,13.119957748292302,124,manuscript_frozen_centers,0.0,0.0,0.9662349410003117,-0.25766264531383676,15.524174696260024,0.7071067950793497
5.368128797715837,2.7386127875258306,13.829127531952187,True,predicted_centers,original_epoch_098,117,0.9793359153851836,-0.1326021765903303,0.15270176030475607,13.65816879272461,0.9831148667623099,161.83797834337412,124,manuscript_frozen_centers,1.0,0.9986178294793067,0.052558830333622006,0.0,19.026297590440446,0.02628850210700312
0.028700828552246094,3.2015621187164243,9.368575719587305,True,predicted_centers,original_epoch_098,118,0.4399870869905925,0.6028409371124224,0.6655780704192026,10.971299171447754,0.4879673874487662,9.148488231672857,124,manuscript_frozen_centers,0.0,0.5454545346050291,0.6363636549628067,0.5454545346050291,11.0,0.4767312991651248
0.3514192709569848,2.692582403567252,6.441051306757931,True,predicted_centers,original_epoch_098,119,0.6321925358498256,0.31197559390714036,-0.7092276266630158,12.017897605895996,0.41015055157953406,5.495645480175288,124,manuscript_frozen_centers,0.0,0.6467616644461078,0.40422604914305127,-0.6467616644461078,12.36931687685298,0.42026082973752116
1.3960380554199219,2.449489742783178,13.402393730109914,True,predicted_centers,original_epoch_098,120,0.8453578833045329,0.48464113958092325,-0.22470650849626886,16.603961944580078,0.24647564260923763,12.927289709025626,124,manuscript_frozen_centers,0.0,0.7777777689474599,0.44444445217097245,-0.44444445217097245,18.0,0.3333333292168117
0.3862525308549767,2.345207879911715,1.0940434176872595,True,predicted_centers,original_epoch_098,121,0.4023664731228273,0.5055069834427592,-0.7632587444617316,11.530122756958008,0.5387436199641176,1.6205828741313097,124,manuscript_frozen_centers,0.0,0.4195906943424165,0.5035088110820974,-0.7552632166231462,11.916375287812984,0.5387064640439126
1.3676421553691522,2.598076211353316,5.913570989452502,True,predicted_centers,original_epoch_098,122,0.5293311869215879,-0.1430202003341441,0.8362737092893475,13.43100643157959,0.8480507480439347,10.332403983562003,124,manuscript_frozen_centers,0.0,-0.4730161587549275,0.06757373510464003,-0.8784585954276622,14.798648586948742,0.8582004840091075
1.876679079311291,3.082207001484488,3.3750253452511294,True,predicted_centers,original_epoch_098,123,0.0615124089757758,0.9833372006997679,-0.17106774465673316,15.61617660522461,0.6561906448263245,6.530487896088302,124,manuscript_frozen_centers,0.0,0.05716619534893194,0.971825315506121,-0.22866478139572777,17.4928556845359,0.6865980683719082
2.2991679225418338,0.5,11.065454690511467,True,all_groundtruth_centers,retrained_nematic,0,0.8568606516894787,0.20027617092262975,-0.4750571322976337,17.014039993286133,0.9870521230301194,123.2965085287203,145,manuscript_frozen_centers,0.0,0.7766705419241946,0.10355607820223026,-0.6213364692133815,19.313207915827967,0.33416271465104774
3.737764905104765,0.5,33.94461618593467,True,all_groundtruth_centers,retrained_nematic,1,0.886404673763719,0.23505700864068194,-0.3987918718062462,14.619794845581055,0.9970641171213357,161.8387593684597,145,manuscript_frozen_centers,0.0,0.9805224796011646,0.10894693903213663,0.16342041326686077,18.35755975068582,0.09868515977618429
0.36371802787591534,0.7071067811865476,10.0280239965833,True,all_groundtruth_centers,retrained_nematic,2,0.6964952793835606,-0.2460587756508863,0.6740544523416506,11.040796279907227,0.986351921166728,70.74888755473431,145,manuscript_frozen_centers,0.0,-0.6556100634380707,0.09365858166099718,-0.7492686532879774,10.677078252031311,0.9098379201047015
1.7128648697800148,0.5,3.7893005417576036,True,all_groundtruth_centers,retrained_nematic,3,-0.2093188449466604,0.9220385097548234,-0.3256234138990934,17.23703956604004,0.8210720907677436,11.039854140928492,145,manuscript_frozen_centers,0.0,-0.1932469834375364,0.9018192817640698,-0.3864939668750728,15.524174696260024,0.7724140840546581
1.069172873043458,0.0,7.123451596971098,True,all_groundtruth_centers,retrained_nematic,4,0.44232921466039454,-0.16201733626592768,0.8820970743672217,13.491046905517578,0.9996161992904299,61.38826868349088,145,manuscript_frozen_centers,0.0,-0.549442255794756,0.137360563948689,-0.8241633836921342,14.560219778561036,0.8801824466656047
0.38631849188193534,0.7071067811865476,3.503832831091199,True,all_groundtruth_centers,retrained_nematic,5,0.8399682871196708,-0.5402493934669567,-0.050831776398547225,15.425069808959961,0.8812573863530239,91.35844528491413,145,manuscript_frozen_centers,0.0,-0.8221921848997131,0.5692099885717361,0.0,15.811388300841896,0.9545135345194468
0.7627864037592502,0.8660254037844386,4.990888718018046,True,all_groundtruth_centers,retrained_nematic,6,0.659983701378541,0.37203339827078485,-0.6526964566211252,11.106866836547852,0.9884311036489314,150.21370907057718,145,manuscript_frozen_centers,0.0,0.6767155381753457,0.2900209661112529,-0.6767155381753457,10.344080432788601,0.40204753515231134
1.194565565722531,0.7071067811865476,10.78158892981747,True,all_groundtruth_centers,retrained_nematic,7,0.9057287309831422,-0.0074108403448553874,0.4237930453854215,11.05288314819336,0.9555960301556863,72.70870422246749,145,manuscript_frozen_centers,0.0,-0.8164966017753487,0.0816496539232479,-0.5715475774627352,12.24744871391589,0.9530206166102841
2.589952472485834,0.0,29.238963458067822,True,all_groundtruth_centers,retrained_nematic,8,0.38781628158847536,-0.40895626253238765,0.8260467947219632,11.552183151245117,0.9755941320831045,76.19099129689295,145,manuscript_frozen_centers,0.0,-0.14142135761804392,0.0,-0.9899494934639188,14.142135623730951,0.755453961702963
0.9197527334860958,0.7071067811865476,3.7491166049590117,True,all_groundtruth_centers,retrained_nematic,9,0.98512912821005,0.04551306196296755,-0.16567788610089743,16.573102951049805,0.8920699422105846,112.66721584793501,145,manuscript_frozen_centers,0.0,0.9718253136279184,0.057166197227134584,-0.22866478890853834,17.4928556845359,0.11869010599583531
4.3624547753579925,0.7071067811865476,9.279345394551902,True,all_groundtruth_centers,retrained_nematic,10,0.47781445837251735,0.5766099227675967,0.6627324802181677,12.430400848388672,0.9502043758060936,151.74426462754488,145,manuscript_frozen_centers,0.0,0.4168439250177675,0.4763930571631628,0.7741387454859221,16.792855623746664,0.5399796513381918
1.3214275944934677,0.5,19.00714539525111,True,all_groundtruth_centers,retrained_nematic,11,0.84162100808751,0.25015928166052076,0.4786380809597745,10.885128021240234,0.9366783197793676,174.3804772547935,145,manuscript_frozen_centers,0.0,0.6553855407518844,0.1638463851879711,0.7373087243714094,12.206555615733702,0.41509907832353626
2.2763881511358566,0.5,22.468943153492866,True,all_groundtruth_centers,retrained_nematic,12,0.809708752976388,0.009073643135258352,0.5867617952403485,12.98794937133789,0.9857606926446317,89.01272673612642,145,manuscript_frozen_centers,0.0,-0.5240974085212615,0.0,-0.851658327254127,15.264337522473747,0.8729540200479509
6.609016403198499,0.5,13.859576142972264,True,all_groundtruth_centers,retrained_nematic,13,0.5556279911805567,0.4042559375640125,0.7265360778109374,11.529340744018555,0.9885626595573546,135.4098879579382,145,manuscript_frozen_centers,0.0,0.44105426959657207,0.6064496488823797,0.661581404394858,18.138357147217054,0.5286519360426639
1.112581828508734,0.7071067811865476,20.750233260438865,True,all_groundtruth_centers,retrained_nematic,14,-0.32746924839103075,-0.6301664974158261,0.7040270427283905,11.615340232849121,0.9699512663789662,145.4783050366935,145,manuscript_frozen_centers,0.0,0.3928371086724435,0.31426968152901075,-0.8642416174435995,12.727922061357855,0.5509822705051494
0.7339919848594754,0.8660254037844386,7.000358326345599,True,all_groundtruth_centers,retrained_nematic,15,-0.23840695160723419,0.9544173649214435,0.17958178905934177,17.238208770751953,0.9127235742249047,34.24445535714184,145,manuscript_frozen_centers,0.0,-0.1669244683026148,0.9459053008734389,0.27820744717102464,17.97220075561143,0.7638469925393556
1.4882337821847358,0.7071067811865476,8.295261241679556,True,all_groundtruth_centers,retrained_nematic,16,0.8125554905253064,0.46664112136848585,-0.34928446668173035,15.423300743103027,0.99999904201797,152.62957404284302,145,manuscript_frozen_centers,0.0,0.8869685994627274,0.354787439785091,-0.29565617892726065,16.911534525287763,0.23773032370345365
2.04410160310098,0.5,10.19543588690162,True,all_groundtruth_centers,retrained_nematic,17,0.7303095493712649,-0.6825141950513558,-0.028676395354713252,14.478610038757324,0.9999627041383478,42.16690073449622,145,manuscript_frozen_centers,0.0,-0.7867958112374587,0.6052275082992552,-0.12104550638939107,16.522711641858304,0.9451972745220135
3.262461507833141,0.7071067811865476,21.940514942661586,True,all_groundtruth_centers,retrained_nematic,18,-0.023574164894696367,-0.5894370918840766,0.8074702306963151,13.766924858093262,0.9983214753394095,95.40834337747802,145,manuscript_frozen_centers,0.0,-0.17616606585441105,0.29361010975735174,-0.9395523512235257,17.029386365926403,0.7668657275792997
0.45597730923875446,0.7071067811865476,9.862331389971848,True,all_groundtruth_centers,retrained_nematic,19,0.7829283791583597,-0.5953858479529618,0.18038526870505883,14.035399436950684,0.8759034373207684,100.13968668262194,145,manuscript_frozen_centers,0.0,-0.7590721072564882,0.5520524589744059,-0.34503277891456374,14.491376746189438,0.9378358390719451
2.703606037300334,0.7071067811865476,14.875842664708461,True,all_groundtruth_centers,retrained_nematic,20,0.7157811906184178,-0.1285329190438808,-0.6863938926585371,12.852743148803711,0.9993241573246837,69.37159674030659,145,manuscript_frozen_centers,0.0,-0.5142594845861583,0.19284730671980937,0.8356716453273346,15.556349186104045,0.8701320262007087
0.09485582730816766,0.0,22.17578561502216,True,all_groundtruth_centers,retrained_nematic,21,0.34816762948018626,0.9204340465745008,0.17770894093611944,14.871773719787598,0.9756013968223751,136.31298669285522,145,manuscript_frozen_centers,0.0,0.26726123136166424,0.8017837433218727,0.5345224627233285,14.966629547095765,0.6052845433338558
2.621889726894299,1.8708286933869707,3.9659280324983825,True,all_groundtruth_centers,retrained_nematic,22,-0.6741110009237509,0.18440094312685054,0.7152416728683438,14.870965957641602,0.9947198926819614,63.288324922675905,145,manuscript_frozen_centers,0.0,-0.6288281366730085,0.22866477997416973,0.7431605431720099,17.4928556845359,0.9024489248893479
0.5685036812944304,0.0,9.066093437415795,True,all_groundtruth_centers,retrained_nematic,23,0.7398102051661284,0.5732341707835054,-0.3522548023493762,12.54637336730957,0.908256913548726,170.39711025149964,145,manuscript_frozen_centers,0.0,0.7624928516630234,0.45749571099781394,-0.45749571099781394,13.114877048604,0.3446064016473354
1.814213166806148,0.0,18.650779904446587,True,all_groundtruth_centers,retrained_nematic,24,-0.5535699614216811,0.287512050819819,0.7815990778173809,13.285455703735352,0.9938628165430601,70.63809408486753,145,manuscript_frozen_centers,0.0,-0.2649064599076787,0.2649064599076787,0.9271726565200049,15.0996688705415,0.7952692856348018
0.06174747310354256,0.7071067811865476,12.554969346388724,True,all_groundtruth_centers,retrained_nematic,25,0.7141362751853304,0.6563526032956482,0.24333236655128204,11.685592651367188,0.929364523051206,171.05209788179363,145,manuscript_frozen_centers,0.0,0.5958795993960959,0.6810051996246095,0.4256282663402351,11.74734012447073,0.4495110920325989
0.3251615493358635,0.7071067811865476,18.575568023896405,True,all_groundtruth_centers,retrained_nematic,26,-0.5728547568246615,0.8172411458505953,-0.06288352019539128,15.490912437438965,0.9171854811816574,38.07737380546121,145,manuscript_frozen_centers,0.0,-0.3956282744203736,0.8571946183616984,-0.3296902405757558,15.165750888103101,0.835352719334676
1.3092486071826706,0.7071067811865476,2.595869611282266,True,all_groundtruth_centers,retrained_nematic,27,-0.032620952749395256,-0.5865535677729293,0.8092532271017331,16.523305892944336,0.9976551391302497,85.48454438474049,145,manuscript_frozen_centers,0.0,0.056077212834326144,0.6168493466001789,-0.7850810339064791,17.832554500127006,0.6869944798257847
1.3756137824353765,0.7071067811865476,2.133912275791674,True,all_groundtruth_centers,retrained_nematic,28,-0.5300994780295235,0.8360542182136248,0.14144924036569193,16.231203079223633,0.8893297640905932,6.121993384706381,145,manuscript_frozen_centers,0.0,-0.5111656607208819,0.8519427450112106,0.11359237000145676,17.60681686165901,0.8692426667450841
4.413065708574596,0.5,39.46145850535228,True,all_groundtruth_centers,retrained_nematic,29,0.28869595636584017,0.9008004449431767,-0.32436584772165516,15.51179313659668,0.9683138545375896,82.71276657893497,145,manuscript_frozen_centers,0.0,-0.30113136351622843,0.9535826665302055,0.0,19.924858845171276,0.8065765061425971
6.720723015172219,0.0,12.633484076814677,True,all_groundtruth_centers,retrained_nematic,30,0.6822349180635163,-0.48567173300650757,-0.5465148528021201,16.603084564208984,0.9830505409234812,44.64275159988453,145,manuscript_frozen_centers,0.0,-0.5144957554275265,0.5144957554275265,0.6859943405700354,23.323807579381203,0.8701999012842127
3.0049095153808594,0.0,4.377179513138938,True,all_groundtruth_centers,retrained_nematic,31,0.3891564705610082,0.6836601538676762,0.6173864554994095,14.99509048461914,0.968590343478414,138.46787566860536,145,manuscript_frozen_centers,0.0,0.3333333333333333,0.6666666666666666,0.6666666666666666,18.0,0.5773502582082582
2.5635641890090906,0.5,18.9153554301285,True,all_groundtruth_centers,retrained_nematic,32,-0.1407073307146129,-0.597589984793048,0.7893590166446528,10.12501335144043,0.9940985337599522,112.08745480502743,145,manuscript_frozen_centers,0.0,0.07881104226041052,0.3152441690416421,-0.945732485168545,12.68857754044952,0.6786711109999187
3.4653698394112347,3.640054944640259,49.47649380185539,True,all_groundtruth_centers,retrained_nematic,33,0.35366127869743147,0.8258358713382189,-0.43922524239977656,14.997932434082031,0.9412904970380096,91.97257404063905,145,manuscript_frozen_centers,0.0,-0.34684398207543105,0.5202659912715002,-0.7803989687488967,11.532562594670797,0.8206229367297726
1.7835086905312778,0.8660254037844386,5.801489878001506,True,all_groundtruth_centers,retrained_nematic,34,0.5121854349191342,0.2739280993942432,0.8140205627740341,13.283010482788086,0.9726625242512287,144.85070819852137,145,manuscript_frozen_centers,0.0,0.4646063296655145,0.19911699842807765,0.8628402977212712,15.066519173319364,0.5173942608262695
4.477705710003395,1.118033988749895,25.108756205574856,True,all_groundtruth_centers,retrained_nematic,35,0.7103817452859699,0.0507378016695476,0.7019853641253505,12.165611267089844,0.9728996391231767,130.1805328973238,145,manuscript_frozen_centers,0.0,0.9012626579998295,0.24033671215319258,0.36050504308050374,16.64331697709324,0.22219062795647948
2.7452088498574874,0.0,5.16098641030425,True,all_groundtruth_centers,retrained_nematic,36,0.9444583686781992,0.2812779513394767,-0.16994441421824286,14.804719924926758,0.930126228072429,112.75727717425832,145,manuscript_frozen_centers,0.0,0.9116846144398909,0.3418817215510168,-0.22792115360997273,17.549928774784245,0.2101373321327486
2.933726455890959,0.5,25.237155592962452,True,all_groundtruth_centers,retrained_nematic,37,0.24994246047930752,0.967019742732704,-0.04900595489045139,16.48276138305664,0.9792184441716073,83.88770185702876,145,manuscript_frozen_centers,0.0,0.10300524306277863,0.9270471653144879,0.3605183395944654,19.4164878389476,0.6696994755555224
2.3729111451923792,2.345207879911715,20.504773083054054,True,all_groundtruth_centers,retrained_nematic,38,0.036895593485495044,0.9993142413529928,0.0031244536234810174,15.902755737304688,0.9644381400657607,76.44201481806225,145,manuscript_frozen_centers,0.0,0.16415269244315572,0.9301986174029252,0.32830538488631145,18.275666882497067,0.6464701644945163
1.8521711644367898,0.7071067811865476,20.022735252126534,True,all_groundtruth_centers,retrained_nematic,39,-0.43196392931535144,-0.4307348361243626,0.7923854268721507,14.700774192810059,0.9999512313066788,133.61914241428954,145,manuscript_frozen_centers,0.0,0.6645342958909809,0.18123662945972663,-0.7249465178389065,16.55294535724685,0.40955202437324123
0.5025907874340572,0.7071067811865476,5.173233964381698,True,all_groundtruth_centers,retrained_nematic,40,0.12040632532142538,0.9437207228735858,-0.3080479086790688,13.540995597839355,0.9278566097035144,51.28915742632464,145,manuscript_frozen_centers,0.0,0.07669649749790969,0.9203579919061394,-0.3834824820067427,13.038404810405298,0.6794495956699901
3.4611302139505398,0.7071067811865476,11.75154037805407,True,all_groundtruth_centers,retrained_nematic,41,-0.4768462919231114,0.7681653084198299,0.4272466182656645,13.917016983032227,0.966543451438762,36.27378385488397,145,manuscript_frozen_centers,0.0,-0.5178918289175802,0.6329788601989589,0.5754353274535989,17.378147196982766,0.8711750047849692
1.7756300480033502,0.0,0.9325669485209811,True,all_groundtruth_centers,retrained_nematic,42,-0.12526800819976275,0.9921019643477585,0.006451237011842316,16.335140228271484,0.8406859753679753,18.145459309668848,145,manuscript_frozen_centers,0.0,-0.11043153265959423,0.9938837339419802,0.0,18.110770276274835,0.745128025279666
1.7767546591271568,3.1622776601683795,22.590189755975985,True,all_groundtruth_centers,retrained_nematic,43,0.7043945115282478,0.7056987035719151,-0.07627392677579482,11.639653205871582,0.9307843571985919,173.17682633545323,145,manuscript_frozen_centers,0.0,0.5962847792593476,0.7453560072405258,0.2981423896296738,13.416407864998739,0.44928565432015427
0.1692846608789953,0.0,7.193574836127143,True,all_groundtruth_centers,retrained_nematic,44,0.8655863872499389,0.4421935580497663,-0.23500013495078445,15.531576156616211,0.9336591592574913,113.92557713757542,145,manuscript_frozen_centers,0.0,0.9113223725178214,0.39056674118857515,-0.1301889166781318,15.362291495737216,0.2105678302348739
0.7624649586250349,0.7071067811865476,5.793118396701192,True,all_groundtruth_centers,retrained_nematic,45,-0.587884864677864,-0.1241393769258327,0.7993627468047003,14.53459358215332,0.9990965770297612,126.72311763299668,145,manuscript_frozen_centers,0.0,0.5229763603684907,0.06537204504606134,-0.8498365855987975,15.297058540778355,0.48837671091001966
1.792505288986801,0.5,7.027233583101371,True,all_groundtruth_centers,retrained_nematic,46,0.6570252115573978,-0.4735486967984658,0.5865743798858177,12.938414573669434,0.9471143086050128,90.80750827771146,145,manuscript_frozen_centers,0.0,-0.6109597891604871,0.40730654824464024,-0.6788442470744004,14.730919862656235,0.897485320782262
2.007423356073865,0.7071067811865476,2.686412269439909,True,all_groundtruth_centers,retrained_nematic,47,-0.054819313679154144,-0.20399675296559341,0.9774355056100844,10.402250289916992,0.9997403125075124,97.34733448553698,145,manuscript_frozen_centers,0.0,0.08058229458297068,0.24174688924329188,-0.9669875569731675,12.409673645990857,0.6780183243721525
0.2397833873818378,0.7071067811865476,3.5273462946810774,True,all_groundtruth_centers,retrained_nematic,48,-0.45520773459064917,0.8884921278084527,-0.05803151894666734,14.525039672851562,0.8180250906385164,10.376251484463056,145,manuscript_frozen_centers,0.0,-0.47409982924527755,0.880471096578189,0.0,14.7648230602334,0.8585161131367021
,,,False,all_groundtruth_centers,retrained_nematic,49,,,,,,,145,manuscript_frozen_centers,,,,,,
1.9773545890290336,0.5,4.39115124506188,True,all_groundtruth_centers,retrained_nematic,50,0.8828695443014136,-0.4695816771406737,-0.005866535499470698,15.486894607543945,0.8752466800900246,81.92158069069818,145,manuscript_frozen_centers,0.0,-0.9161573362997725,0.4008188308252315,0.0,17.46424919657298,0.9788149313284379
1.2464266983976877,0.9013878188659973,14.243638270319769,True,all_groundtruth_centers,retrained_nematic,51,0.008423715665725006,0.8509659401929756,-0.5251533201321955,14.792588233947754,0.9234028826803037,44.634214792541584,145,manuscript_frozen_centers,0.0,-0.12469594083091269,0.717001620035947,-0.6858276745700197,16.03901493234544,0.7498986470667879
1.3964288551795487,0.7071067811865476,18.610698739003595,True,all_groundtruth_centers,retrained_nematic,52,0.8203255689390484,-0.0015200757220556248,-0.5718947895501634,13.63686752319336,0.9872464455225192,80.15327037424764,145,manuscript_frozen_centers,0.0,-0.5986711159347993,0.06651901334461457,0.7982281101345913,15.033296378372908,0.8940556760466345
0.5475105415179655,0.5,4.228483811738808,True,all_groundtruth_centers,retrained_nematic,53,0.8896884497465762,0.44791117398412317,0.088487527978233,11.15718936920166,0.9617463374539148,179.4323041557885,145,manuscript_frozen_centers,0.0,0.8543576577167611,0.5126145946300567,0.08543576577167611,11.704699910719626,0.2698539799947482
,,,False,all_groundtruth_centers,retrained_nematic,54,,,,,,,145,manuscript_frozen_centers,,,,,,
5.562653317925474,0.7071067811865476,89.93952902829741,True,all_groundtruth_centers,retrained_nematic,55,-0.13796073480156643,0.9783287602626325,0.15440101196557088,14.685803413391113,0.8930583483286397,126.68806042283467,145,manuscript_frozen_centers,0.0,0.9877295966495895,0.1481594394974384,-0.04938647983247947,20.248456731316587,0.0783275295872736
1.536730420612768,0.7071067811865476,19.101305973298036,True,all_groundtruth_centers,retrained_nematic,56,0.2495060517694382,0.8721903940547227,-0.42075009999891144,14.575135231018066,0.9643992153614617,63.94063695503156,145,manuscript_frozen_centers,0.0,-0.07669649828741361,0.9203579794489632,-0.38348251174606446,13.038404810405298,0.7337221748507884
1.1225675665688755,0.8660254037844386,27.779641536228763,True,all_groundtruth_centers,retrained_nematic,57,0.822833168022441,0.5515285382803149,-0.13697389920905623,13.943951606750488,0.9985611240418388,136.02215876344553,145,manuscript_frozen_centers,0.0,0.7300956317704312,0.5973509935738125,0.33186165633606096,15.066519173319364,0.367358379663398
0.7694576780254874,0.7071067811865476,15.556036546062975,True,all_groundtruth_centers,retrained_nematic,58,0.8391865188307474,-0.5152541940790175,-0.17400891384269362,13.583242416381836,0.9753235759188809,59.25365388916053,145,manuscript_frozen_centers,0.0,-0.9057529213209063,0.4180398027949525,-0.06967330046582541,14.352700094407323,0.9761539133987044
2.1613121945384,2.5495097567963922,21.942536798427877,True,all_groundtruth_centers,retrained_nematic,59,0.8335106189414203,-0.2881132641921305,0.47143482593932945,14.985116004943848,0.8791678317474629,118.93565211521405,145,manuscript_frozen_centers,0.0,-0.5832118524065523,0.29160592620327613,-0.7581753880307955,17.146428199482248,0.8897223892242117
,,,False,all_groundtruth_centers,retrained_nematic,60,,,,,,,145,manuscript_frozen_centers,,,,,,
2.106745486432594,0.5,22.95922447949218,True,all_groundtruth_centers,retrained_nematic,61,-0.1557532446807063,0.9738211102413306,0.16556984030847688,14.656309127807617,0.8974107866865675,48.72828691632935,145,manuscript_frozen_centers,0.0,-0.11930999792778504,0.83516997553517,0.5368949956546953,16.76305461424021,0.74810094012374
1.7913006280578294,0.0,17.422444990393295,True,all_groundtruth_centers,retrained_nematic,62,0.3906405941090311,0.8930808857653184,0.22317360443111853,14.82194709777832,0.9999472751296218,106.84359211342074,145,manuscript_frozen_centers,0.0,0.24077171107867185,0.8427009645901936,0.4815434221573437,16.61324772583615,0.6161283502812128
1.2263541244887346,0.5,3.5223006060338586,True,all_groundtruth_centers,retrained_nematic,63,-0.6805497820412701,0.6913215104744359,0.2427479419458054,15.262022972106934,0.9516891781920609,15.775951858708137,145,manuscript_frozen_centers,0.0,-0.6412234665911312,0.7124704891911317,0.28498818909667445,14.035668847618199,0.9058762167387889
3.028966749227184,0.7071067811865476,13.309032651377716,True,all_groundtruth_centers,retrained_nematic,64,0.9282349945569323,0.21393742647075945,0.3043198521867416,14.000419616699219,0.9479902774879666,115.46669442430286,145,manuscript_frozen_centers,0.0,0.8808303386788201,0.05872201978067839,0.4697761582454271,17.029386365926403,0.24410005440230706
0.8875834640670845,0.5,8.801231841297572,True,all_groundtruth_centers,retrained_nematic,65,0.8109971684271519,0.3906163574097002,0.4355484521004742,15.267910957336426,0.9704924919518974,122.54282155968083,145,manuscript_frozen_centers,0.0,0.8665782439420608,0.2475937881043617,0.4332891219710304,16.15549442140351,0.25828449137667214
0.2325087188223165,0.5,7.876962466622093,True,all_groundtruth_centers,retrained_nematic,66,0.5454462570514051,0.7787847166169968,0.3098108226521414,15.798710823059082,0.9959629196392572,139.39154407464815,145,manuscript_frozen_centers,0.0,0.6237828853477357,0.6861611257826449,0.37426971746582305,16.0312195418814,0.43371484204621386
3.701377696822494,0.8660254037844386,13.115951664620189,True,all_groundtruth_centers,retrained_nematic,67,-0.20254279911886675,0.7075374069696885,-0.6770282359427144,16.173229217529297,0.9949304730009898,84.62027884030744,145,manuscript_frozen_centers,0.0,-0.3522082162744436,0.5534700645011547,-0.7547319127278656,19.87460691435179,0.8222555085643134
2.4080146584756683,0.7071067811865476,3.5144335709998655,True,all_groundtruth_centers,retrained_nematic,68,0.44036683325433673,-0.466016574756631,0.7674018531523393,14.384840965270996,0.9998766094856602,63.70176718131337,145,manuscript_frozen_centers,0.0,-0.47639306020616834,0.4168439233445485,-0.7741387445142675,16.792855623746664,0.8591836527118489
,,,False,all_groundtruth_centers,retrained_nematic,69,,,,,,,145,manuscript_frozen_centers,,,,,,
0.237654893597826,0.5,8.007388991146966,True,all_groundtruth_centers,retrained_nematic,70,0.8695302877365662,-0.3087986351691629,-0.3854354441750611,14.89509105682373,0.9701413454581371,67.4786301663845,145,manuscript_frozen_centers,0.0,-0.7929823224703939,0.39649116123519695,0.4625730161950925,15.132745950421556,0.9468321695891819
3.674889334423362,0.0,3.6071005701614087,True,all_groundtruth_centers,retrained_nematic,71,-0.41756487579657897,-0.5779899268577907,0.7011185484295174,15.298776626586914,0.9682760556135958,144.00346210822605,145,manuscript_frozen_centers,0.0,0.42163702258733465,0.5270462920891155,-0.7378647756728884,18.973665961010276,0.537755967115548
2.649137357896093,0.7071067811865476,16.72649264309125,True,all_groundtruth_centers,retrained_nematic,72,0.6387125920007186,-0.05959142919066774,0.7671343339902974,11.70356273651123,0.9840050559414997,97.65327916188001,145,manuscript_frozen_centers,0.0,0.4180398154810011,0.06967330488217702,0.9057529151260877,14.352700094407323,0.5394256944267405
0.7634862982583286,0.8660254037844386,3.907158659102056,True,all_groundtruth_centers,retrained_nematic,73,0.7107156746531399,0.6430904607031891,-0.2851629168648897,14.303032875061035,0.984505176014687,157.19138195702973,145,manuscript_frozen_centers,0.0,0.7300956317704312,0.5973509935738125,-0.33186165633606096,15.066519173319364,0.367358379663398
2.7314801932008805,0.0,9.436344404262883,True,all_groundtruth_centers,retrained_nematic,74,0.7617976113852467,-0.06684667571758589,-0.6443569827612954,15.815756797790527,0.9864290897956486,71.01070697829306,145,manuscript_frozen_centers,0.0,-0.646996644757806,0.10783277138953608,0.7548294079370473,18.547236990991408,0.9074680805830716
2.3894929733278936,0.5,12.35204264401644,True,all_groundtruth_centers,retrained_nematic,75,0.493628439296145,0.7205824494990494,-0.4869208327767484,15.74886417388916,0.9495650876688352,154.08845480761175,145,manuscript_frozen_centers,0.0,0.44105426959657207,0.6064496488823797,-0.661581404394858,18.138357147217054,0.5286519360426639
1.5549394902424538,0.7071067811865476,9.196963066603201,True,all_groundtruth_centers,retrained_nematic,76,0.7950082532993076,-0.538762368809869,0.2787417929560663,14.998005867004395,0.920896400188619,91.19755390872635,145,manuscript_frozen_centers,0.0,-0.7249465119962123,0.5437098839971592,-0.42288546533112387,16.55294535724685,0.9286943901969766
1.4481027175727306,0.5,7.742468286433742,True,all_groundtruth_centers,retrained_nematic,77,0.6456555490160094,0.5394194089665921,0.5405142118899074,15.31495189666748,0.9648309560192666,153.45208184278604,145,manuscript_frozen_centers,0.0,0.5368949920527799,0.5965499842882594,0.5965499842882594,16.76305461424021,0.4811990420113066
2.6730620164692347,0.7071067811865476,1.1604461514854119,True,all_groundtruth_centers,retrained_nematic,78,-0.33925652111921306,0.9233593319595791,-0.17975693856218397,15.602604866027832,0.8304414581178997,3.6598455042167743,145,manuscript_frozen_centers,0.0,-0.3283054117118449,0.9301986055681309,-0.16415270585592245,18.275666882497067,0.814955644149092
1.0818554291047846,0.0,13.555713946025381,True,all_groundtruth_centers,retrained_nematic,79,0.524722894398021,0.6689409650299215,-0.5264825442494752,16.12279510498047,0.9607657594728001,144.4586434042648,145,manuscript_frozen_centers,0.0,0.34874293140530205,0.8137334630904925,-0.4649905577983178,17.204650534085253,0.5706387189035661
0.881078160841696,0.5,9.382010891252538,True,all_groundtruth_centers,retrained_nematic,80,-0.47185496325747656,0.8782464444671655,-0.07769219027719182,10.82362174987793,0.7979824114546314,15.712002869363957,145,manuscript_frozen_centers,0.0,-0.3417430572437494,0.939793425613148,0.0,11.704699910719626,0.8190674691839048
2.560235410787568,0.7071067811865476,8.210763505242996,True,all_groundtruth_centers,retrained_nematic,81,0.4134451913421846,-0.2164936374639086,0.8844170841258495,10.630670547485352,0.9997493783664715,62.52371149863194,145,manuscript_frozen_centers,0.0,-0.5306686455805335,0.1516196130230096,-0.8339078375602874,13.19090595827292,0.8748338747411545
4.013187480185891,0.7071067811865476,6.637754233533054,True,all_groundtruth_centers,retrained_nematic,82,0.6006644902329217,-0.3214776968757483,0.7320206695064619,13.364959716796875,0.9805550849728257,82.44458916913717,145,manuscript_frozen_centers,0.0,-0.5178918003720376,0.2877176478681657,-0.8056094824495426,17.378147196982766,0.8711750163599209
0.7570262425297987,0.0,5.5718454705136935,True,all_groundtruth_centers,retrained_nematic,83,0.8927479750956863,0.13235456683394659,0.4306777468139611,11.075133323669434,0.9372067464100613,107.03943255157343,145,manuscript_frozen_centers,0.0,0.8451542451654442,0.16903085171074908,0.5070925685205485,11.832159566199232,0.2782496668611274
3.0988317155540273,0.5,5.967080389833506,True,all_groundtruth_centers,retrained_nematic,84,0.013194996471353325,0.6550346403380558,0.7554836279002444,14.134856224060059,0.9852787386205641,74.33744003992884,145,manuscript_frozen_centers,0.0,0.05802588341778301,0.580258845034225,0.8123624004181467,17.233687939614086,0.6862849625780348
1.7657688148315174,0.0,9.52072786452226,True,all_groundtruth_centers,retrained_nematic,85,0.7522932857078537,-0.6383650182739334,0.16292610509983405,11.04047966003418,0.980464478318682,24.322778149236445,145,manuscript_frozen_centers,0.0,-0.7808688094430304,0.6246950475544242,0.0,12.806248474865697,0.9436283157665946
2.8019901473117272,0.5,7.929401106890645,True,all_groundtruth_centers,retrained_nematic,86,-0.07192685724676334,0.9881859932381718,-0.13533281189161617,12.851865768432617,0.8681686317768469,27.879027276932586,145,manuscript_frozen_centers,0.0,-0.09950372698030836,0.995037189414058,0.0,10.04987562112089,0.7414525293214241
3.1192331191497793,0.5,8.958511436683683,True,all_groundtruth_centers,retrained_nematic,87,0.9847440025258932,0.17125307733018955,0.030848549305011668,14.459162712097168,0.9500882046298013,129.09269070954278,145,manuscript_frozen_centers,0.0,0.9670962126604284,0.22755204320393269,-0.11377602160196634,17.578395831246947,0.12826494106559394
3.437943650408897,0.5,12.881172678836663,True,all_groundtruth_centers,retrained_nematic,88,0.9112455438595174,-0.3806648119590539,0.15724458570122749,15.771429061889648,0.8129139063840375,107.64190502174127,145,manuscript_frozen_centers,0.0,-0.8329267277103245,0.41646336385516225,-0.36440545115600775,19.209372712298546,0.9573209340119018
3.044580894904332,0.7071067811865476,5.9021620446169205,True,all_groundtruth_centers,retrained_nematic,89,0.607350272602368,-0.07186769017799029,0.791176770057305,12.252477645874023,0.9967884158289636,68.59761932626964,145,manuscript_frozen_centers,0.0,-0.522976358471147,0.06537204480889337,-0.8498365867846372,15.297058540778355,0.8726329123649363
1.7637183558239151,0.5,19.122794538210574,True,all_groundtruth_centers,retrained_nematic,90,-0.27375817980655637,0.9616674247948829,-0.015881532589125523,13.970273971557617,0.8913918818692511,33.992223852288205,145,manuscript_frozen_centers,0.0,-0.573462348873371,0.8192319173620105,0.0,12.206555615733702,0.8869786755085326
0.6060752868652344,0.5,6.311144731338672,True,all_groundtruth_centers,retrained_nematic,91,0.5968199966842902,0.7985142545541749,0.07861855271851696,15.606075286865234,0.9971224550105394,140.8058041861411,145,manuscript_frozen_centers,0.0,0.6666666674777831,0.7333333342255615,0.13333332437049658,15.0,0.40824829707491006
1.0353569610156388,0.5,1.8676063197849,True,all_groundtruth_centers,retrained_nematic,92,-0.4288661835817759,-0.3755511105488446,0.8216052336405435,15.353178024291992,0.9996433145751279,117.87414681030799,145,manuscript_frozen_centers,0.0,0.41905817813609625,0.34921514383869323,-0.8381163562721925,14.317821063276353,0.5389535319428591
6.572781803349407,0.0,4.317147859228932,True,all_groundtruth_centers,retrained_nematic,93,0.46057600204367005,-0.43866558474089656,0.771649046591387,13.023136138916016,0.9939662700838311,53.91204601749952,145,manuscript_frozen_centers,0.0,-0.408248290463863,0.408248290463863,-0.816496580927726,19.595917942265423,0.8391210569704111
4.114819218617672,0.7071067811865476,10.013612679945687,True,all_groundtruth_centers,retrained_nematic,94,0.3327654030109236,0.06430283134705746,0.940814717380489,14.160847663879395,0.9831238212513481,80.10563669500803,145,manuscript_frozen_centers,0.0,0.16415269280546915,0.054717566189326126,0.9849161798828518,18.275666882497067,0.646470163663968
0.7793054764939313,0.5,4.308654261721568,True,all_groundtruth_centers,retrained_nematic,95,0.9849129988609083,-0.16016818006208,0.06551746920031075,8.84156322479248,0.9702675267669912,36.16289626080014,145,manuscript_frozen_centers,0.0,-0.9922778767136677,0.12403473458920847,0.0,8.06225774829855,0.9980676021187452
0.8364172724476795,0.5,6.431860421175685,True,all_groundtruth_centers,retrained_nematic,96,0.919986669368553,0.3820203373815956,-0.08766407480267273,10.34392261505127,0.9775966368028522,177.89877550497698,145,manuscript_frozen_centers,0.0,0.8944271909999159,0.4472135954999579,0.0,11.180339887498949,0.22975291996256378
0.22578200712014684,0.7071067811865476,10.381646397043221,True,all_groundtruth_centers,retrained_nematic,97,0.015873127716742222,0.8051806535392622,-0.5928171378954683,13.416687965393066,0.9340288350170332,43.19254495380508,145,manuscript_frozen_centers,0.0,-0.15161961277865926,0.8339078506453794,-0.5306686250880609,13.19090595827292,0.7588213059093609
1.7698851349100124,0.7071067811865476,8.605385691203775,True,all_groundtruth_centers,retrained_nematic,98,-0.461684167262306,0.6912532203396874,-0.5558927190288813,15.608262062072754,0.9910518437936696,46.383008761026,145,manuscript_frozen_centers,0.0,-0.5178918289175802,0.5754353274535989,-0.6329788601989589,17.378147196982766,0.8711750047849692
1.4955978089666946,0.8660254037844386,4.232389445181337,True,all_groundtruth_centers,retrained_nematic,99,0.9522835682869776,0.02590534086499564,-0.3041133323044054,12.468642234802246,0.9769852992330277,134.01251715564413,145,manuscript_frozen_centers,0.0,0.9309493362512627,0.07161148740394328,-0.35805743701971643,13.96424004376894,0.18580993321527983
0.3893683243616728,0.5,10.723971506697435,True,all_groundtruth_centers,retrained_nematic,100,-0.35012634261655284,-0.6088656320823294,0.7118245473955938,16.49257469177246,0.9385729523496578,148.7601386728153,145,manuscript_frozen_centers,0.0,0.2961744300658569,0.47387909815297685,-0.8292884343272167,16.881943016134134,0.5932223755924141
0.6388107325198984,0.5,16.23833381877126,True,all_groundtruth_centers,retrained_nematic,101,-0.5387025817416932,0.7947697250468053,0.2795364244134562,10.17784309387207,0.8766302473113373,28.556037706132816,145,manuscript_frozen_centers,0.0,-0.554700188424779,0.8320502995381438,0.0,10.816653826391969,0.8816746006965399
4.7789932654074825,0.7071067811865476,13.9762779628557,True,all_groundtruth_centers,retrained_nematic,102,0.35538961539161956,-0.25210607594857054,0.9000781897933148,12.713862419128418,0.9958187817458917,70.99505704289916,145,manuscript_frozen_centers,0.0,-0.22866478547100852,0.05716619636775213,-0.9718253144873009,17.4928556845359,0.7837935823485999
3.3054032691386848,0.5,26.85503016199443,True,all_groundtruth_centers,retrained_nematic,103,0.2428517125010295,0.8702106659180104,0.42866821978990943,10.87204360961914,0.9960852921115,105.80395056089365,145,manuscript_frozen_centers,0.0,0.2821382504269395,0.564276500853879,0.7758801700199122,14.177446878757825,0.599108393356808
0.0324641201131346,0.5,16.536626866641964,True,all_groundtruth_centers,retrained_nematic,104,0.5928442575013054,0.6033439222594039,0.5333964733857586,14.89853286743164,0.9467690172939169,153.88321904026694,145,manuscript_frozen_centers,0.0,0.40360368701654736,0.538138212971738,0.7399400837677554,14.866068747318506,0.5460752403577988
,,,False,all_groundtruth_centers,retrained_nematic,105,,,,,,,145,manuscript_frozen_centers,,,,,,
1.121515833298929,0.5,6.4361966910851445,True,all_groundtruth_centers,retrained_nematic,106,0.905936839737994,-0.07671110822475714,-0.4164058696517928,12.826215744018555,0.9791028902763398,45.295017557622664,145,manuscript_frozen_centers,0.0,-0.939793428789684,0.0,0.34174304850827525,11.704699910719626,0.9848333415854833
2.094839422822922,0.5,12.232297308081318,True,all_groundtruth_centers,retrained_nematic,107,0.7072463433231402,0.5678132320442899,0.42117780493689894,11.209295272827148,0.9404922436093469,167.79473864146095,145,manuscript_frozen_centers,0.0,0.6013168171226034,0.5261522316697737,0.6013168171226034,13.30413469565007,0.44647685749630306
1.6277987204595945,0.5,2.1194726937888677,True,all_groundtruth_centers,retrained_nematic,108,0.9970777921647553,-0.06802300962272854,0.03476703228236813,16.39995765686035,0.8304689132031285,70.99810497158623,145,manuscript_frozen_centers,0.0,-0.9984603531136778,0.055470021273748775,0.0,18.027756377319946,0.9996150141805977
4.674063341396252,0.7071067811865476,5.337689193551887,True,all_groundtruth_centers,retrained_nematic,109,-0.5725702346254853,0.6979104565089651,-0.43021427349213404,12.818792343139648,0.9944260064670355,63.98761163434061,145,manuscript_frozen_centers,0.0,-0.628828143795796,0.628828143795796,-0.4573295651285486,17.4928556845359,0.9024489229922676
1.4085410349444913,0.5,12.885465378722726,True,all_groundtruth_centers,retrained_nematic,110,0.9208667806970777,-0.38985690834272757,0.003995400612002776,15.156268119812012,0.8576078609985316,94.41599046749386,145,manuscript_frozen_centers,0.0,-0.8728715609439694,0.4364357804719847,-0.21821789023599236,13.74772708486752,0.9676961196231291
0.21204184073648236,0.7071067811865476,0.8752682581125346,True,all_groundtruth_centers,retrained_nematic,111,-0.6508143686041874,0.7549405233499213,-0.08065645555366267,12.295087814331055,0.9844232113056215,28.337811391767616,145,manuscript_frozen_centers,0.0,-0.6620847028209084,0.74484530701941,-0.08276058785261355,12.083045973594572,0.9116152536003759
1.8748404678512642,0.5,4.349545859593069,True,all_groundtruth_centers,retrained_nematic,112,-0.004740958379723097,0.0743368502401594,0.9972219191383701,14.280653953552246,0.9840723000920573,107.2250970347703,145,manuscript_frozen_centers,0.0,-0.06189844605901728,0.12379689211803456,0.9903751369442765,16.15549442140351,0.7286626325272987
2.76917330847229,0.5,20.081770430881534,True,all_groundtruth_centers,retrained_nematic,113,-0.4982057625503347,-0.6050491383620559,0.6210527822407474,15.258583068847656,0.9735088689363709,146.53320951163352,145,manuscript_frozen_centers,0.0,0.44376016219659614,0.33282012164744706,-0.832050289990833,18.027756377319946,0.5273707691653469
0.19928287965627334,0.5,6.263916255306435,True,all_groundtruth_centers,retrained_nematic,114,0.778132517424467,0.36600901827720894,-0.510438227277714,16.962337493896484,0.9994746848211209,150.5510188375449,145,manuscript_frozen_centers,0.0,0.8351699785640276,0.3579299982282874,-0.4175849892820138,16.76305461424021,0.28708014373576873
4.5985267584732945,0.7071067811865476,8.324564663122217,True,all_groundtruth_centers,retrained_nematic,115,-0.05292198619160168,0.9218168803101314,-0.38399596684448745,15.149890899658203,0.9097839648481757,37.74533087859861,145,manuscript_frozen_centers,0.0,-0.10127394345355574,0.9621023975452135,-0.2531848435730664,19.748417658131498,0.7420491473301435
0.5695288709969475,0.7071067811865476,1.7936415969080826,True,all_groundtruth_centers,retrained_nematic,116,0.9184882923639149,0.04169619326202154,0.39324379748176014,15.6168851852417,0.8479570409934288,93.91936758863646,145,manuscript_frozen_centers,0.0,0.9267030975709244,0.061780205207426456,0.37068123124455876,16.186414056238647,0.1914378593188505
4.438221763544455,0.8660254037844386,16.48415989737779,True,all_groundtruth_centers,retrained_nematic,117,0.2701971109600381,0.0566387749016154,0.9611376438400968,13.310017585754395,0.9943096812739017,111.08404612964263,145,manuscript_frozen_centers,0.0,0.5070925352563261,0.1690308500881041,0.8451542654485065,17.74823934929885,0.4964410672313849
1.0566938761590858,0.5,9.573751045022723,True,all_groundtruth_centers,retrained_nematic,118,-0.12540959545083827,0.3879805231198931,0.9130955848368073,9.383612632751465,0.990182963340356,107.46215912408297,145,manuscript_frozen_centers,0.0,0.0,0.2873478894330289,0.9578262840611463,10.44030650891055,0.7071067727029889
3.8948497772216797,0.0,7.178402480293843,True,all_groundtruth_centers,retrained_nematic,119,0.10742080008909138,0.9921618749190474,-0.06384031379418398,12.10515022277832,0.9371303262490744,50.56230046086277,145,manuscript_frozen_centers,0.0,0.0,1.0,0.0,16.0,0.7071067811865475
0.03714046732214449,0.5,24.089192391847853,True,all_groundtruth_centers,retrained_nematic,120,0.7332074576747678,-0.5459628563427318,0.4053780747699477,10.779513359069824,0.9730378665092113,76.86431302863899,145,manuscript_frozen_centers,0.0,-0.8320503039188925,0.5547001818536555,0.0,10.816653826391969,0.9570920203819216
1.7239179031102019,0.0,25.753057891625875,True,all_groundtruth_centers,retrained_nematic,121,0.5355450381210448,0.7757673594551203,-0.333731203437675,12.973020553588867,0.8528691445756021,174.614964169887,145,manuscript_frozen_centers,0.0,0.27216553155021295,0.6804138165249108,-0.6804138165249108,14.696938456699069,0.6032555133316496
2.1591999305612006,0.7071067811865476,3.7646532144048446,True,all_groundtruth_centers,retrained_nematic,122,0.7948516932575244,-0.3764277786114898,-0.47593372775552034,14.752334594726562,0.9685876118708847,68.9589720215397,145,manuscript_frozen_centers,0.0,-0.768706097499754,0.3547874418041546,0.5321811785517804,16.911534525287763,0.9404004755240839
1.62689310297759,0.5,5.24847007849508,True,all_groundtruth_centers,retrained_nematic,123,0.8315513669524118,-0.31778719098169994,-0.45555858609791977,14.404326438903809,0.991083807671462,45.67217531373998,145,manuscript_frozen_centers,0.0,-0.8732960169563139,0.3118914214299542,0.3742696995572047,16.0312195418814,0.9678057677750953
0.7399544467526908,0.7071067811865476,5.898177336478277,True,all_groundtruth_centers,retrained_nematic,124,-0.26445639548296723,-0.46669367990798244,0.8439548708444676,10.30540657043457,0.9999132604604288,113.15210167623923,145,manuscript_frozen_centers,0.0,0.36214297335614265,0.4526787232916764,-0.8148217230338118,11.045361017187261,0.5647375719423526
0.8812338072145884,0.7071067811865476,39.40820104259992,True,all_groundtruth_centers,retrained_nematic,125,0.7842935297714855,0.09043019849162222,0.6137638294648438,10.368066787719727,0.9798436197238545,171.29211049173904,145,manuscript_frozen_centers,0.0,0.9486833003761713,0.3162277590398656,0.0,9.486832980505138,0.16018224936054387
1.35751457581393,0.8660254037844386,29.567433676623406,True,all_groundtruth_centers,retrained_nematic,126,0.6227724520080387,0.7675141693506679,-0.15190942322927048,13.16832447052002,0.8878710721310434,179.6574492385995,145,manuscript_frozen_centers,0.0,0.48189987607263374,0.6195855507680841,-0.6195855507680841,14.52583904633395,0.5089696040984836
0.054256121722824346,0.5,6.850687437062282,True,all_groundtruth_centers,retrained_nematic,127,-0.3022656731894855,-0.37271782194829906,0.8773351058822525,15.449060440063477,0.9995214228613035,106.00328494269725,145,manuscript_frozen_centers,0.0,0.3247849202757011,0.25982792596229287,-0.9093977152223551,15.394804318340652,0.5810400479967945
0.05586539930878054,0.5,20.79403311249495,True,all_groundtruth_centers,retrained_nematic,128,0.8627622657982511,0.4630003707524562,-0.20315493938803442,12.7444429397583,0.9997511465971486,154.63634987239809,145,manuscript_frozen_centers,0.0,0.8669214432749878,0.4728662496636983,0.15762208322123275,12.68857754044952,0.2579520692873928
1.1489789926064802,0.8660254037844386,23.041725331545567,True,all_groundtruth_centers,retrained_nematic,129,0.9450479516489215,-0.18793736246963447,-0.26751433021827997,15.67481803894043,0.8789433910541343,107.40121364262234,145,manuscript_frozen_centers,0.0,-0.7572712285475218,0.20652850820549554,0.6195855564105248,14.52583904633395,0.9373556527926509
2.653538423990751,0.7071067811865476,6.345884620645432,True,all_groundtruth_centers,retrained_nematic,130,0.5626112339580829,0.5439003816405502,0.6226082028655159,10.230560302734375,0.9367513360264411,164.20039780836436,145,manuscript_frozen_centers,0.0,0.5433053634860031,0.46569030264991534,0.6985354851581788,12.884098726725126,0.4778570075107433
1.6806201093440016,0.0,11.207751043520235,True,all_groundtruth_centers,retrained_nematic,131,0.666411187155865,-0.32980305722903563,0.6686748634993632,12.6022367477417,0.9647088231322888,79.1966062825669,145,manuscript_frozen_centers,0.0,-0.7001400413802044,0.14002801474080626,-0.7001400413802044,14.2828568570857,0.9219924147584339
2.990968884446218,0.5,6.83734189489119,True,all_groundtruth_centers,retrained_nematic,132,-0.1987671501564606,-0.5200393274152543,0.8306929143553404,12.788764953613281,0.9855721815845796,117.39281329699959,145,manuscript_frozen_centers,0.0,0.12674485802942093,0.4436069749143045,-0.887213949828609,15.7797338380595,0.6607779932242119
1.240059288675809,0.8660254037844386,15.737004392548734,True,all_groundtruth_centers,retrained_nematic,133,-0.47155068180762805,0.8715874567674325,-0.13407184526379903,13.826459884643555,0.8847308631934543,28.05882600188499,145,manuscript_frozen_centers,0.0,-0.5973509657493902,0.7300956618577286,-0.3318616402279664,15.066519173319364,0.8936864629247132
0.15660670839639934,0.5,14.498985115826326,True,all_groundtruth_centers,retrained_nematic,134,0.8224828041187904,-0.38390591185909717,0.4196883221731652,13.309553146362305,0.8403288334961043,109.71869953168007,145,manuscript_frozen_centers,0.0,-0.7602859265947763,0.22808578115511308,-0.6082287285691003,13.152946437965905,0.9381593509869313
0.3400869309372414,0.5,9.994880563891304,True,all_groundtruth_centers,retrained_nematic,135,-0.12303961183429533,0.9831113261825305,-0.13547462585773115,15.864261627197266,0.79700591764316,21.721813641483962,145,manuscript_frozen_centers,0.0,0.0,0.9662349410003117,-0.25766264531383676,15.524174696260024,0.7071067950793497
3.3057260724961104,0.7071067811865476,5.533275802062481,True,all_groundtruth_centers,retrained_nematic,136,0.9893370121869033,0.14023877927372647,0.03931108119737005,15.720571517944336,0.8945738846648565,123.90893862841067,145,manuscript_frozen_centers,0.0,0.9986178294793067,0.052558830333622006,0.0,19.026297590440446,0.02628850210700312
1.5855207443237305,0.5,1.694998684508971,True,all_groundtruth_centers,retrained_nematic,137,0.5443278820421169,0.6172865806578153,0.5680355923455199,9.41447925567627,0.9390278094778579,163.300566335362,145,manuscript_frozen_centers,0.0,0.5454545346050291,0.6363636549628067,0.5454545346050291,11.0,0.4767312991651248
0.9147489676122582,0.5,2.4465009670397055,True,all_groundtruth_centers,retrained_nematic,138,0.6778267106246493,0.39809302271395086,-0.618120453981453,11.454567909240723,0.9494537528114221,166.92951817996607,145,manuscript_frozen_centers,0.0,0.6467616644461078,0.40422604914305127,-0.6467616644461078,12.36931687685298,0.42026082973752116
1.5596084594726562,0.0,8.407065006382,True,all_groundtruth_centers,retrained_nematic,139,0.8587110658290827,0.3859778516658009,-0.3370999902790472,16.440391540527344,0.9968027165616867,132.33934528430237,145,manuscript_frozen_centers,0.0,0.7777777689474599,0.44444445217097245,-0.44444445217097245,18.0,0.3333333292168117
0.4000757818339693,0.7071067811865476,22.03485752251746,True,all_groundtruth_centers,retrained_nematic,140,-0.39926714278083875,0.7901453991134699,-0.4650333288651906,14.091300964355469,0.8673725741504875,38.481704978444036,145,manuscript_frozen_centers,0.0,-0.3450327589048059,0.552052443320609,-0.7590721277364121,14.491376746189438,0.8200709855136443
0.5799933755815392,0.7071067811865476,8.651562587548115,True,all_groundtruth_centers,retrained_nematic,141,-0.39880359031411877,-0.6261830299047454,0.6699630657072682,11.336381912231445,0.9490205395636355,152.24340785552678,145,manuscript_frozen_centers,0.0,0.4195906943424165,0.5035088110820974,-0.7552632166231462,11.916375287812984,0.5387064640439126
0.1927101783068892,1.689628646627492,43.752264296500314,True,all_groundtruth_centers,retrained_nematic,142,-0.483446830085499,0.869033973716238,0.10516232693910645,8.422798156738281,0.9982422530344364,99.36025203178544,145,manuscript_frozen_centers,0.0,-0.722305303204435,0.4886003938677806,-0.489433043505441,8.61550833504517,0.9279831041658404
2.7322709471782343,0.8660254037844386,3.7573011882476837,True,all_groundtruth_centers,retrained_nematic,143,0.5158237617723409,-0.10816059709656921,0.8498394742695499,12.066377639770508,0.9856380541209042,42.89870001069769,145,manuscript_frozen_centers,0.0,-0.4730161587549275,0.06757373510464003,-0.8784585954276622,14.798648586948742,0.8582004840091075
1.616039888637463,0.7071067811865476,9.511577980497952,True,all_groundtruth_centers,retrained_nematic,144,0.031994579188043666,0.9972563800996063,-0.0667537208941172,15.876815795898438,0.8777796204780555,38.981941956159815,145,manuscript_frozen_centers,0.0,0.05716619534893194,0.971825315506121,-0.22866478139572777,17.4928556845359,0.6865980683719082
2.2991679225418338,0.5,11.065454690511467,True,matched_groundtruth_centers,retrained_nematic,0,0.8568606516894787,0.20027617092262975,-0.4750571322976337,17.014039993286133,0.9870521230301194,123.2965085287203,124,manuscript_frozen_centers,0.0,0.7766705419241946,0.10355607820223026,-0.6213364692133815,19.313207915827967,0.33416271465104774
3.737764905104765,0.5,33.94461618593467,True,matched_groundtruth_centers,retrained_nematic,1,0.886404673763719,0.23505700864068194,-0.3987918718062462,14.619794845581055,0.9970641171213357,161.8387593684597,124,manuscript_frozen_centers,0.0,0.9805224796011646,0.10894693903213663,0.16342041326686077,18.35755975068582,0.09868515977618429
0.36371802787591534,0.7071067811865476,10.0280239965833,True,matched_groundtruth_centers,retrained_nematic,2,0.6964952793835606,-0.2460587756508863,0.6740544523416506,11.040796279907227,0.986351921166728,70.74888755473431,124,manuscript_frozen_centers,0.0,-0.6556100634380707,0.09365858166099718,-0.7492686532879774,10.677078252031311,0.9098379201047015
1.7128648697800148,0.5,3.7893005417576036,True,matched_groundtruth_centers,retrained_nematic,3,-0.2093188449466604,0.9220385097548234,-0.3256234138990934,17.23703956604004,0.8210720907677436,11.039854140928492,124,manuscript_frozen_centers,0.0,-0.1932469834375364,0.9018192817640698,-0.3864939668750728,15.524174696260024,0.7724140840546581
1.069172873043458,0.0,7.123451596971098,True,matched_groundtruth_centers,retrained_nematic,4,0.44232921466039454,-0.16201733626592768,0.8820970743672217,13.491046905517578,0.9996161992904299,61.38826868349088,124,manuscript_frozen_centers,0.0,-0.549442255794756,0.137360563948689,-0.8241633836921342,14.560219778561036,0.8801824466656047
0.38631849188193534,0.7071067811865476,3.503832831091199,True,matched_groundtruth_centers,retrained_nematic,5,0.8399682871196708,-0.5402493934669567,-0.050831776398547225,15.425069808959961,0.8812573863530239,91.35844528491413,124,manuscript_frozen_centers,0.0,-0.8221921848997131,0.5692099885717361,0.0,15.811388300841896,0.9545135345194468
0.7627864037592502,0.8660254037844386,4.990888718018046,True,matched_groundtruth_centers,retrained_nematic,6,0.659983701378541,0.37203339827078485,-0.6526964566211252,11.106866836547852,0.9884311036489314,150.21370907057718,124,manuscript_frozen_centers,0.0,0.6767155381753457,0.2900209661112529,-0.6767155381753457,10.344080432788601,0.40204753515231134
1.194565565722531,0.7071067811865476,10.78158892981747,True,matched_groundtruth_centers,retrained_nematic,7,0.9057287309831422,-0.0074108403448553874,0.4237930453854215,11.05288314819336,0.9555960301556863,72.70870422246749,124,manuscript_frozen_centers,0.0,-0.8164966017753487,0.0816496539232479,-0.5715475774627352,12.24744871391589,0.9530206166102841
2.589952472485834,0.0,29.238963458067822,True,matched_groundtruth_centers,retrained_nematic,8,0.38781628158847536,-0.40895626253238765,0.8260467947219632,11.552183151245117,0.9755941320831045,76.19099129689295,124,manuscript_frozen_centers,0.0,-0.14142135761804392,0.0,-0.9899494934639188,14.142135623730951,0.755453961702963
0.9197527334860958,0.7071067811865476,3.7491166049590117,True,matched_groundtruth_centers,retrained_nematic,9,0.98512912821005,0.04551306196296755,-0.16567788610089743,16.573102951049805,0.8920699422105846,112.66721584793501,124,manuscript_frozen_centers,0.0,0.9718253136279184,0.057166197227134584,-0.22866478890853834,17.4928556845359,0.11869010599583531
1.3214275944934677,0.5,19.00714539525111,True,matched_groundtruth_centers,retrained_nematic,10,0.84162100808751,0.25015928166052076,0.4786380809597745,10.885128021240234,0.9366783197793676,174.3804772547935,124,manuscript_frozen_centers,0.0,0.6553855407518844,0.1638463851879711,0.7373087243714094,12.206555615733702,0.41509907832353626
2.2763881511358566,0.5,22.468943153492866,True,matched_groundtruth_centers,retrained_nematic,11,0.809708752976388,0.009073643135258352,0.5867617952403485,12.98794937133789,0.9857606926446317,89.01272673612642,124,manuscript_frozen_centers,0.0,-0.5240974085212615,0.0,-0.851658327254127,15.264337522473747,0.8729540200479509
6.609016403198499,0.5,13.859576142972264,True,matched_groundtruth_centers,retrained_nematic,12,0.5556279911805567,0.4042559375640125,0.7265360778109374,11.529340744018555,0.9885626595573546,135.4098879579382,124,manuscript_frozen_centers,0.0,0.44105426959657207,0.6064496488823797,0.661581404394858,18.138357147217054,0.5286519360426639
1.112581828508734,0.7071067811865476,20.750233260438865,True,matched_groundtruth_centers,retrained_nematic,13,-0.32746924839103075,-0.6301664974158261,0.7040270427283905,11.615340232849121,0.9699512663789662,145.4783050366935,124,manuscript_frozen_centers,0.0,0.3928371086724435,0.31426968152901075,-0.8642416174435995,12.727922061357855,0.5509822705051494
0.7339919848594754,0.8660254037844386,7.000358326345599,True,matched_groundtruth_centers,retrained_nematic,14,-0.23840695160723419,0.9544173649214435,0.17958178905934177,17.238208770751953,0.9127235742249047,34.24445535714184,124,manuscript_frozen_centers,0.0,-0.1669244683026148,0.9459053008734389,0.27820744717102464,17.97220075561143,0.7638469925393556
1.4882337821847358,0.7071067811865476,8.295261241679556,True,matched_groundtruth_centers,retrained_nematic,15,0.8125554905253064,0.46664112136848585,-0.34928446668173035,15.423300743103027,0.99999904201797,152.62957404284302,124,manuscript_frozen_centers,0.0,0.8869685994627274,0.354787439785091,-0.29565617892726065,16.911534525287763,0.23773032370345365
2.04410160310098,0.5,10.19543588690162,True,matched_groundtruth_centers,retrained_nematic,16,0.7303095493712649,-0.6825141950513558,-0.028676395354713252,14.478610038757324,0.9999627041383478,42.16690073449622,124,manuscript_frozen_centers,0.0,-0.7867958112374587,0.6052275082992552,-0.12104550638939107,16.522711641858304,0.9451972745220135
3.262461507833141,0.7071067811865476,21.940514942661586,True,matched_groundtruth_centers,retrained_nematic,17,-0.023574164894696367,-0.5894370918840766,0.8074702306963151,13.766924858093262,0.9983214753394095,95.40834337747802,124,manuscript_frozen_centers,0.0,-0.17616606585441105,0.29361010975735174,-0.9395523512235257,17.029386365926403,0.7668657275792997
0.45597730923875446,0.7071067811865476,9.862331389971848,True,matched_groundtruth_centers,retrained_nematic,18,0.7829283791583597,-0.5953858479529618,0.18038526870505883,14.035399436950684,0.8759034373207684,100.13968668262194,124,manuscript_frozen_centers,0.0,-0.7590721072564882,0.5520524589744059,-0.34503277891456374,14.491376746189438,0.9378358390719451
2.703606037300334,0.7071067811865476,14.875842664708461,True,matched_groundtruth_centers,retrained_nematic,19,0.7157811906184178,-0.1285329190438808,-0.6863938926585371,12.852743148803711,0.9993241573246837,69.37159674030659,124,manuscript_frozen_centers,0.0,-0.5142594845861583,0.19284730671980937,0.8356716453273346,15.556349186104045,0.8701320262007087
2.621889726894299,1.6583123951777,3.9659280324983825,True,matched_groundtruth_centers,retrained_nematic,20,-0.6741110009237509,0.18440094312685054,0.7152416728683438,14.870965957641602,0.9947198926819614,63.288324922675905,124,manuscript_frozen_centers,0.0,-0.6288281366730085,0.22866477997416973,0.7431605431720099,17.4928556845359,0.9024489248893479
0.5685036812944304,0.0,9.066093437415795,True,matched_groundtruth_centers,retrained_nematic,21,0.7398102051661284,0.5732341707835054,-0.3522548023493762,12.54637336730957,0.908256913548726,170.39711025149964,124,manuscript_frozen_centers,0.0,0.7624928516630234,0.45749571099781394,-0.45749571099781394,13.114877048604,0.3446064016473354
1.814213166806148,0.0,18.650779904446587,True,matched_groundtruth_centers,retrained_nematic,22,-0.5535699614216811,0.287512050819819,0.7815990778173809,13.285455703735352,0.9938628165430601,70.63809408486753,124,manuscript_frozen_centers,0.0,-0.2649064599076787,0.2649064599076787,0.9271726565200049,15.0996688705415,0.7952692856348018
0.06174747310354256,0.7071067811865476,12.554969346388724,True,matched_groundtruth_centers,retrained_nematic,23,0.7141362751853304,0.6563526032956482,0.24333236655128204,11.685592651367188,0.929364523051206,171.05209788179363,124,manuscript_frozen_centers,0.0,0.5958795993960959,0.6810051996246095,0.4256282663402351,11.74734012447073,0.4495110920325989
1.3092486071826706,0.7071067811865476,2.595869611282266,True,matched_groundtruth_centers,retrained_nematic,24,-0.032620952749395256,-0.5865535677729293,0.8092532271017331,16.523305892944336,0.9976551391302497,85.48454438474049,124,manuscript_frozen_centers,0.0,0.056077212834326144,0.6168493466001789,-0.7850810339064791,17.832554500127006,0.6869944798257847
1.3756137824353765,0.7071067811865476,2.133912275791674,True,matched_groundtruth_centers,retrained_nematic,25,-0.5300994780295235,0.8360542182136248,0.14144924036569193,16.231203079223633,0.8893297640905932,6.121993384706381,124,manuscript_frozen_centers,0.0,-0.5111656607208819,0.8519427450112106,0.11359237000145676,17.60681686165901,0.8692426667450841
6.720723015172219,0.0,12.633484076814677,True,matched_groundtruth_centers,retrained_nematic,26,0.6822349180635163,-0.48567173300650757,-0.5465148528021201,16.603084564208984,0.9830505409234812,44.64275159988453,124,manuscript_frozen_centers,0.0,-0.5144957554275265,0.5144957554275265,0.6859943405700354,23.323807579381203,0.8701999012842127
3.0049095153808594,0.0,4.377179513138938,True,matched_groundtruth_centers,retrained_nematic,27,0.3891564705610082,0.6836601538676762,0.6173864554994095,14.99509048461914,0.968590343478414,138.46787566860536,124,manuscript_frozen_centers,0.0,0.3333333333333333,0.6666666666666666,0.6666666666666666,18.0,0.5773502582082582
2.5635641890090906,0.5,18.9153554301285,True,matched_groundtruth_centers,retrained_nematic,28,-0.1407073307146129,-0.597589984793048,0.7893590166446528,10.12501335144043,0.9940985337599522,112.08745480502743,124,manuscript_frozen_centers,0.0,0.07881104226041052,0.3152441690416421,-0.945732485168545,12.68857754044952,0.6786711109999187
1.9212356034600102,3.0,82.78856844626716,True,matched_groundtruth_centers,retrained_nematic,29,0.35366127869743147,0.8258358713382189,-0.43922524239977656,14.997932434082031,0.9412904970380096,138.1416619492605,124,manuscript_frozen_centers,0.0,0.8411910154172574,0.07647191229523068,0.5353033926767081,13.076696830622021,0.2817880178532802
1.7835086905312778,0.8660254037844386,5.801489878001506,True,matched_groundtruth_centers,retrained_nematic,30,0.5121854349191342,0.2739280993942432,0.8140205627740341,13.283010482788086,0.9726625242512287,144.85070819852137,124,manuscript_frozen_centers,0.0,0.4646063296655145,0.19911699842807765,0.8628402977212712,15.066519173319364,0.5173942608262695
3.771766183419384,1.5811388300841898,19.626452049833592,True,matched_groundtruth_centers,retrained_nematic,31,0.7103817452859699,0.0507378016695476,0.7019853641253505,12.165611267089844,0.9728996391231767,126.5110818935221,124,manuscript_frozen_centers,0.0,0.878438127193422,0.18823674154144754,0.439219063596711,15.937377450509228,0.24653790291820243
2.7452088498574874,0.0,5.16098641030425,True,matched_groundtruth_centers,retrained_nematic,32,0.9444583686781992,0.2812779513394767,-0.16994441421824286,14.804719924926758,0.930126228072429,112.75727717425832,124,manuscript_frozen_centers,0.0,0.9116846144398909,0.3418817215510168,-0.22792115360997273,17.549928774784245,0.2101373321327486
6.003260800693022,2.692582403567252,25.035021172491792,True,matched_groundtruth_centers,retrained_nematic,33,0.036895593485495044,0.9993142413529928,0.0031244536234810174,15.902755737304688,0.9644381400657607,68.71117745820652,124,manuscript_frozen_centers,0.0,-0.10101525168862262,0.9091372953227866,0.40406100675449047,9.899494936611665,0.7419620163520865
1.8521711644367898,0.7071067811865476,20.022735252126534,True,matched_groundtruth_centers,retrained_nematic,34,-0.43196392931535144,-0.4307348361243626,0.7923854268721507,14.700774192810059,0.9999512313066788,133.61914241428954,124,manuscript_frozen_centers,0.0,0.6645342958909809,0.18123662945972663,-0.7249465178389065,16.55294535724685,0.40955202437324123
0.5025907874340572,0.7071067811865476,5.173233964381698,True,matched_groundtruth_centers,retrained_nematic,35,0.12040632532142538,0.9437207228735858,-0.3080479086790688,13.540995597839355,0.9278566097035144,51.28915742632464,124,manuscript_frozen_centers,0.0,0.07669649749790969,0.9203579919061394,-0.3834824820067427,13.038404810405298,0.6794495956699901
3.4611302139505398,0.7071067811865476,11.75154037805407,True,matched_groundtruth_centers,retrained_nematic,36,-0.4768462919231114,0.7681653084198299,0.4272466182656645,13.917016983032227,0.966543451438762,36.27378385488397,124,manuscript_frozen_centers,0.0,-0.5178918289175802,0.6329788601989589,0.5754353274535989,17.378147196982766,0.8711750047849692
1.7756300480033502,0.0,0.9325669485209811,True,matched_groundtruth_centers,retrained_nematic,37,-0.12526800819976275,0.9921019643477585,0.006451237011842316,16.335140228271484,0.8406859753679753,18.145459309668848,124,manuscript_frozen_centers,0.0,-0.11043153265959423,0.9938837339419802,0.0,18.110770276274835,0.745128025279666
4.012822636626947,2.692582403567252,75.67767413483976,True,matched_groundtruth_centers,retrained_nematic,38,0.7043945115282478,0.7056987035719151,-0.07627392677579482,11.639653205871582,0.9307843571985919,169.01887803279294,124,manuscript_frozen_centers,0.0,0.0,0.4472135954999579,0.8944271909999159,15.652475842498529,0.7071067848608432
0.1692846608789953,0.0,7.193574836127143,True,matched_groundtruth_centers,retrained_nematic,39,0.8655863872499389,0.4421935580497663,-0.23500013495078445,15.531576156616211,0.9336591592574913,113.92557713757542,124,manuscript_frozen_centers,0.0,0.9113223725178214,0.39056674118857515,-0.1301889166781318,15.362291495737216,0.2105678302348739
0.7624649586250349,0.7071067811865476,5.793118396701192,True,matched_groundtruth_centers,retrained_nematic,40,-0.587884864677864,-0.1241393769258327,0.7993627468047003,14.53459358215332,0.9990965770297612,126.72311763299668,124,manuscript_frozen_centers,0.0,0.5229763603684907,0.06537204504606134,-0.8498365855987975,15.297058540778355,0.48837671091001966
1.792505288986801,0.5,7.027233583101371,True,matched_groundtruth_centers,retrained_nematic,41,0.6570252115573978,-0.4735486967984658,0.5865743798858177,12.938414573669434,0.9471143086050128,90.80750827771146,124,manuscript_frozen_centers,0.0,-0.6109597891604871,0.40730654824464024,-0.6788442470744004,14.730919862656235,0.897485320782262
2.007423356073865,0.7071067811865476,2.686412269439909,True,matched_groundtruth_centers,retrained_nematic,42,-0.054819313679154144,-0.20399675296559341,0.9774355056100844,10.402250289916992,0.9997403125075124,97.34733448553698,124,manuscript_frozen_centers,0.0,0.08058229458297068,0.24174688924329188,-0.9669875569731675,12.409673645990857,0.6780183243721525
0.2397833873818378,0.7071067811865476,3.5273462946810774,True,matched_groundtruth_centers,retrained_nematic,43,-0.45520773459064917,0.8884921278084527,-0.05803151894666734,14.525039672851562,0.8180250906385164,10.376251484463056,124,manuscript_frozen_centers,0.0,-0.47409982924527755,0.880471096578189,0.0,14.7648230602334,0.8585161131367021
,,,False,matched_groundtruth_centers,retrained_nematic,44,,,,,,,124,manuscript_frozen_centers,,,,,,
1.9773545890290336,0.5,4.39115124506188,True,matched_groundtruth_centers,retrained_nematic,45,0.8828695443014136,-0.4695816771406737,-0.005866535499470698,15.486894607543945,0.8752466800900246,81.92158069069818,124,manuscript_frozen_centers,0.0,-0.9161573362997725,0.4008188308252315,0.0,17.46424919657298,0.9788149313284379
1.2464266983976877,0.9013878188659973,14.243638270319769,True,matched_groundtruth_centers,retrained_nematic,46,0.008423715665725006,0.8509659401929756,-0.5251533201321955,14.792588233947754,0.9234028826803037,44.634214792541584,124,manuscript_frozen_centers,0.0,-0.12469594083091269,0.717001620035947,-0.6858276745700197,16.03901493234544,0.7498986470667879
1.3964288551795487,0.7071067811865476,18.610698739003595,True,matched_groundtruth_centers,retrained_nematic,47,0.8203255689390484,-0.0015200757220556248,-0.5718947895501634,13.63686752319336,0.9872464455225192,80.15327037424764,124,manuscript_frozen_centers,0.0,-0.5986711159347993,0.06651901334461457,0.7982281101345913,15.033296378372908,0.8940556760466345
0.5475105415179655,0.5,4.228483811738808,True,matched_groundtruth_centers,retrained_nematic,48,0.8896884497465762,0.44791117398412317,0.088487527978233,11.15718936920166,0.9617463374539148,179.4323041557885,124,manuscript_frozen_centers,0.0,0.8543576577167611,0.5126145946300567,0.08543576577167611,11.704699910719626,0.2698539799947482
,,,False,matched_groundtruth_centers,retrained_nematic,49,,,,,,,124,manuscript_frozen_centers,,,,,,
1.536730420612768,0.7071067811865476,19.101305973298036,True,matched_groundtruth_centers,retrained_nematic,50,0.2495060517694382,0.8721903940547227,-0.42075009999891144,14.575135231018066,0.9643992153614617,63.94063695503156,124,manuscript_frozen_centers,0.0,-0.07669649828741361,0.9203579794489632,-0.38348251174606446,13.038404810405298,0.7337221748507884
1.1225675665688755,0.8660254037844386,27.779641536228763,True,matched_groundtruth_centers,retrained_nematic,51,0.822833168022441,0.5515285382803149,-0.13697389920905623,13.943951606750488,0.9985611240418388,136.02215876344553,124,manuscript_frozen_centers,0.0,0.7300956317704312,0.5973509935738125,0.33186165633606096,15.066519173319364,0.367358379663398
0.7694576780254874,0.7071067811865476,15.556036546062975,True,matched_groundtruth_centers,retrained_nematic,52,0.8391865188307474,-0.5152541940790175,-0.17400891384269362,13.583242416381836,0.9753235759188809,59.25365388916053,124,manuscript_frozen_centers,0.0,-0.9057529213209063,0.4180398027949525,-0.06967330046582541,14.352700094407323,0.9761539133987044
2.1613121945384,2.5,21.942536798427877,True,matched_groundtruth_centers,retrained_nematic,53,0.8335106189414203,-0.2881132641921305,0.47143482593932945,14.985116004943848,0.8791678317474629,118.93565211521405,124,manuscript_frozen_centers,0.0,-0.5832118524065523,0.29160592620327613,-0.7581753880307955,17.146428199482248,0.8897223892242117
1.7913006280578294,0.0,17.422444990393295,True,matched_groundtruth_centers,retrained_nematic,54,0.3906405941090311,0.8930808857653184,0.22317360443111853,14.82194709777832,0.9999472751296218,106.84359211342074,124,manuscript_frozen_centers,0.0,0.24077171107867185,0.8427009645901936,0.4815434221573437,16.61324772583615,0.6161283502812128
3.028966749227184,0.7071067811865476,13.309032651377716,True,matched_groundtruth_centers,retrained_nematic,55,0.9282349945569323,0.21393742647075945,0.3043198521867416,14.000419616699219,0.9479902774879666,115.46669442430286,124,manuscript_frozen_centers,0.0,0.8808303386788201,0.05872201978067839,0.4697761582454271,17.029386365926403,0.24410005440230706
0.2325087188223165,0.5,7.876962466622093,True,matched_groundtruth_centers,retrained_nematic,56,0.5454462570514051,0.7787847166169968,0.3098108226521414,15.798710823059082,0.9959629196392572,139.39154407464815,124,manuscript_frozen_centers,0.0,0.6237828853477357,0.6861611257826449,0.37426971746582305,16.0312195418814,0.43371484204621386
3.701377696822494,0.8660254037844386,13.115951664620189,True,matched_groundtruth_centers,retrained_nematic,57,-0.20254279911886675,0.7075374069696885,-0.6770282359427144,16.173229217529297,0.9949304730009898,84.62027884030744,124,manuscript_frozen_centers,0.0,-0.3522082162744436,0.5534700645011547,-0.7547319127278656,19.87460691435179,0.8222555085643134
2.4080146584756683,0.7071067811865476,3.5144335709998655,True,matched_groundtruth_centers,retrained_nematic,58,0.44036683325433673,-0.466016574756631,0.7674018531523393,14.384840965270996,0.9998766094856602,63.70176718131337,124,manuscript_frozen_centers,0.0,-0.47639306020616834,0.4168439233445485,-0.7741387445142675,16.792855623746664,0.8591836527118489
,,,False,matched_groundtruth_centers,retrained_nematic,59,,,,,,,124,manuscript_frozen_centers,,,,,,
0.237654893597826,0.5,8.007388991146966,True,matched_groundtruth_centers,retrained_nematic,60,0.8695302877365662,-0.3087986351691629,-0.3854354441750611,14.89509105682373,0.9701413454581371,67.4786301663845,124,manuscript_frozen_centers,0.0,-0.7929823224703939,0.39649116123519695,0.4625730161950925,15.132745950421556,0.9468321695891819
3.674889334423362,0.0,3.6071005701614087,True,matched_groundtruth_centers,retrained_nematic,61,-0.41756487579657897,-0.5779899268577907,0.7011185484295174,15.298776626586914,0.9682760556135958,144.00346210822605,124,manuscript_frozen_centers,0.0,0.42163702258733465,0.5270462920891155,-0.7378647756728884,18.973665961010276,0.537755967115548
2.649137357896093,0.7071067811865476,16.72649264309125,True,matched_groundtruth_centers,retrained_nematic,62,0.6387125920007186,-0.05959142919066774,0.7671343339902974,11.70356273651123,0.9840050559414997,97.65327916188001,124,manuscript_frozen_centers,0.0,0.4180398154810011,0.06967330488217702,0.9057529151260877,14.352700094407323,0.5394256944267405
0.7634862982583286,0.8660254037844386,3.907158659102056,True,matched_groundtruth_centers,retrained_nematic,63,0.7107156746531399,0.6430904607031891,-0.2851629168648897,14.303032875061035,0.984505176014687,157.19138195702973,124,manuscript_frozen_centers,0.0,0.7300956317704312,0.5973509935738125,-0.33186165633606096,15.066519173319364,0.367358379663398
2.7314801932008805,0.0,9.436344404262883,True,matched_groundtruth_centers,retrained_nematic,64,0.7617976113852467,-0.06684667571758589,-0.6443569827612954,15.815756797790527,0.9864290897956486,71.01070697829306,124,manuscript_frozen_centers,0.0,-0.646996644757806,0.10783277138953608,0.7548294079370473,18.547236990991408,0.9074680805830716
2.3894929733278936,0.5,12.35204264401644,True,matched_groundtruth_centers,retrained_nematic,65,0.493628439296145,0.7205824494990494,-0.4869208327767484,15.74886417388916,0.9495650876688352,154.08845480761175,124,manuscript_frozen_centers,0.0,0.44105426959657207,0.6064496488823797,-0.661581404394858,18.138357147217054,0.5286519360426639
1.5549394902424538,0.7071067811865476,9.196963066603201,True,matched_groundtruth_centers,retrained_nematic,66,0.7950082532993076,-0.538762368809869,0.2787417929560663,14.998005867004395,0.920896400188619,91.19755390872635,124,manuscript_frozen_centers,0.0,-0.7249465119962123,0.5437098839971592,-0.42288546533112387,16.55294535724685,0.9286943901969766
1.0818554291047846,0.0,13.555713946025381,True,matched_groundtruth_centers,retrained_nematic,67,0.524722894398021,0.6689409650299215,-0.5264825442494752,16.12279510498047,0.9607657594728001,144.4586434042648,124,manuscript_frozen_centers,0.0,0.34874293140530205,0.8137334630904925,-0.4649905577983178,17.204650534085253,0.5706387189035661
4.013187480185891,0.7071067811865476,6.637754233533054,True,matched_groundtruth_centers,retrained_nematic,68,0.6006644902329217,-0.3214776968757483,0.7320206695064619,13.364959716796875,0.9805550849728257,82.44458916913717,124,manuscript_frozen_centers,0.0,-0.5178918003720376,0.2877176478681657,-0.8056094824495426,17.378147196982766,0.8711750163599209
0.7570262425297987,0.0,5.5718454705136935,True,matched_groundtruth_centers,retrained_nematic,69,0.8927479750956863,0.13235456683394659,0.4306777468139611,11.075133323669434,0.9372067464100613,107.03943255157343,124,manuscript_frozen_centers,0.0,0.8451542451654442,0.16903085171074908,0.5070925685205485,11.832159566199232,0.2782496668611274
3.0988317155540273,0.5,5.967080389833506,True,matched_groundtruth_centers,retrained_nematic,70,0.013194996471353325,0.6550346403380558,0.7554836279002444,14.134856224060059,0.9852787386205641,74.33744003992884,124,manuscript_frozen_centers,0.0,0.05802588341778301,0.580258845034225,0.8123624004181467,17.233687939614086,0.6862849625780348
1.7657688148315174,0.0,9.52072786452226,True,matched_groundtruth_centers,retrained_nematic,71,0.7522932857078537,-0.6383650182739334,0.16292610509983405,11.04047966003418,0.980464478318682,24.322778149236445,124,manuscript_frozen_centers,0.0,-0.7808688094430304,0.6246950475544242,0.0,12.806248474865697,0.9436283157665946
3.1192331191497793,0.5,8.958511436683683,True,matched_groundtruth_centers,retrained_nematic,72,0.9847440025258932,0.17125307733018955,0.030848549305011668,14.459162712097168,0.9500882046298013,129.09269070954278,124,manuscript_frozen_centers,0.0,0.9670962126604284,0.22755204320393269,-0.11377602160196634,17.578395831246947,0.12826494106559394
3.437943650408897,0.5,12.881172678836663,True,matched_groundtruth_centers,retrained_nematic,73,0.9112455438595174,-0.3806648119590539,0.15724458570122749,15.771429061889648,0.8129139063840375,107.64190502174127,124,manuscript_frozen_centers,0.0,-0.8329267277103245,0.41646336385516225,-0.36440545115600775,19.209372712298546,0.9573209340119018
3.044580894904332,0.7071067811865476,5.9021620446169205,True,matched_groundtruth_centers,retrained_nematic,74,0.607350272602368,-0.07186769017799029,0.791176770057305,12.252477645874023,0.9967884158289636,68.59761932626964,124,manuscript_frozen_centers,0.0,-0.522976358471147,0.06537204480889337,-0.8498365867846372,15.297058540778355,0.8726329123649363
1.7637183558239151,0.5,19.122794538210574,True,matched_groundtruth_centers,retrained_nematic,75,-0.27375817980655637,0.9616674247948829,-0.015881532589125523,13.970273971557617,0.8913918818692511,33.992223852288205,124,manuscript_frozen_centers,0.0,-0.573462348873371,0.8192319173620105,0.0,12.206555615733702,0.8869786755085326
0.6060752868652344,0.5,6.311144731338672,True,matched_groundtruth_centers,retrained_nematic,76,0.5968199966842902,0.7985142545541749,0.07861855271851696,15.606075286865234,0.9971224550105394,140.8058041861411,124,manuscript_frozen_centers,0.0,0.6666666674777831,0.7333333342255615,0.13333332437049658,15.0,0.40824829707491006
1.0353569610156388,0.5,1.8676063197849,True,matched_groundtruth_centers,retrained_nematic,77,-0.4288661835817759,-0.3755511105488446,0.8216052336405435,15.353178024291992,0.9996433145751279,117.87414681030799,124,manuscript_frozen_centers,0.0,0.41905817813609625,0.34921514383869323,-0.8381163562721925,14.317821063276353,0.5389535319428591
6.572781803349407,0.0,4.317147859228932,True,matched_groundtruth_centers,retrained_nematic,78,0.46057600204367005,-0.43866558474089656,0.771649046591387,13.023136138916016,0.9939662700838311,53.91204601749952,124,manuscript_frozen_centers,0.0,-0.408248290463863,0.408248290463863,-0.816496580927726,19.595917942265423,0.8391210569704111
4.114819218617672,0.7071067811865476,10.013612679945687,True,matched_groundtruth_centers,retrained_nematic,79,0.3327654030109236,0.06430283134705746,0.940814717380489,14.160847663879395,0.9831238212513481,80.10563669500803,124,manuscript_frozen_centers,0.0,0.16415269280546915,0.054717566189326126,0.9849161798828518,18.275666882497067,0.646470163663968
0.7793054764939313,0.5,4.308654261721568,True,matched_groundtruth_centers,retrained_nematic,80,0.9849129988609083,-0.16016818006208,0.06551746920031075,8.84156322479248,0.9702675267669912,36.16289626080014,124,manuscript_frozen_centers,0.0,-0.9922778767136677,0.12403473458920847,0.0,8.06225774829855,0.9980676021187452
0.8364172724476795,0.5,6.431860421175685,True,matched_groundtruth_centers,retrained_nematic,81,0.919986669368553,0.3820203373815956,-0.08766407480267273,10.34392261505127,0.9775966368028522,177.89877550497698,124,manuscript_frozen_centers,0.0,0.8944271909999159,0.4472135954999579,0.0,11.180339887498949,0.22975291996256378
0.22578200712014684,0.7071067811865476,10.381646397043221,True,matched_groundtruth_centers,retrained_nematic,82,0.015873127716742222,0.8051806535392622,-0.5928171378954683,13.416687965393066,0.9340288350170332,43.19254495380508,124,manuscript_frozen_centers,0.0,-0.15161961277865926,0.8339078506453794,-0.5306686250880609,13.19090595827292,0.7588213059093609
1.7698851349100124,0.7071067811865476,8.605385691203775,True,matched_groundtruth_centers,retrained_nematic,83,-0.461684167262306,0.6912532203396874,-0.5558927190288813,15.608262062072754,0.9910518437936696,46.383008761026,124,manuscript_frozen_centers,0.0,-0.5178918289175802,0.5754353274535989,-0.6329788601989589,17.378147196982766,0.8711750047849692
1.4955978089666946,0.8660254037844386,4.232389445181337,True,matched_groundtruth_centers,retrained_nematic,84,0.9522835682869776,0.02590534086499564,-0.3041133323044054,12.468642234802246,0.9769852992330277,134.01251715564413,124,manuscript_frozen_centers,0.0,0.9309493362512627,0.07161148740394328,-0.35805743701971643,13.96424004376894,0.18580993321527983
0.3893683243616728,0.5,10.723971506697435,True,matched_groundtruth_centers,retrained_nematic,85,-0.35012634261655284,-0.6088656320823294,0.7118245473955938,16.49257469177246,0.9385729523496578,148.7601386728153,124,manuscript_frozen_centers,0.0,0.2961744300658569,0.47387909815297685,-0.8292884343272167,16.881943016134134,0.5932223755924141
4.7789932654074825,0.7071067811865476,13.9762779628557,True,matched_groundtruth_centers,retrained_nematic,86,0.35538961539161956,-0.25210607594857054,0.9000781897933148,12.713862419128418,0.9958187817458917,70.99505704289916,124,manuscript_frozen_centers,0.0,-0.22866478547100852,0.05716619636775213,-0.9718253144873009,17.4928556845359,0.7837935823485999
3.3054032691386848,0.5,26.85503016199443,True,matched_groundtruth_centers,retrained_nematic,87,0.2428517125010295,0.8702106659180104,0.42866821978990943,10.87204360961914,0.9960852921115,105.80395056089365,124,manuscript_frozen_centers,0.0,0.2821382504269395,0.564276500853879,0.7758801700199122,14.177446878757825,0.599108393356808
2.4760000123759056,2.598076211353316,26.836488918163784,True,matched_groundtruth_centers,retrained_nematic,88,-0.4154577938633833,-0.3346621535616761,0.8458108916842061,13.303733825683594,0.9970721056696847,74.46241072781906,124,manuscript_frozen_centers,0.0,-0.4436069755784506,0.1267448464068643,0.8872139511569012,15.7797338380595,0.8495901981788271
1.121515833298929,0.5,6.4361966910851445,True,matched_groundtruth_centers,retrained_nematic,89,0.905936839737994,-0.07671110822475714,-0.4164058696517928,12.826215744018555,0.9791028902763398,45.295017557622664,124,manuscript_frozen_centers,0.0,-0.939793428789684,0.0,0.34174304850827525,11.704699910719626,0.9848333415854833
2.094839422822922,0.5,12.232297308081318,True,matched_groundtruth_centers,retrained_nematic,90,0.7072463433231402,0.5678132320442899,0.42117780493689894,11.209295272827148,0.9404922436093469,167.79473864146095,124,manuscript_frozen_centers,0.0,0.6013168171226034,0.5261522316697737,0.6013168171226034,13.30413469565007,0.44647685749630306
1.6277987204595945,0.5,2.1194726937888677,True,matched_groundtruth_centers,retrained_nematic,91,0.9970777921647553,-0.06802300962272854,0.03476703228236813,16.39995765686035,0.8304689132031285,70.99810497158623,124,manuscript_frozen_centers,0.0,-0.9984603531136778,0.055470021273748775,0.0,18.027756377319946,0.9996150141805977
4.674063341396252,0.7071067811865476,5.337689193551887,True,matched_groundtruth_centers,retrained_nematic,92,-0.5725702346254853,0.6979104565089651,-0.43021427349213404,12.818792343139648,0.9944260064670355,63.98761163434061,124,manuscript_frozen_centers,0.0,-0.628828143795796,0.628828143795796,-0.4573295651285486,17.4928556845359,0.9024489229922676
0.21204184073648236,0.7071067811865476,0.8752682581125346,True,matched_groundtruth_centers,retrained_nematic,93,-0.6508143686041874,0.7549405233499213,-0.08065645555366267,12.295087814331055,0.9844232113056215,28.337811391767616,124,manuscript_frozen_centers,0.0,-0.6620847028209084,0.74484530701941,-0.08276058785261355,12.083045973594572,0.9116152536003759
1.8748404678512642,0.5,4.349545859593069,True,matched_groundtruth_centers,retrained_nematic,94,-0.004740958379723097,0.0743368502401594,0.9972219191383701,14.280653953552246,0.9840723000920573,107.2250970347703,124,manuscript_frozen_centers,0.0,-0.06189844605901728,0.12379689211803456,0.9903751369442765,16.15549442140351,0.7286626325272987
2.76917330847229,0.5,20.081770430881534,True,matched_groundtruth_centers,retrained_nematic,95,-0.4982057625503347,-0.6050491383620559,0.6210527822407474,15.258583068847656,0.9735088689363709,146.53320951163352,124,manuscript_frozen_centers,0.0,0.44376016219659614,0.33282012164744706,-0.832050289990833,18.027756377319946,0.5273707691653469
0.19928287965627334,0.5,6.263916255306435,True,matched_groundtruth_centers,retrained_nematic,96,0.778132517424467,0.36600901827720894,-0.510438227277714,16.962337493896484,0.9994746848211209,150.5510188375449,124,manuscript_frozen_centers,0.0,0.8351699785640276,0.3579299982282874,-0.4175849892820138,16.76305461424021,0.28708014373576873
4.5985267584732945,0.7071067811865476,8.324564663122217,True,matched_groundtruth_centers,retrained_nematic,97,-0.05292198619160168,0.9218168803101314,-0.38399596684448745,15.149890899658203,0.9097839648481757,37.74533087859861,124,manuscript_frozen_centers,0.0,-0.10127394345355574,0.9621023975452135,-0.2531848435730664,19.748417658131498,0.7420491473301435
0.5695288709969475,0.7071067811865476,1.7936415969080826,True,matched_groundtruth_centers,retrained_nematic,98,0.9184882923639149,0.04169619326202154,0.39324379748176014,15.6168851852417,0.8479570409934288,93.91936758863646,124,manuscript_frozen_centers,0.0,0.9267030975709244,0.061780205207426456,0.37068123124455876,16.186414056238647,0.1914378593188505
4.438221763544455,0.8660254037844386,16.48415989737779,True,matched_groundtruth_centers,retrained_nematic,99,0.2701971109600381,0.0566387749016154,0.9611376438400968,13.310017585754395,0.9943096812739017,111.08404612964263,124,manuscript_frozen_centers,0.0,0.5070925352563261,0.1690308500881041,0.8451542654485065,17.74823934929885,0.4964410672313849
1.0566938761590858,0.5,9.573751045022723,True,matched_groundtruth_centers,retrained_nematic,100,-0.12540959545083827,0.3879805231198931,0.9130955848368073,9.383612632751465,0.990182963340356,107.46215912408297,124,manuscript_frozen_centers,0.0,0.0,0.2873478894330289,0.9578262840611463,10.44030650891055,0.7071067727029889
3.8948497772216797,0.0,7.178402480293843,True,matched_groundtruth_centers,retrained_nematic,101,0.10742080008909138,0.9921618749190474,-0.06384031379418398,12.10515022277832,0.9371303262490744,50.56230046086277,124,manuscript_frozen_centers,0.0,0.0,1.0,0.0,16.0,0.7071067811865475
0.03714046732214449,0.5,24.089192391847853,True,matched_groundtruth_centers,retrained_nematic,102,0.7332074576747678,-0.5459628563427318,0.4053780747699477,10.779513359069824,0.9730378665092113,76.86431302863899,124,manuscript_frozen_centers,0.0,-0.8320503039188925,0.5547001818536555,0.0,10.816653826391969,0.9570920203819216
1.7239179031102019,0.0,25.753057891625875,True,matched_groundtruth_centers,retrained_nematic,103,0.5355450381210448,0.7757673594551203,-0.333731203437675,12.973020553588867,0.8528691445756021,174.614964169887,124,manuscript_frozen_centers,0.0,0.27216553155021295,0.6804138165249108,-0.6804138165249108,14.696938456699069,0.6032555133316496
2.1591999305612006,0.7071067811865476,3.7646532144048446,True,matched_groundtruth_centers,retrained_nematic,104,0.7948516932575244,-0.3764277786114898,-0.47593372775552034,14.752334594726562,0.9685876118708847,68.9589720215397,124,manuscript_frozen_centers,0.0,-0.768706097499754,0.3547874418041546,0.5321811785517804,16.911534525287763,0.9404004755240839
1.62689310297759,0.5,5.24847007849508,True,matched_groundtruth_centers,retrained_nematic,105,0.8315513669524118,-0.31778719098169994,-0.45555858609791977,14.404326438903809,0.991083807671462,45.67217531373998,124,manuscript_frozen_centers,0.0,-0.8732960169563139,0.3118914214299542,0.3742696995572047,16.0312195418814,0.9678057677750953
0.7399544467526908,0.7071067811865476,5.898177336478277,True,matched_groundtruth_centers,retrained_nematic,106,-0.26445639548296723,-0.46669367990798244,0.8439548708444676,10.30540657043457,0.9999132604604288,113.15210167623923,124,manuscript_frozen_centers,0.0,0.36214297335614265,0.4526787232916764,-0.8148217230338118,11.045361017187261,0.5647375719423526
0.8812338072145884,0.7071067811865476,39.40820104259992,True,matched_groundtruth_centers,retrained_nematic,107,0.7842935297714855,0.09043019849162222,0.6137638294648438,10.368066787719727,0.9798436197238545,171.29211049173904,124,manuscript_frozen_centers,0.0,0.9486833003761713,0.3162277590398656,0.0,9.486832980505138,0.16018224936054387
1.35751457581393,0.8660254037844386,29.567433676623406,True,matched_groundtruth_centers,retrained_nematic,108,0.6227724520080387,0.7675141693506679,-0.15190942322927048,13.16832447052002,0.8878710721310434,179.6574492385995,124,manuscript_frozen_centers,0.0,0.48189987607263374,0.6195855507680841,-0.6195855507680841,14.52583904633395,0.5089696040984836
0.054256121722824346,0.5,6.850687437062282,True,matched_groundtruth_centers,retrained_nematic,109,-0.3022656731894855,-0.37271782194829906,0.8773351058822525,15.449060440063477,0.9995214228613035,106.00328494269725,124,manuscript_frozen_centers,0.0,0.3247849202757011,0.25982792596229287,-0.9093977152223551,15.394804318340652,0.5810400479967945
0.05586539930878054,0.5,20.79403311249495,True,matched_groundtruth_centers,retrained_nematic,110,0.8627622657982511,0.4630003707524562,-0.20315493938803442,12.7444429397583,0.9997511465971486,154.63634987239809,124,manuscript_frozen_centers,0.0,0.8669214432749878,0.4728662496636983,0.15762208322123275,12.68857754044952,0.2579520692873928
1.1489789926064802,0.8660254037844386,23.041725331545567,True,matched_groundtruth_centers,retrained_nematic,111,0.9450479516489215,-0.18793736246963447,-0.26751433021827997,15.67481803894043,0.8789433910541343,107.40121364262234,124,manuscript_frozen_centers,0.0,-0.7572712285475218,0.20652850820549554,0.6195855564105248,14.52583904633395,0.9373556527926509
1.6806201093440016,0.0,11.207751043520235,True,matched_groundtruth_centers,retrained_nematic,112,0.666411187155865,-0.32980305722903563,0.6686748634993632,12.6022367477417,0.9647088231322888,79.1966062825669,124,manuscript_frozen_centers,0.0,-0.7001400413802044,0.14002801474080626,-0.7001400413802044,14.2828568570857,0.9219924147584339
2.990968884446218,0.5,6.83734189489119,True,matched_groundtruth_centers,retrained_nematic,113,-0.1987671501564606,-0.5200393274152543,0.8306929143553404,12.788764953613281,0.9855721815845796,117.39281329699959,124,manuscript_frozen_centers,0.0,0.12674485802942093,0.4436069749143045,-0.887213949828609,15.7797338380595,0.6607779932242119
1.240059288675809,0.8660254037844386,15.737004392548734,True,matched_groundtruth_centers,retrained_nematic,114,-0.47155068180762805,0.8715874567674325,-0.13407184526379903,13.826459884643555,0.8847308631934543,28.05882600188499,124,manuscript_frozen_centers,0.0,-0.5973509657493902,0.7300956618577286,-0.3318616402279664,15.066519173319364,0.8936864629247132
0.15660670839639934,0.5,14.498985115826326,True,matched_groundtruth_centers,retrained_nematic,115,0.8224828041187904,-0.38390591185909717,0.4196883221731652,13.309553146362305,0.8403288334961043,109.71869953168007,124,manuscript_frozen_centers,0.0,-0.7602859265947763,0.22808578115511308,-0.6082287285691003,13.152946437965905,0.9381593509869313
0.3400869309372414,0.5,9.994880563891304,True,matched_groundtruth_centers,retrained_nematic,116,-0.12303961183429533,0.9831113261825305,-0.13547462585773115,15.864261627197266,0.79700591764316,21.721813641483962,124,manuscript_frozen_centers,0.0,0.0,0.9662349410003117,-0.25766264531383676,15.524174696260024,0.7071067950793497
3.3057260724961104,0.7071067811865476,5.533275802062481,True,matched_groundtruth_centers,retrained_nematic,117,0.9893370121869033,0.14023877927372647,0.03931108119737005,15.720571517944336,0.8945738846648565,123.90893862841067,124,manuscript_frozen_centers,0.0,0.9986178294793067,0.052558830333622006,0.0,19.026297590440446,0.02628850210700312
1.5855207443237305,0.5,1.694998684508971,True,matched_groundtruth_centers,retrained_nematic,118,0.5443278820421169,0.6172865806578153,0.5680355923455199,9.41447925567627,0.9390278094778579,163.300566335362,124,manuscript_frozen_centers,0.0,0.5454545346050291,0.6363636549628067,0.5454545346050291,11.0,0.4767312991651248
0.9147489676122582,0.5,2.4465009670397055,True,matched_groundtruth_centers,retrained_nematic,119,0.6778267106246493,0.39809302271395086,-0.618120453981453,11.454567909240723,0.9494537528114221,166.92951817996607,124,manuscript_frozen_centers,0.0,0.6467616644461078,0.40422604914305127,-0.6467616644461078,12.36931687685298,0.42026082973752116
1.5596084594726562,0.0,8.407065006382,True,matched_groundtruth_centers,retrained_nematic,120,0.8587110658290827,0.3859778516658009,-0.3370999902790472,16.440391540527344,0.9968027165616867,132.33934528430237,124,manuscript_frozen_centers,0.0,0.7777777689474599,0.44444445217097245,-0.44444445217097245,18.0,0.3333333292168117
0.5799933755815392,0.7071067811865476,8.651562587548115,True,matched_groundtruth_centers,retrained_nematic,121,-0.39880359031411877,-0.6261830299047454,0.6699630657072682,11.336381912231445,0.9490205395636355,152.24340785552678,124,manuscript_frozen_centers,0.0,0.4195906943424165,0.5035088110820974,-0.7552632166231462,11.916375287812984,0.5387064640439126
2.7322709471782343,0.8660254037844386,3.7573011882476837,True,matched_groundtruth_centers,retrained_nematic,122,0.5158237617723409,-0.10816059709656921,0.8498394742695499,12.066377639770508,0.9856380541209042,42.89870001069769,124,manuscript_frozen_centers,0.0,-0.4730161587549275,0.06757373510464003,-0.8784585954276622,14.798648586948742,0.8582004840091075
1.616039888637463,0.7071067811865476,9.511577980497952,True,matched_groundtruth_centers,retrained_nematic,123,0.031994579188043666,0.9972563800996063,-0.0667537208941172,15.876815795898438,0.8777796204780555,38.981941956159815,124,manuscript_frozen_centers,0.0,0.05716619534893194,0.971825315506121,-0.22866478139572777,17.4928556845359,0.6865980683719082
2.585542968318201,2.0615528128088303,7.8864461570066755,True,predicted_centers,retrained_nematic,0,0.8337155993654461,0.17980589516368226,-0.5220997408916248,16.727664947509766,0.992070547233759,126.91839946592307,124,manuscript_frozen_centers,0.0,0.7766705419241946,0.10355607820223026,-0.6213364692133815,19.313207915827967,0.33416271465104774
2.557929585585722,2.5,21.90720016268414,True,predicted_centers,retrained_nematic,1,0.9320335536462512,0.33498143478059494,-0.13820598116534094,15.799630165100098,0.9528097980481717,134.17505382855109,124,manuscript_frozen_centers,0.0,0.9805224796011646,0.10894693903213663,0.16342041326686077,18.35755975068582,0.09868515977618429
0.6909809162158815,1.224744871391589,9.460082131938996,True,predicted_centers,retrained_nematic,2,0.7012077378764857,-0.23303014902026836,0.6737986776402378,9.98609733581543,0.9988531181463138,57.53807510708517,124,manuscript_frozen_centers,0.0,-0.6556100634380707,0.09365858166099718,-0.7492686532879774,10.677078252031311,0.9098379201047015
1.1809377610153664,2.0615528128088303,4.764479883823815,True,predicted_centers,retrained_nematic,3,-0.1403715345014036,0.9332777398370543,-0.33058810115665194,16.70511245727539,0.8243313898370755,12.484755916422433,124,manuscript_frozen_centers,0.0,-0.1932469834375364,0.9018192817640698,-0.3864939668750728,15.524174696260024,0.7724140840546581
1.0816211838955088,1.0,1.634719420886403,True,predicted_centers,retrained_nematic,4,0.5335219307573812,-0.11782562035470275,0.8375389379538992,13.478598594665527,0.992650088390565,70.6436767821044,124,manuscript_frozen_centers,0.0,-0.549442255794756,0.137360563948689,-0.8241633836921342,14.560219778561036,0.8801824466656047
0.13680811029091622,2.1213203435596424,3.4815651964173595,True,predicted_centers,retrained_nematic,5,0.833802547360108,-0.5491970574854297,-0.056177433771405515,15.948196411132812,0.9016068603450095,86.22162584738035,124,manuscript_frozen_centers,0.0,-0.8221921848997131,0.5692099885717361,0.0,15.811388300841896,0.9545135345194468
1.285732761486301,12.278029157808675,89.83285229068565,True,predicted_centers,retrained_nematic,6,-0.478162166185496,0.8725724097525583,-0.09989160408866996,11.629813194274902,0.9986389904472216,174.660047643157,124,manuscript_frozen_centers,2.0,0.6767155381753457,0.2900209661112529,-0.6767155381753457,10.344080432788601,0.40204753515231134
1.3172538591795622,3.6742346141747673,14.546022064252771,True,predicted_centers,retrained_nematic,7,0.932700793931682,-0.09769534868879919,0.34716688759699404,10.930194854736328,0.9125962024568658,88.22103441562848,124,manuscript_frozen_centers,0.0,-0.8164966017753487,0.0816496539232479,-0.5715475774627352,12.24744871391589,0.9530206166102841
3.1293563878911073,3.3166247903554,13.241321965520443,True,predicted_centers,retrained_nematic,8,0.35601328367602914,-0.06176372326100024,0.9324375498311669,11.012779235839844,0.9939132139790366,73.1506292160516,124,manuscript_frozen_centers,0.0,-0.14142135761804392,0.0,-0.9899494934639188,14.142135623730951,0.755453961702963
2.683042185085217,3.9370039370059056,5.8746815219214055,True,predicted_centers,retrained_nematic,9,0.9900416990378852,0.008115741524546714,-0.1405402750306266,14.809813499450684,0.8981679699394194,114.27995158753693,124,manuscript_frozen_centers,0.0,0.9718253136279184,0.057166197227134584,-0.22866478890853834,17.4928556845359,0.11869010599583531
0.4621718037830185,2.8722813232690143,5.198151865072771,True,predicted_centers,retrained_nematic,10,0.6917680053168251,0.22842011311302088,0.6850410781445267,11.744383811950684,0.9626493472776234,162.55738534646179,124,manuscript_frozen_centers,0.0,0.6553855407518844,0.1638463851879711,0.7373087243714094,12.206555615733702,0.41509907832353626
2.4545335597662277,2.692582403567252,5.043738825343394,True,predicted_centers,retrained_nematic,11,0.5163938398214587,0.0876633831317413,0.8518524129521188,12.80980396270752,0.9833729324794106,38.63529163735705,124,manuscript_frozen_centers,0.0,-0.5240974085212615,0.0,-0.851658327254127,15.264337522473747,0.8729540200479509
6.30259321594264,15.660459763365825,79.48866270692824,True,predicted_centers,retrained_nematic,12,-0.5370109638754091,-0.20209508350712993,0.8190096470126894,11.835763931274414,0.9969734405548784,161.33758493676797,124,manuscript_frozen_centers,0.0,0.44105426959657207,0.6064496488823797,0.661581404394858,18.138357147217054,0.5286519360426639
0.23439731272661746,2.9154759474226504,15.134783083427196,True,predicted_centers,retrained_nematic,13,-0.33870454193453137,-0.5511365273146143,0.7625796755306995,12.962319374084473,0.9705895514524231,143.2389385480695,124,manuscript_frozen_centers,0.0,0.3928371086724435,0.31426968152901075,-0.8642416174435995,12.727922061357855,0.5509822705051494
2.0904115481529324,4.55521678957215,8.674760384723026,True,predicted_centers,retrained_nematic,14,-0.22371522405264097,0.9646524026977106,0.13927397637969086,15.881789207458496,0.8780265168975672,27.229436781032064,124,manuscript_frozen_centers,0.0,-0.1669244683026148,0.9459053008734389,0.27820744717102464,17.97220075561143,0.7638469925393556
1.313183046711103,3.5355339059327378,4.2782299462170865,True,predicted_centers,retrained_nematic,15,0.9185031483465681,0.3112888047688218,-0.24382626294769955,15.59835147857666,0.9832442885365923,131.56993201847612,124,manuscript_frozen_centers,0.0,0.8869685994627274,0.354787439785091,-0.29565617892726065,16.911534525287763,0.23773032370345365
1.1953810525638708,3.2015621187164243,2.623714455200246,True,predicted_centers,retrained_nematic,16,0.7735426552077086,-0.6281908043732191,0.08371423938098141,15.327330589294434,0.9998866383526633,40.17029066279758,124,manuscript_frozen_centers,0.0,-0.7867958112374587,0.6052275082992552,-0.12104550638939107,16.522711641858304,0.9451972745220135
2.56869109920277,4.301162633521313,10.72587265081943,True,predicted_centers,retrained_nematic,17,0.086187151400706,-0.44950075451284405,0.8891123925723989,14.460695266723633,0.9999982703860572,82.00864210657299,124,manuscript_frozen_centers,0.0,-0.17616606585441105,0.29361010975735174,-0.9395523512235257,17.029386365926403,0.7668657275792997
2.8499659185527193,10.793516572461451,80.22738275830397,True,predicted_centers,retrained_nematic,18,-0.25970611562296925,-0.06226512416238794,0.9636782594938371,11.641410827636719,0.9981662902322833,159.2716422642807,124,manuscript_frozen_centers,1.0,-0.7590721072564882,0.5520524589744059,-0.34503277891456374,14.491376746189438,0.9378358390719451
1.3161253015215255,2.7386127875258306,6.438428227091854,True,predicted_centers,retrained_nematic,19,-0.60701788517807,0.17220538103941765,0.7758057706765351,14.24022388458252,0.998981447215582,65.39677296697884,124,manuscript_frozen_centers,0.0,-0.5142594845861583,0.19284730671980937,0.8356716453273346,15.556349186104045,0.8701320262007087
2.804554598110119,1.3228756555322954,5.498987033177902,True,predicted_centers,retrained_nematic,20,-0.6857130266159656,0.15872070513294317,0.7103558142869484,14.688301086425781,0.999977267324217,51.372755926282196,124,manuscript_frozen_centers,0.5,-0.6288281366730085,0.22866477997416973,0.7431605431720099,17.4928556845359,0.9024489248893479
1.5097106133623015,3.3166247903554,12.148971738118137,True,predicted_centers,retrained_nematic,21,0.7490379569672355,0.5929920205230877,-0.2954701382852345,11.6051664352417,0.8776395399488943,162.2481987386478,124,manuscript_frozen_centers,0.0,0.7624928516630234,0.45749571099781394,-0.45749571099781394,13.114877048604,0.3446064016473354
0.9066079956025348,3.1622776601683795,9.282484305338084,True,predicted_centers,retrained_nematic,22,-0.4052080265927823,0.19140496573571192,0.8939634188693037,14.193060874938965,0.9989697525980916,81.68078984168554,124,manuscript_frozen_centers,0.0,-0.2649064599076787,0.2649064599076787,0.9271726565200049,15.0996688705415,0.7952692856348018
0.20674602351858162,2.7386127875258306,9.270025790041197,True,predicted_centers,retrained_nematic,23,0.6867810336742672,0.6652225866572474,0.29293467187471345,11.540594100952148,0.8962393840556251,179.84213729849313,124,manuscript_frozen_centers,0.0,0.5958795993960959,0.6810051996246095,0.4256282663402351,11.74734012447073,0.4495110920325989
0.755879085087944,2.1213203435596424,4.962208548331454,True,predicted_centers,retrained_nematic,24,-0.08605354586353439,-0.5497645463558304,0.8308752799394628,17.076675415039062,0.998552253187959,87.47477849212144,124,manuscript_frozen_centers,0.0,0.056077212834326144,0.6168493466001789,-0.7850810339064791,17.832554500127006,0.6869944798257847
0.1789489722547124,4.743416490252569,19.435335018077062,True,predicted_centers,retrained_nematic,25,-0.2506618951544758,0.9656449011047499,-0.06854589183871315,17.427867889404297,0.8972923148926754,34.98337000063601,124,manuscript_frozen_centers,0.0,-0.5111656607208819,0.8519427450112106,0.11359237000145676,17.60681686165901,0.8692426667450841
7.846490722996926,5.0990195135927845,72.77183967837728,True,predicted_centers,retrained_nematic,26,0.6860402006043995,0.6193695581451608,-0.38174624241470073,15.477316856384277,0.9956145577216824,144.7608555256425,124,manuscript_frozen_centers,0.0,-0.5144957554275265,0.5144957554275265,0.6859943405700354,23.323807579381203,0.8701999012842127
9.193930625915527,2.449489742783178,88.09537941693709,True,predicted_centers,retrained_nematic,27,0.7120056657574751,0.25022083260963063,-0.6560773329855238,8.806069374084473,0.9837578360547288,160.95455096127407,124,manuscript_frozen_centers,1.0,0.3333333333333333,0.6666666666666666,0.6666666666666666,18.0,0.5773502582082582
1.3740528898757898,1.5,14.208369108958342,True,predicted_centers,retrained_nematic,28,-0.044865040130151634,-0.537300469896431,0.8421967307127203,11.31452465057373,0.9934252444038718,110.56875041298122,124,manuscript_frozen_centers,0.0,0.07881104226041052,0.3152441690416421,-0.945732485168545,12.68857754044952,0.6786711109999187
0.2581439439141118,10.246950765959598,70.595791490299,True,predicted_centers,retrained_nematic,29,-0.5605529460852414,0.8155515723281048,0.14372204948550005,13.334840774536133,0.9284478180777147,148.73215689771297,124,manuscript_frozen_centers,0.5,0.8411910154172574,0.07647191229523068,0.5353033926767081,13.076696830622021,0.2817880178532802
0.6970390402627231,3.278719262151,7.368585497263167,True,predicted_centers,retrained_nematic,30,0.5491170028758938,0.2655748729266188,0.7924269707819175,14.36948013305664,0.9720667885765453,145.33208596833197,124,manuscript_frozen_centers,0.0,0.4646063296655145,0.19911699842807765,0.8628402977212712,15.066519173319364,0.5173942608262695
1.0447421050502435,0.8660254037844386,16.004706818845577,True,predicted_centers,retrained_nematic,31,0.9484406590275594,0.2610501448238473,0.1797585552646027,14.892635345458984,0.87076967363328,93.86322661584947,124,manuscript_frozen_centers,0.5,0.878438127193422,0.18823674154144754,0.439219063596711,15.937377450509228,0.24653790291820243
1.8739224576455733,4.242640687119285,6.989812834970662,True,predicted_centers,retrained_nematic,32,0.9265828858983168,0.23849517742138535,-0.29079925362195924,15.676006317138672,0.9181905005712071,109.26676263045714,124,manuscript_frozen_centers,0.0,0.9116846144398909,0.3418817215510168,-0.22792115360997273,17.549928774784245,0.2101373321327486
5.047871777865874,7.466592261534039,45.43483335654903,True,predicted_centers,retrained_nematic,33,0.7373283402610269,-0.6746606557443043,-0.034349937970608514,14.947366714477539,0.9823671112495332,134.57320188012142,124,manuscript_frozen_centers,1.5,-0.10101525168862262,0.9091372953227866,0.40406100675449047,9.899494936611665,0.7419620163520865
5.643842917366477,5.70087712549569,9.265573615010231,True,predicted_centers,retrained_nematic,34,-0.5622001624536869,-0.2971186421511652,0.7717846136217643,10.909102439880371,0.9700972556641525,160.34360571312763,124,manuscript_frozen_centers,1.0,0.6645342958909809,0.18123662945972663,-0.7249465178389065,16.55294535724685,0.40955202437324123
0.008000981831029819,2.5495097567963922,3.299079658106729,True,predicted_centers,retrained_nematic,35,0.10508334854425185,0.9360154096156355,-0.33590570525193736,13.046405792236328,0.929122829210745,51.27347887882061,124,manuscript_frozen_centers,0.0,0.07669649749790969,0.9203579919061394,-0.3834824820067427,13.038404810405298,0.6794495956699901
4.299137187217141,4.743416490252569,7.747154923117144,True,predicted_centers,retrained_nematic,36,0.6264470150608475,-0.5934086248697898,-0.505401168628941,13.079010009765625,0.9999979412047162,60.86525052338844,124,manuscript_frozen_centers,0.0,-0.5178918289175802,0.6329788601989589,0.5754353274535989,17.378147196982766,0.8711750047849692
1.287329724517022,4.358898943540674,15.601998185765627,True,predicted_centers,retrained_nematic,37,0.15631836237497343,0.9864490488297492,-0.04982814111814389,16.823440551757812,0.9087305877233881,42.963991517949324,124,manuscript_frozen_centers,0.0,-0.11043153265959423,0.9938837339419802,0.0,18.110770276274835,0.745128025279666
2.2371192064511654,3.082207001484488,5.578395960343521,True,predicted_centers,retrained_nematic,38,-0.0006368854118220664,0.5320389293705949,0.8467196537291215,13.415356636047363,0.9866633377078388,109.20108518139419,124,manuscript_frozen_centers,0.5,0.0,0.4472135954999579,0.8944271909999159,15.652475842498529,0.7071067848608432
0.14708725684561408,2.23606797749979,15.489610101601313,True,predicted_centers,retrained_nematic,39,0.8143042783464868,0.44189265671551486,-0.37635013246644616,15.215204238891602,0.9942989889496128,144.36330287228466,124,manuscript_frozen_centers,0.0,0.9113223725178214,0.39056674118857515,-0.1301889166781318,15.362291495737216,0.2105678302348739
1.5460590900947615,1.224744871391589,4.954431052740402,True,predicted_centers,retrained_nematic,40,-0.5807094482292606,-0.11271609292275026,0.8062701899075133,13.750999450683594,0.9989656165407667,126.97815619872566,124,manuscript_frozen_centers,0.0,0.5229763603684907,0.06537204504606134,-0.8498365855987975,15.297058540778355,0.48837671091001966
1.8030662783666838,1.118033988749895,5.975400619706058,True,predicted_centers,retrained_nematic,41,0.6442906487485951,-0.4704944475885142,0.6029299583894412,12.92785358428955,0.9353798186615194,94.47585742245536,124,manuscript_frozen_centers,0.0,-0.6109597891604871,0.40730654824464024,-0.6788442470744004,14.730919862656235,0.897485320782262
1.8468913583932007,2.9154759474226504,4.934897756116752,True,predicted_centers,retrained_nematic,42,-0.061495454410144784,-0.32264634021141525,0.9445197976935525,10.562782287597656,0.999765287899206,97.48843012269515,124,manuscript_frozen_centers,0.0,0.08058229458297068,0.24174688924329188,-0.9669875569731675,12.409673645990857,0.6780183243721525
0.8036681224892597,1.224744871391589,2.6796497933752974,True,predicted_centers,retrained_nematic,43,-0.4896536346249646,0.8708540706797268,-0.04304074440702776,13.96115493774414,0.788772775976027,14.8313927736667,124,manuscript_frozen_centers,0.0,-0.47409982924527755,0.880471096578189,0.0,14.7648230602334,0.8585161131367021
,,,False,predicted_centers,retrained_nematic,44,,,,,,,124,manuscript_frozen_centers,,,,,,
1.023523870034893,1.118033988749895,1.5143202665552682,True,predicted_centers,retrained_nematic,45,0.9059811849910357,-0.4232072671523108,0.009679952051086047,16.440725326538086,0.8738092125818216,81.87291624217387,124,manuscript_frozen_centers,0.0,-0.9161573362997725,0.4008188308252315,0.0,17.46424919657298,0.9788149313284379
2.5567570893278635,4.220485754033533,16.146613383574007,True,predicted_centers,retrained_nematic,46,0.15370185688680066,0.7390976771609632,-0.6558279978811656,13.482257843017578,0.9782613770775654,65.3282654498916,124,manuscript_frozen_centers,0.0,-0.12469594083091269,0.717001620035947,-0.6858276745700197,16.03901493234544,0.7498986470667879
1.4965398628699784,3.082207001484488,16.48338732026096,True,predicted_centers,retrained_nematic,47,0.7999512171537713,-0.08096599610137795,-0.5945776296241825,13.53675651550293,0.9920542055807949,74.85143129718647,124,manuscript_frozen_centers,0.0,-0.5986711159347993,0.06651901334461457,0.7982281101345913,15.033296378372908,0.8940556760466345
0.8978229393169954,6.18465843842649,43.01355078685049,True,predicted_centers,retrained_nematic,48,0.3819117165912872,0.8502513233507419,-0.36223766765841486,12.602522850036621,0.9953049385109861,146.33355253051994,124,manuscript_frozen_centers,1.0,0.8543576577167611,0.5126145946300567,0.08543576577167611,11.704699910719626,0.2698539799947482
,,,False,predicted_centers,retrained_nematic,49,,,,,,,124,manuscript_frozen_centers,,,,,,
0.5772291541332759,3.8078865529319543,15.97153725186958,True,predicted_centers,retrained_nematic,50,0.17010655895348728,0.9506461591043939,-0.2594911150329955,13.615633964538574,0.8888870893133912,40.46593593242771,124,manuscript_frozen_centers,0.0,-0.07669649828741361,0.9203579794489632,-0.38348251174606446,13.038404810405298,0.7337221748507884
0.3193048559975864,3.570714214271425,16.509900028287355,True,predicted_centers,retrained_nematic,51,0.6285121103239316,0.7678046364091033,0.12429226639193068,14.747214317321777,0.9977461597439768,131.10890450003635,124,manuscript_frozen_centers,0.0,0.7300956317704312,0.5973509935738125,0.33186165633606096,15.066519173319364,0.367358379663398
0.9004524747784171,2.5495097567963922,2.514675321136761,True,predicted_centers,retrained_nematic,52,0.897710156699952,-0.4260983471176825,0.11205656224124717,13.452247619628906,0.904351522330975,75.76174125845894,124,manuscript_frozen_centers,0.0,-0.9057529213209063,0.4180398027949525,-0.06967330046582541,14.352700094407323,0.9761539133987044
3.0550414044383025,11.521718621802913,75.20983888376941,True,predicted_centers,retrained_nematic,53,0.9229083054014636,0.27810993549112206,-0.26626138210811334,14.091386795043945,0.9669337854011752,168.1533767792049,124,manuscript_frozen_centers,0.5,-0.5832118524065523,0.29160592620327613,-0.7581753880307955,17.146428199482248,0.8897223892242117
5.39538941132199,4.69041575982343,10.304366998595091,True,predicted_centers,retrained_nematic,54,0.16712492264177448,0.7628675511823455,0.6245817477200503,11.21785831451416,0.9909150918952729,90.07990565543034,124,manuscript_frozen_centers,1.0,0.24077171107867185,0.8427009645901936,0.4815434221573437,16.61324772583615,0.6161283502812128
1.242583120381969,3.082207001484488,16.973892039547962,True,predicted_centers,retrained_nematic,55,0.9345154803001682,0.2509958124798508,0.2523527673653005,15.786803245544434,0.9238826498561961,108.14010591231285,124,manuscript_frozen_centers,0.0,0.8808303386788201,0.05872201978067839,0.4697761582454271,17.029386365926403,0.24410005440230706
0.4803046585580546,5.5901699437494745,15.181170095740182,True,predicted_centers,retrained_nematic,56,0.5173912924240675,0.8356845768079114,0.1842214390594516,16.511524200439453,0.989280202349687,147.1796126123357,124,manuscript_frozen_centers,0.0,0.6237828853477357,0.6861611257826449,0.37426971746582305,16.0312195418814,0.43371484204621386
4.878053493331283,2.958039891549808,4.465793588133541,True,predicted_centers,retrained_nematic,57,0.4229497292941002,-0.5251197439166703,0.7384868184598409,14.996553421020508,0.9925258203058964,83.82259671361749,124,manuscript_frozen_centers,0.0,-0.3522082162744436,0.5534700645011547,-0.7547319127278656,19.87460691435179,0.8222555085643134
1.2306112084634613,1.224744871391589,6.775741326558921,True,predicted_centers,retrained_nematic,58,0.42328569706762503,-0.5178586308757164,0.7434054459616928,15.562244415283203,0.9995430032079704,66.28242339481274,124,manuscript_frozen_centers,0.0,-0.47639306020616834,0.4168439233445485,-0.7741387445142675,16.792855623746664,0.8591836527118489
,,,False,predicted_centers,retrained_nematic,59,,,,,,,124,manuscript_frozen_centers,,,,,,
2.537907808026537,9.287087810503355,88.92524805021063,True,predicted_centers,retrained_nematic,60,0.623272919480955,0.47054622350048536,0.624593563360301,12.59483814239502,0.9963525707622011,178.88169788255212,124,manuscript_frozen_centers,1.0,-0.7929823224703939,0.39649116123519695,0.4625730161950925,15.132745950421556,0.9468321695891819
3.837734945995628,2.0,3.328559242403811,True,predicted_centers,retrained_nematic,61,-0.41631405957649703,-0.5744686604954211,0.7047470197932968,15.135931015014648,0.9529801977043432,150.32015950222768,124,manuscript_frozen_centers,0.0,0.42163702258733465,0.5270462920891155,-0.7378647756728884,18.973665961010276,0.537755967115548
1.6618298093731436,3.6742346141747673,10.4026275635596,True,predicted_centers,retrained_nematic,62,0.5536205113221895,-0.025754917961293443,0.8323707188772107,12.69087028503418,0.9982950392225602,109.26708878225753,124,manuscript_frozen_centers,0.0,0.4180398154810011,0.06967330488217702,0.9057529151260877,14.352700094407323,0.5394256944267405
0.3054927908730747,4.330127018922194,7.900927394858499,True,predicted_centers,retrained_nematic,63,0.7690896990115158,0.6070227963836289,-0.20006088959358195,14.761026382446289,0.9991687513259819,141.9896278477031,124,manuscript_frozen_centers,0.0,0.7300956317704312,0.5973509935738125,-0.33186165633606096,15.066519173319364,0.367358379663398
1.9291511297853532,2.8284271247461903,1.8819613536909443,True,predicted_centers,retrained_nematic,64,-0.6690646613126799,0.09059738806745171,0.7376615702731872,16.618085861206055,0.994594656694514,61.713283217146575,124,manuscript_frozen_centers,0.0,-0.646996644757806,0.10783277138953608,0.7548294079370473,18.547236990991408,0.9074680805830716
2.1978235092165654,2.0615528128088303,10.052515504310824,True,predicted_centers,retrained_nematic,65,0.5269414008568737,0.6701202781701896,-0.5227538358042944,15.940533638000488,0.9416317431319099,156.41167483924903,124,manuscript_frozen_centers,0.0,0.44105426959657207,0.6064496488823797,-0.661581404394858,18.138357147217054,0.5286519360426639
6.195204001350852,3.391164991562634,20.537718470873525,True,predicted_centers,retrained_nematic,66,0.6439034286316457,-0.3250833122652147,0.6926104350088064,10.357741355895996,0.9916900996917349,48.94774456192998,124,manuscript_frozen_centers,1.0,-0.7249465119962123,0.5437098839971592,-0.42288546533112387,16.55294535724685,0.9286943901969766
0.9375683197297846,5.477225575051661,8.590435182450017,True,predicted_centers,retrained_nematic,67,0.47776875108190664,0.7848834288131764,-0.3945820873583929,16.26708221435547,0.9861216219465941,130.32240712124994,124,manuscript_frozen_centers,0.0,0.34874293140530205,0.8137334630904925,-0.4649905577983178,17.204650534085253,0.5706387189035661
2.4605217697366726,4.183300132670378,7.082700944803068,True,predicted_centers,retrained_nematic,68,0.6179794340748188,-0.2834498253379488,0.7333195862490329,14.917625427246094,0.9733601193063557,86.40724427811008,124,manuscript_frozen_centers,0.0,-0.5178918003720376,0.2877176478681657,-0.8056094824495426,17.378147196982766,0.8711750163599209
0.6035066120976698,2.6457513110645907,19.69060929380736,True,predicted_centers,retrained_nematic,69,0.6981934471967206,0.4766298597118994,0.5341815114009237,11.228652954101562,0.9619029392547245,178.78576165995102,124,manuscript_frozen_centers,1.0,0.8451542451654442,0.16903085171074908,0.5070925685205485,11.832159566199232,0.2782496668611274
2.468141140908031,5.123475382979799,4.100983748475506,True,predicted_centers,retrained_nematic,70,-0.01313987376910268,0.5752007196471971,0.817906764756643,14.765546798706055,0.9832759590167462,114.54877121707938,124,manuscript_frozen_centers,0.0,0.05802588341778301,0.580258845034225,0.8123624004181467,17.233687939614086,0.6862849625780348
1.6606224067504627,5.0990195135927845,58.82461174246705,True,predicted_centers,retrained_nematic,71,0.9103933473935171,0.30933210575023057,-0.2747682684986663,11.145626068115234,0.9954452120583657,125.90916874097798,124,manuscript_frozen_centers,0.0,-0.7808688094430304,0.6246950475544242,0.0,12.806248474865697,0.9436283157665946
1.3357372161346426,3.905124837953327,3.5166895855711418,True,predicted_centers,retrained_nematic,72,0.9759934434150119,0.2106191514626803,-0.055465047084163444,16.242658615112305,0.9269413354493619,121.2166373194723,124,manuscript_frozen_centers,0.0,0.9670962126604284,0.22755204320393269,-0.11377602160196634,17.578395831246947,0.12826494106559394
2.593033982440147,3.2015621187164243,5.932812032517042,True,predicted_centers,retrained_nematic,73,0.86086591633898,-0.3214397335957101,0.3944443835976971,16.6163387298584,0.7708735105772119,113.27780391742058,124,manuscript_frozen_centers,0.0,-0.8329267277103245,0.41646336385516225,-0.36440545115600775,19.209372712298546,0.9573209340119018
0.9635910572578474,3.9370039370059056,9.837199788003748,True,predicted_centers,retrained_nematic,74,0.6561448951763491,-0.014562110359233639,0.7544944144762792,14.333467483520508,0.9917643768943406,75.5967339012993,124,manuscript_frozen_centers,0.0,-0.522976358471147,0.06537204480889337,-0.8498365867846372,15.297058540778355,0.8726329123649363
2.561475504566591,3.905124837953327,45.60529124462123,True,predicted_centers,retrained_nematic,75,0.18266527057469945,0.9818330979418904,0.05135335151382043,14.768031120300293,0.9376462586549512,84.13486058720031,124,manuscript_frozen_centers,0.0,-0.573462348873371,0.8192319173620105,0.0,12.206555615733702,0.8869786755085326
0.3618621826171875,2.0615528128088303,3.0340687144898286,True,predicted_centers,retrained_nematic,76,0.6271649060429464,0.768237974036333,0.12835340227938202,15.361862182617188,0.9825328223742447,153.3258391078322,124,manuscript_frozen_centers,0.0,0.6666666674777831,0.7333333342255615,0.13333332437049658,15.0,0.40824829707491006
0.8822855575122208,7.88986691902975,83.46294772953759,True,predicted_centers,retrained_nematic,77,0.8332402869380869,0.3511425267275286,0.42709431059982667,15.200106620788574,0.9773789433839216,152.44880163875598,124,manuscript_frozen_centers,1.0,0.41905817813609625,0.34921514383869323,-0.8381163562721925,14.317821063276353,0.5389535319428591
7.653183223942669,6.855654600401044,54.05294478002656,True,predicted_centers,retrained_nematic,78,0.39766487026646896,0.733696940243557,-0.5509550352190228,11.942734718322754,0.9667304816622795,140.60337300274352,124,manuscript_frozen_centers,2.0,-0.408248290463863,0.408248290463863,-0.816496580927726,19.595917942265423,0.8391210569704111
4.295081784230465,4.949747468305833,41.82738962469085,True,predicted_centers,retrained_nematic,79,-0.05904036011682797,0.6825050384363508,0.7284923530046631,13.980585098266602,0.9603656175383033,95.04611003086603,124,manuscript_frozen_centers,0.0,0.16415269280546915,0.054717566189326126,0.9849161798828518,18.275666882497067,0.646470163663968
7.445930499382115,1.8027756377319946,15.143209403818036,True,predicted_centers,retrained_nematic,80,0.9879877662632468,0.12159904366191279,-0.0953616605070827,15.508188247680664,0.9168660132704328,61.69983297212168,124,manuscript_frozen_centers,1.0,-0.9922778767136677,0.12403473458920847,0.0,8.06225774829855,0.9980676021187452
1.3605870457896252,3.0413812651491097,1.3505348580419354,True,predicted_centers,retrained_nematic,81,0.8838105453072586,0.4678257301057011,-0.004243377752918725,12.540926933288574,0.9258913383083264,162.16449124953857,124,manuscript_frozen_centers,0.0,0.8944271909999159,0.4472135954999579,0.0,11.180339887498949,0.22975291996256378
1.1104427279453422,0.7071067811865476,10.187589493900065,True,predicted_centers,retrained_nematic,82,0.019177223647076757,0.8170567037460416,-0.5762382987591532,14.301348686218262,0.9290052261494546,41.58935676164591,124,manuscript_frozen_centers,0.0,-0.15161961277865926,0.8339078506453794,-0.5306686250880609,13.19090595827292,0.7588213059093609
1.2585240127786648,2.345207879911715,12.490980841728451,True,predicted_centers,retrained_nematic,83,-0.6175503738630089,0.6436781572622736,-0.4520065990725152,16.1196231842041,0.9236257593670618,106.63127466941154,124,manuscript_frozen_centers,0.0,-0.5178918289175802,0.5754353274535989,-0.6329788601989589,17.378147196982766,0.8711750047849692
1.1707067185736282,1.6583123951777,4.182426078418917,True,predicted_centers,retrained_nematic,84,0.9546484139650139,0.045199668528105995,-0.2942845488282266,12.793533325195312,0.9849631924634535,138.74580577839657,124,manuscript_frozen_centers,0.0,0.9309493362512627,0.07161148740394328,-0.35805743701971643,13.96424004376894,0.18580993321527983
4.587439804159036,7.0178344238090995,88.22599237742142,True,predicted_centers,retrained_nematic,85,-0.46833689726734534,0.8396046721236295,0.27518093176339226,12.294503211975098,0.999770211249834,179.87359099173173,124,manuscript_frozen_centers,1.0,0.2961744300658569,0.47387909815297685,-0.8292884343272167,16.881943016134134,0.5932223755924141
6.36441387392799,5.612486080160912,61.81638327843409,True,predicted_centers,retrained_nematic,86,0.004292087862736543,0.8450376422179472,0.5346895933310383,11.12844181060791,0.9667074080382169,157.0487929267447,124,manuscript_frozen_centers,0.0,-0.22866478547100852,0.05716619636775213,-0.9718253144873009,17.4928556845359,0.7837935823485999
0.686687982883802,4.6097722286464435,4.775702051457545,True,predicted_centers,retrained_nematic,87,0.24203223509629598,0.6277850143673066,0.7398015767150892,13.490758895874023,0.9915187107122059,121.59380511904773,124,manuscript_frozen_centers,0.0,0.2821382504269395,0.564276500853879,0.7758801700199122,14.177446878757825,0.599108393356808
2.3737985505839134,3.082207001484488,8.78420278704685,True,predicted_centers,retrained_nematic,88,-0.5334942852027404,0.22733331972796944,0.8146799429208245,13.405935287475586,0.995483750740401,76.41763879593218,124,manuscript_frozen_centers,0.5,-0.4436069755784506,0.1267448464068643,0.8872139511569012,15.7797338380595,0.8495901981788271
0.04570237501405927,3.2015621187164243,10.088531765821063,True,predicted_centers,retrained_nematic,89,0.8655415668125078,-0.012057907424124579,-0.5006919242291614,11.658997535705566,0.9926640087981304,39.384681432507605,124,manuscript_frozen_centers,0.0,-0.939793428789684,0.0,0.34174304850827525,11.704699910719626,0.9848333415854833
0.47465547812077347,7.826237921249264,42.41839405229586,True,predicted_centers,retrained_nematic,90,0.978614841182285,0.059706746500182394,0.1968453632680588,12.829479217529297,0.9237458762951124,99.3406695186809,124,manuscript_frozen_centers,1.0,0.6013168171226034,0.5261522316697737,0.6013168171226034,13.30413469565007,0.44647685749630306
1.270788832764282,2.0615528128088303,4.1641326631877975,True,predicted_centers,retrained_nematic,91,0.9963834444073292,-0.045263429695871174,-0.07191142915527182,16.756967544555664,0.8652830072398097,63.84630842714997,124,manuscript_frozen_centers,0.0,-0.9984603531136778,0.055470021273748775,0.0,18.027756377319946,0.9996150141805977
7.57158054568092,2.5495097567963922,60.130697786110964,True,predicted_centers,retrained_nematic,92,-0.0042220878946502075,-0.07076531578578997,0.9974840570432929,9.92127513885498,0.995714020574801,121.66601123335019,124,manuscript_frozen_centers,1.0,-0.628828143795796,0.628828143795796,-0.4573295651285486,17.4928556845359,0.9024489229922676
0.16236780661783,2.9154759474226504,4.743202274778825,True,predicted_centers,retrained_nematic,93,-0.6417334281689685,0.766907075077497,-0.00563430267039378,12.245413780212402,0.9204383227992349,9.048074453420261,124,manuscript_frozen_centers,0.0,-0.6620847028209084,0.74484530701941,-0.08276058785261355,12.083045973594572,0.9116152536003759
2.6744343933273385,8.902246907382429,40.61815358025101,True,predicted_centers,retrained_nematic,94,0.5848716481000622,-0.05179306616999483,0.8094705884375464,13.481060028076172,0.9560670554196735,141.70104218698128,124,manuscript_frozen_centers,1.0,-0.06189844605901728,0.12379689211803456,0.9903751369442765,16.15549442140351,0.7286626325272987
7.976195021729126,4.272001872658765,30.13301941966197,True,predicted_centers,retrained_nematic,95,0.5000781937965706,0.716720599131352,-0.4860384582211119,10.05156135559082,0.8879199800368978,178.3781819517796,124,manuscript_frozen_centers,1.0,0.44376016219659614,0.33282012164744706,-0.832050289990833,18.027756377319946,0.5273707691653469
0.630896801775414,2.692582403567252,4.940380945659576,True,predicted_centers,retrained_nematic,96,0.8486210060140451,0.27897808647217326,-0.44945924778564134,17.393951416015625,0.9999723987457049,147.61222458603797,124,manuscript_frozen_centers,0.0,0.8351699785640276,0.3579299982282874,-0.4175849892820138,16.76305461424021,0.28708014373576873
4.918531221669095,2.7386127875258306,5.337360035415586,True,predicted_centers,retrained_nematic,97,-0.18614038901259944,0.9587097608457779,-0.21500546513349286,14.829886436462402,0.860846468542962,24.55133468403489,124,manuscript_frozen_centers,0.0,-0.10127394345355574,0.9621023975452135,-0.2531848435730664,19.748417658131498,0.7420491473301435
0.8587191633553459,1.8708286933869707,1.4070357306340768,True,predicted_centers,retrained_nematic,98,0.9202916425104002,0.04614827211620344,0.3885017756795953,15.3276948928833,0.8441404733262161,93.09419848230272,124,manuscript_frozen_centers,0.0,0.9267030975709244,0.061780205207426456,0.37068123124455876,16.186414056238647,0.1914378593188505
3.014497589044943,4.55521678957215,22.16707950374389,True,predicted_centers,retrained_nematic,99,0.7202213516345013,-0.10816069897225905,0.6852608757601767,14.733741760253906,0.9265973331001269,82.3950420660315,124,manuscript_frozen_centers,0.0,0.5070925352563261,0.1690308500881041,0.8451542654485065,17.74823934929885,0.4964410672313849
0.856496656310453,0.5,11.434941549663264,True,predicted_centers,retrained_nematic,100,-0.17681375274926003,0.3675392794680504,0.9130453301380113,9.583809852600098,0.989210041483529,108.81751701666028,124,manuscript_frozen_centers,0.0,0.0,0.2873478894330289,0.9578262840611463,10.44030650891055,0.7071067727029889
3.3708906173706055,4.47213595499958,7.230072581453649,True,predicted_centers,retrained_nematic,101,0.08992358016275502,0.9920487815637699,-0.08805092122489201,12.629109382629395,0.9702144410232594,63.165359810183794,124,manuscript_frozen_centers,0.0,0.0,1.0,0.0,16.0,0.7071067811865475
0.14901866658898832,2.29128784747792,16.85152192967591,True,predicted_centers,retrained_nematic,102,0.7696316880612855,-0.5709154884674355,0.2858715966302455,10.965672492980957,0.9156959245717471,87.50800927677021,124,manuscript_frozen_centers,0.0,-0.8320503039188925,0.5547001818536555,0.0,10.816653826391969,0.9570920203819216
1.7537040130345183,2.23606797749979,28.152583453751074,True,predicted_centers,retrained_nematic,103,0.5121868919432631,0.8124777798184823,-0.27846803231740924,12.94323444366455,0.8604251029823295,174.12612416292973,124,manuscript_frozen_centers,0.0,0.27216553155021295,0.6804138165249108,-0.6804138165249108,14.696938456699069,0.6032555133316496
3.7894327415353217,2.1213203435596424,8.298912662204645,True,predicted_centers,retrained_nematic,104,0.8363500646055871,-0.23185700439891518,-0.49675033864647905,13.122101783752441,0.9698400271517815,69.9107703701391,124,manuscript_frozen_centers,0.0,-0.768706097499754,0.3547874418041546,0.5321811785517804,16.911534525287763,0.9404004755240839
0.7506638167837423,3.2015621187164243,1.3356111088377365,True,predicted_centers,retrained_nematic,105,0.8765342360295453,-0.2907714371914888,-0.38358793565712873,15.280555725097656,0.9864131953173494,48.14018489037749,124,manuscript_frozen_centers,0.0,-0.8732960169563139,0.3118914214299542,0.3742696995572047,16.0312195418814,0.9678057677750953
0.49939396480736775,1.8708286933869707,4.360739946382331,True,predicted_centers,retrained_nematic,106,-0.2940644638144321,-0.44242162862048673,0.8472244057216051,11.544754981994629,0.9714175525538096,138.88986852187747,124,manuscript_frozen_centers,0.0,0.36214297335614265,0.4526787232916764,-0.8148217230338118,11.045361017187261,0.5647375719423526
0.7898832517946666,1.224744871391589,34.69587082571401,True,predicted_centers,retrained_nematic,107,0.8233938411724687,0.12979593861631397,0.5524270057102183,10.276716232299805,0.990586321129436,179.46574354099232,124,manuscript_frozen_centers,0.0,0.9486833003761713,0.3162277590398656,0.0,9.486832980505138,0.16018224936054387
0.5161172903525042,2.958039891549808,20.261571386119904,True,predicted_centers,retrained_nematic,108,0.5730427699886499,0.7587837644225751,-0.3096274900787096,14.009721755981445,0.9685172289521594,151.2634281581505,124,manuscript_frozen_centers,0.0,0.48189987607263374,0.6195855507680841,-0.6195855507680841,14.52583904633395,0.5089696040984836
0.2237908049503634,1.5,4.989369081577482,True,predicted_centers,retrained_nematic,109,-0.3729691846830179,-0.32103450865278194,0.8705347962780993,15.618595123291016,0.9994831360576977,112.93977223802054,124,manuscript_frozen_centers,0.0,0.3247849202757011,0.25982792596229287,-0.9093977152223551,15.394804318340652,0.5810400479967945
0.17734157270965945,2.0615528128088303,31.49023884763203,True,predicted_centers,retrained_nematic,110,0.865473689001522,0.3394293329642103,-0.3684331982457174,12.86591911315918,0.9991050698178042,149.78483935825184,124,manuscript_frozen_centers,0.0,0.8669214432749878,0.4728662496636983,0.15762208322123275,12.68857754044952,0.2579520692873928
0.08664016356595283,2.598076211353316,12.250050905377838,True,predicted_centers,retrained_nematic,111,0.8730558382711078,-0.20943055902195998,-0.4403547935568349,14.612479209899902,0.9482040743021228,81.44080236249523,124,manuscript_frozen_centers,0.0,-0.7572712285475218,0.20652850820549554,0.6195855564105248,14.52583904633395,0.9373556527926509
0.6848734967951735,4.123105625617661,4.825334960863908,True,predicted_centers,retrained_nematic,112,0.6618503940281726,-0.2126400035833394,0.7188451048736647,13.597983360290527,0.9402707812158301,85.88567801169623,124,manuscript_frozen_centers,0.0,-0.7001400413802044,0.14002801474080626,-0.7001400413802044,14.2828568570857,0.9219924147584339
8.293379487015798,3.2015621187164243,78.4328900130899,True,predicted_centers,retrained_nematic,113,0.996410714961784,-0.0019336136423303695,-0.08462829460427888,7.486354351043701,0.9674114599688937,172.90500638545979,124,manuscript_frozen_centers,1.0,0.12674485802942093,0.4436069749143045,-0.887213949828609,15.7797338380595,0.6607779932242119
0.4234336935830356,4.769696007084728,7.31914471852723,True,predicted_centers,retrained_nematic,114,-0.647345020945656,0.7314184523233599,-0.2144095880733159,14.643085479736328,0.818360812092812,20.99412050062222,124,manuscript_frozen_centers,0.0,-0.5973509657493902,0.7300956618577286,-0.3318616402279664,15.066519173319364,0.8936864629247132
0.09930137239786418,1.118033988749895,12.955503808653397,True,predicted_centers,retrained_nematic,115,0.8196303427378157,-0.3665687949493592,0.4402651699065751,13.25224781036377,0.8335173571180431,110.38914528895113,124,manuscript_frozen_centers,0.0,-0.7602859265947763,0.22808578115511308,-0.6082287285691003,13.152946437965905,0.9381593509869313
0.04075908059544453,1.5,9.734533451883355,True,predicted_centers,retrained_nematic,116,-0.056202606640944335,0.993412137939671,-0.09986786871108977,15.564933776855469,0.8425193457328178,29.036514612581644,124,manuscript_frozen_centers,0.0,0.0,0.9662349410003117,-0.25766264531383676,15.524174696260024,0.7071067950793497
7.721362135118181,2.7386127875258306,8.391481833359299,True,predicted_centers,retrained_nematic,117,0.9900192917667128,0.012236267645905402,0.14039969972843322,11.304935455322266,0.8905635717965097,122.90821277606062,124,manuscript_frozen_centers,1.0,0.9986178294793067,0.052558830333622006,0.0,19.026297590440446,0.02628850210700312
0.27002525329589844,3.2015621187164243,11.791169585966989,True,predicted_centers,retrained_nematic,118,0.5989847448574834,0.46777437696797275,0.6499264632866093,11.270025253295898,0.9603215243464807,156.5760100402907,124,manuscript_frozen_centers,0.0,0.5454545346050291,0.6363636549628067,0.5454545346050291,11.0,0.4767312991651248
0.8334587225561059,2.692582403567252,1.8634207398593774,True,predicted_centers,retrained_nematic,119,-0.6464105594875375,-0.37644193018884325,0.6636602005384283,11.535858154296875,0.9499905158304233,166.71547068949232,124,manuscript_frozen_centers,0.0,0.6467616644461078,0.40422604914305127,-0.6467616644461078,12.36931687685298,0.42026082973752116
1.676473617553711,2.449489742783178,4.651914121054192,True,predicted_centers,retrained_nematic,120,0.8180556326277307,0.4365760704097638,-0.3744146320212555,16.32352638244629,0.9932963658617148,154.46168298434182,124,manuscript_frozen_centers,0.0,0.7777777689474599,0.44444445217097245,-0.44444445217097245,18.0,0.3333333292168117
0.05428231601122668,2.345207879911715,7.16955691879545,True,predicted_centers,retrained_nematic,121,-0.4090366051763427,-0.6050676089047096,0.6830682574092799,11.862092971801758,0.9332512605191216,157.3734381721585,124,manuscript_frozen_centers,0.0,0.4195906943424165,0.5035088110820974,-0.7552632166231462,11.916375287812984,0.5387064640439126
1.478382816990246,2.598076211353316,6.447106300559517,True,predicted_centers,retrained_nematic,122,0.5525289486814586,-0.12552786783438635,0.8239869630436606,13.320265769958496,0.9844662008025362,82.92286937014468,124,manuscript_frozen_centers,0.0,-0.4730161587549275,0.06757373510464003,-0.8784585954276622,14.798648586948742,0.8582004840091075
1.5366789267234005,3.082207001484488,7.386419974193655,True,predicted_centers,retrained_nematic,123,0.01966077527195625,0.9940180690884856,-0.10743152349894475,15.9561767578125,0.8693167049533768,35.92437613583146,124,manuscript_frozen_centers,0.0,0.05716619534893194,0.971825315506121,-0.22866478139572777,17.4928556845359,0.6865980683719082
