center_x,center_y,center_z,eligible_three_frame_input,even_label,file,frame,length_voxels,odd_label
29.0,56.0,14.0,False,2,DARE3d_data_190326/Gastruloid_241025/trainingset/movie1/label/1.tif,1,12.96148139681572,1
36.5,71.0,20.5,True,4,DARE3d_data_190326/Gastruloid_241025/trainingset/movie1/label/1.tif,2,22.22611077089287,3
48.5,71.0,15.5,True,6,DARE3d_data_190326/Gastruloid_241025/trainingset/movie1/label/1.tif,3,9.899494936611665,5
24.0,52.0,1.5,True,8,DARE3d_data_190326/Gastruloid_241025/trainingset/movie1/label/1.tif,4,23.345235059857504,7
40.5,76.5,11.0,True,10,DARE3d_data_190326/Gastruloid_241025/trainingset/movie1/label/1.tif,4,14.071247279470288,9
59.5,51.5,14.5,True,12,DARE3d_data_190326/Gastruloid_241025/trainingset/movie1/label/1.tif,6,19.261360284258224,11
35.5,60.0,25.0,True,14,DARE3d_data_190326/Gastruloid_241025/trainingset/movie1/label/1.tif,7,23.93741840717165,13
64.0,61.0,11.0,True,2,DARE3d_data_190326/Gastruloid_241025/trainingset/movie1/label/10.tif,6,10.198039027185569,1
17.0,24.0,25.5,True,4,DARE3d_data_190326/Gastruloid_241025/trainingset/movie1/label/10.tif,7,24.515301344262525,3
80.5,25.0,9.0,True,20,DARE3d_data_190326/Gastruloid_241025/trainingset/movie1/label/10.tif,8,11.357816691600547,19
39.5,66.0,12.0,True,6,DARE3d_data_190326/Gastruloid_241025/trainingset/movie1/label/10.tif,9,11.0,5
69.0,29.0,25.5,True,8,DARE3d_data_190326/Gastruloid_241025/trainingset/movie1/label/10.tif,9,15.0,7
85.0,80.5,25.0,True,10,DARE3d_data_190326/Gastruloid_241025/trainingset/movie1/label/10.tif,9,11.0,9
82.0,87.359477124183,14.5,True,12,DARE3d_data_190326/Gastruloid_241025/trainingset/movie1/label/10.tif,11,23.39656487932406,11
77.0,78.5,18.0,True,14,DARE3d_data_190326/Gastruloid_241025/trainingset/movie1/label/10.tif,14,19.209372712298546,13
23.0,68.0,20.5,True,16,DARE3d_data_190326/Gastruloid_241025/trainingset/movie1/label/10.tif,18,21.840329667841555,15
48.5,26.0,6.0,True,18,DARE3d_data_190326/Gastruloid_241025/trainingset/movie1/label/10.tif,18,25.317977802344327,17
79.0,33.0,31.5,True,22,DARE3d_data_190326/Gastruloid_241025/trainingset/movie1/label/10.tif,18,20.024984394500787,21
59.5,92.0,8.5,False,2,DARE3d_data_190326/Gastruloid_241025/trainingset/movie1/label/11.tif,1,17.26267650163207,1
32.5,27.5,32.0,True,4,DARE3d_data_190326/Gastruloid_241025/trainingset/movie1/label/11.tif,4,19.6468827043885,3
62.0,42.0,12.0,True,6,DARE3d_data_190326/Gastruloid_241025/trainingset/movie1/label/11.tif,11,14.560219778561036,5
8.910112359550562,34.0,3.0,True,8,DARE3d_data_190326/Gastruloid_241025/trainingset/movie1/label/11.tif,14,14.708736379893255,7
12.0,47.0,13.5,True,16,DARE3d_data_190326/Gastruloid_241025/trainingset/movie1/label/11.tif,16,11.180339887498949,15
63.0,58.5,1.5,True,10,DARE3d_data_190326/Gastruloid_241025/trainingset/movie1/label/11.tif,19,15.033296378372908,9
16.5,48.5,17.0,True,12,DARE3d_data_190326/Gastruloid_241025/trainingset/movie1/label/11.tif,20,19.6468827043885,11
38.5,38.0,17.5,True,14,DARE3d_data_190326/Gastruloid_241025/trainingset/movie1/label/11.tif,20,15.556349186104045,13
65.0,38.0,20.0,True,2,DARE3d_data_190326/Gastruloid_241025/trainingset/movie1/label/12.tif,3,10.198039027185569,1
48.0,55.0,18.5,True,4,DARE3d_data_190326/Gastruloid_241025/trainingset/movie1/label/12.tif,5,22.293496809607955,3
37.0,7.058411214953271,5.0,True,6,DARE3d_data_190326/Gastruloid_241025/trainingset/movie1/label/12.tif,8,19.35489029473561,5
19.5,61.0,2.0,True,8,DARE3d_data_190326/Gastruloid_241025/trainingset/movie1/label/12.tif,10,27.51363298439521,7
49.5,52.5,2.5,True,10,DARE3d_data_190326/Gastruloid_241025/trainingset/movie1/label/12.tif,10,13.379088160259652,9
62.5,73.5,15.5,True,12,DARE3d_data_190326/Gastruloid_241025/trainingset/movie1/label/12.tif,10,17.74823934929885,11
48.0,33.0,13.0,True,14,DARE3d_data_190326/Gastruloid_241025/trainingset/movie1/label/12.tif,11,24.49489742783178,13
28.0,24.5,7.5,True,16,DARE3d_data_190326/Gastruloid_241025/trainingset/movie1/label/12.tif,12,14.352700094407323,15
91.0,40.5,16.0,True,18,DARE3d_data_190326/Gastruloid_241025/trainingset/movie1/label/12.tif,13,21.470910553583888,17
57.0,6.207964601769912,14.5,True,26,DARE3d_data_190326/Gastruloid_241025/trainingset/movie1/label/12.tif,13,10.12512369532936,25
36.0,42.0,33.80696202531645,True,20,DARE3d_data_190326/Gastruloid_241025/trainingset/movie1/label/12.tif,17,11.428243558885649,19
60.5,62.5,8.0,True,22,DARE3d_data_190326/Gastruloid_241025/trainingset/movie1/label/12.tif,18,15.811388300841896,21
84.5,55.5,13.5,True,24,DARE3d_data_190326/Gastruloid_241025/trainingset/movie1/label/12.tif,19,19.672315572906,23
75.5,12.0,5.650485436893204,False,2,DARE3d_data_190326/Gastruloid_241025/trainingset/movie1/label/13.tif,1,18.272301202471954,1
34.0,67.5,16.0,True,4,DARE3d_data_190326/Gastruloid_241025/trainingset/movie1/label/13.tif,2,12.68857754044952,3
81.5,67.5,6.5,True,6,DARE3d_data_190326/Gastruloid_241025/trainingset/movie1/label/13.tif,3,27.184554438136374,5
57.5,42.0,28.0,True,8,DARE3d_data_190326/Gastruloid_241025/trainingset/movie1/label/13.tif,4,21.18962010041709,7
25.5,82.0,11.5,True,10,DARE3d_data_190326/Gastruloid_241025/trainingset/movie1/label/13.tif,5,25.495097567963924,9
72.0,66.5,14.5,True,12,DARE3d_data_190326/Gastruloid_241025/trainingset/movie1/label/13.tif,5,16.30950643030009,11
22.5,35.0,8.0,True,14,DARE3d_data_190326/Gastruloid_241025/trainingset/movie1/label/13.tif,8,19.519221295943137,13
37.0,88.30845771144278,12.0,True,16,DARE3d_data_190326/Gastruloid_241025/trainingset/movie1/label/13.tif,8,16.298902309044927,15
57.5,7.275862068965517,1.0795019157088124,True,34,DARE3d_data_190326/Gastruloid_241025/trainingset/movie1/label/13.tif,9,17.322393423735917,33
18.5,87.5,27.0,True,18,DARE3d_data_190326/Gastruloid_241025/trainingset/movie1/label/13.tif,11,21.02379604162864,17
12.5,68.0,23.5,True,20,DARE3d_data_190326/Gastruloid_241025/trainingset/movie1/label/13.tif,11,11.224972160321824,19
88.5,80.5,32.5,True,22,DARE3d_data_190326/Gastruloid_241025/trainingset/movie1/label/13.tif,12,25.03996805109783,21
83.0,11.5,3.223605214051978,True,24,DARE3d_data_190326/Gastruloid_241025/trainingset/movie1/label/13.tif,13,17.78777716588976,23
68.5,76.5,19.5,True,26,DARE3d_data_190326/Gastruloid_241025/trainingset/movie1/label/13.tif,14,5.916079783099616,25
60.0,62.5,1.8349282296650717,True,28,DARE3d_data_190326/Gastruloid_241025/trainingset/movie1/label/13.tif,17,17.804493814764857,27
81.0,35.0,31.0,True,30,DARE3d_data_190326/Gastruloid_241025/trainingset/movie1/label/13.tif,17,20.97617696340303,29
92.0,65.0,3.1190232526101376,True,32,DARE3d_data_190326/Gastruloid_241025/trainingset/movie1/label/13.tif,17,18.449140041237655,31
78.0,67.0,22.0,True,2,DARE3d_data_190326/Gastruloid_241025/trainingset/movie1/label/14.tif,3,19.79898987322333,1
92.04787234042553,25.0,26.5,True,48,DARE3d_data_190326/Gastruloid_241025/trainingset/movie1/label/14.tif,3,12.919909467985164,47
15.5,30.5,25.5,True,4,DARE3d_data_190326/Gastruloid_241025/trainingset/movie1/label/14.tif,4,23.043437243605826,3
79.5,45.0,16.5,True,6,DARE3d_data_190326/Gastruloid_241025/trainingset/movie1/label/14.tif,6,19.949937343260004,5
81.0,26.5,0.9717314487632509,True,46,DARE3d_data_190326/Gastruloid_241025/trainingset/movie1/label/14.tif,6,26.019223662515376,45
93.5,51.5,24.5,True,50,DARE3d_data_190326/Gastruloid_241025/trainingset/movie1/label/14.tif,6,29.58039891549808,49
32.5,36.0,1.220076250697415,True,8,DARE3d_data_190326/Gastruloid_241025/trainingset/movie1/label/14.tif,8,24.84445009579787,7
40.5,80.0,19.0,True,10,DARE3d_data_190326/Gastruloid_241025/trainingset/movie1/label/14.tif,8,18.466185312619388,9
75.5,94.0,26.0,True,52,DARE3d_data_190326/Gastruloid_241025/trainingset/movie1/label/14.tif,8,24.351591323771842,51
77.5,81.0,8.5,True,12,DARE3d_data_190326/Gastruloid_241025/trainingset/movie1/label/14.tif,9,16.431676725154983,11
46.0,19.0,6.5,True,14,DARE3d_data_190326/Gastruloid_241025/trainingset/movie1/label/14.tif,10,25.475478405713993,13
78.0,61.0,8.0,True,16,DARE3d_data_190326/Gastruloid_241025/trainingset/movie1/label/14.tif,10,20.493901531919196,15
44.0,42.0,23.5,True,18,DARE3d_data_190326/Gastruloid_241025/trainingset/movie1/label/14.tif,11,17.11724276862369,17
42.5,52.0,11.0,True,20,DARE3d_data_190326/Gastruloid_241025/trainingset/movie1/label/14.tif,11,15.524174696260024,19
34.0,13.5,20.5,True,22,DARE3d_data_190326/Gastruloid_241025/trainingset/movie1/label/14.tif,12,26.267851073127396,21
14.5,46.5,26.0,True,24,DARE3d_data_190326/Gastruloid_241025/trainingset/movie1/label/14.tif,12,23.366642891095847,23
84.0,56.5,29.5,True,26,DARE3d_data_190326/Gastruloid_241025/trainingset/movie1/label/14.tif,14,7.3484692283495345,25
40.0,52.5,0.9717314487632509,True,28,DARE3d_data_190326/Gastruloid_241025/trainingset/movie1/label/14.tif,15,35.0,27
38.5,95.2920353982301,22.0,True,54,DARE3d_data_190326/Gastruloid_241025/trainingset/movie1/label/14.tif,15,13.254335965302765,53
20.0,17.5,1.2657894736842106,True,30,DARE3d_data_190326/Gastruloid_241025/trainingset/movie1/label/14.tif,16,19.73024521330856,29
32.0,67.5,26.0,True,32,DARE3d_data_190326/Gastruloid_241025/trainingset/movie1/label/14.tif,17,26.248809496813376,31
13.55841121495327,83.5,20.5,True,34,DARE3d_data_190326/Gastruloid_241025/trainingset/movie1/label/14.tif,17,19.353924541128105,33
42.5,20.0,0.6930379746835443,True,36,DARE3d_data_190326/Gastruloid_241025/trainingset/movie1/label/14.tif,17,27.520481513591754,35
12.05841121495327,9.984848484848484,11.0,True,38,DARE3d_data_190326/Gastruloid_241025/trainingset/movie1/label/14.tif,18,24.028465558326328,37
75.5,70.0,28.0,True,40,DARE3d_data_190326/Gastruloid_241025/trainingset/movie1/label/14.tif,19,15.394804318340652,39
43.5,44.5,12.0,True,42,DARE3d_data_190326/Gastruloid_241025/trainingset/movie1/label/14.tif,19,22.847319317591726,41
38.5,41.0,16.5,True,44,DARE3d_data_190326/Gastruloid_241025/trainingset/movie1/label/14.tif,20,23.280893453645632,43
26.0,39.0,4.0,True,4,DARE3d_data_190326/Gastruloid_241025/trainingset/movie1/label/2.tif,3,12.649110640673518,3
40.0,47.0,14.5,True,6,DARE3d_data_190326/Gastruloid_241025/trainingset/movie1/label/2.tif,3,16.0312195418814,5
87.80666666666667,77.5,13.5,True,12,DARE3d_data_190326/Gastruloid_241025/trainingset/movie1/label/2.tif,3,20.849049005756697,11
80.5,83.0,2.0,True,2,DARE3d_data_190326/Gastruloid_241025/trainingset/movie1/label/2.tif,4,16.522711641858304,1
67.0,69.0,7.5,True,14,DARE3d_data_190326/Gastruloid_241025/trainingset/movie1/label/2.tif,7,16.76305461424021,13
40.0,8.63586956521739,22.0,True,10,DARE3d_data_190326/Gastruloid_241025/trainingset/movie1/label/2.tif,8,23.752526977296192,9
60.5,42.0,3.0,True,8,DARE3d_data_190326/Gastruloid_241025/trainingset/movie1/label/2.tif,9,18.894443627691185,7
62.0,30.5,0.0,False,2,DARE3d_data_190326/Gastruloid_241025/trainingset/movie1/label/3.tif,1,16.401219466856727,1
77.0,74.0,12.5,False,4,DARE3d_data_190326/Gastruloid_241025/trainingset/movie1/label/3.tif,1,17.804493814764857,3
93.0,30.0,18.5,False,6,DARE3d_data_190326/Gastruloid_241025/trainingset/movie1/label/3.tif,1,20.615528128088304,5
11.75,14.0,20.5,True,8,DARE3d_data_190326/Gastruloid_241025/trainingset/movie1/label/3.tif,3,17.585505395068974,7
87.0,41.0,5.4072847682119205,True,26,DARE3d_data_190326/Gastruloid_241025/trainingset/movie1/label/3.tif,4,12.762785318753256,25
68.5,76.0,23.5,True,14,DARE3d_data_190326/Gastruloid_241025/trainingset/movie1/label/3.tif,5,22.22611077089287,13
25.5,43.0,5.0,True,18,DARE3d_data_190326/Gastruloid_241025/trainingset/movie1/label/3.tif,5,23.345235059857504,17
33.0,55.5,21.0,True,16,DARE3d_data_190326/Gastruloid_241025/trainingset/movie1/label/3.tif,6,13.152946437965905,15
49.0,34.5,7.5,True,20,DARE3d_data_190326/Gastruloid_241025/trainingset/movie1/label/3.tif,7,12.24744871391589,19
38.5,12.5,7.5,True,22,DARE3d_data_190326/Gastruloid_241025/trainingset/movie1/label/3.tif,7,18.411952639521967,21
18.5,78.13586956521739,21.5,True,24,DARE3d_data_190326/Gastruloid_241025/trainingset/movie1/label/3.tif,8,24.448435861380847,23
90.0952380952381,50.0,1.0,True,10,DARE3d_data_190326/Gastruloid_241025/trainingset/movie1/label/3.tif,9,17.26648543492208,9
16.5,11.132352941176471,24.0,True,12,DARE3d_data_190326/Gastruloid_241025/trainingset/movie1/label/3.tif,9,18.426629030819672,11
53.0,91.14035087719299,2.0,True,2,DARE3d_data_190326/Gastruloid_241025/trainingset/movie1/label/4.tif,2,17.823939759846432,1
8.5,67.0,7.5,True,4,DARE3d_data_190326/Gastruloid_241025/trainingset/movie1/label/4.tif,2,10.862780491200215,3
21.5,37.5,4.5,True,6,DARE3d_data_190326/Gastruloid_241025/trainingset/movie1/label/4.tif,5,17.97220075561143,5
39.0,48.5,16.0,True,8,DARE3d_data_190326/Gastruloid_241025/trainingset/movie1/label/4.tif,5,21.470910553583888,7
83.68823529411765,62.0,4.0,True,12,DARE3d_data_190326/Gastruloid_241025/trainingset/movie1/label/4.tif,7,24.707476139068305,11
19.5,65.5,12.0,True,14,DARE3d_data_190326/Gastruloid_241025/trainingset/movie1/label/4.tif,7,21.307275752662516,13
94.7920353982301,55.0,17.0,True,22,DARE3d_data_190326/Gastruloid_241025/trainingset/movie1/label/4.tif,7,9.63564027317535,21
96.30666666666667,33.0,16.5,True,18,DARE3d_data_190326/Gastruloid_241025/trainingset/movie1/label/4.tif,8,28.2812572406375,17
8.15625,25.0,11.0,True,16,DARE3d_data_190326/Gastruloid_241025/trainingset/movie1/label/4.tif,9,11.395071577221444,15
13.25,53.0,21.5,True,2,DARE3d_data_190326/Gastruloid_241025/trainingset/movie1/label/5.tif,2,8.440971508067067,1
16.75,73.0,5.0,True,4,DARE3d_data_190326/Gastruloid_241025/trainingset/movie1/label/5.tif,2,27.13392710243027,3
30.0,83.84375,0.0,True,6,DARE3d_data_190326/Gastruloid_241025/trainingset/movie1/label/5.tif,2,24.022856954367438,5
33.5,19.0,24.0,True,8,DARE3d_data_190326/Gastruloid_241025/trainingset/movie1/label/5.tif,4,22.02271554554524,7
16.0,88.0,12.0,True,10,DARE3d_data_190326/Gastruloid_241025/trainingset/movie1/label/5.tif,4,8.94427190999916,9
35.5,28.0,13.5,True,12,DARE3d_data_190326/Gastruloid_241025/trainingset/movie1/label/5.tif,4,20.54263858417414,11
89.0,60.0,0.5,True,14,DARE3d_data_190326/Gastruloid_241025/trainingset/movie1/label/5.tif,4,20.024984394500787,13
73.0,16.0,0.0,True,18,DARE3d_data_190326/Gastruloid_241025/trainingset/movie1/label/5.tif,4,11.661903789690601,17
47.0,21.5,21.0,True,16,DARE3d_data_190326/Gastruloid_241025/trainingset/movie1/label/5.tif,5,17.0,15
21.0,53.0,20.5,True,20,DARE3d_data_190326/Gastruloid_241025/trainingset/movie1/label/5.tif,6,12.36931687685298,19
17.13586956521739,30.0,10.0,True,22,DARE3d_data_190326/Gastruloid_241025/trainingset/movie1/label/5.tif,8,26.114046170067187,21
81.5,55.5,21.0,True,26,DARE3d_data_190326/Gastruloid_241025/trainingset/movie1/label/5.tif,8,9.273618495495704,25
19.5,52.5,21.5,True,28,DARE3d_data_190326/Gastruloid_241025/trainingset/movie1/label/5.tif,8,11.445523142259598,27
3.0158991228070176,47.5,3.0,True,24,DARE3d_data_190326/Gastruloid_241025/trainingset/movie1/label/5.tif,9,11.719722194719745,23
13.5,22.5,25.0,True,30,DARE3d_data_190326/Gastruloid_241025/trainingset/movie1/label/5.tif,9,17.146428199482248,29
16.0,89.97368421052632,6.0,False,2,DARE3d_data_190326/Gastruloid_241025/trainingset/movie1/label/6.tif,1,12.113612681127195,1
73.5,16.5,10.0,False,4,DARE3d_data_190326/Gastruloid_241025/trainingset/movie1/label/6.tif,1,23.021728866442675,3
56.5,61.5,19.5,True,6,DARE3d_data_190326/Gastruloid_241025/trainingset/movie1/label/6.tif,2,12.449899597988733,5
80.0,45.5,7.5,True,8,DARE3d_data_190326/Gastruloid_241025/trainingset/movie1/label/6.tif,2,24.372115213907882,7
34.0,89.71538461538461,30.5,True,10,DARE3d_data_190326/Gastruloid_241025/trainingset/movie1/label/6.tif,3,21.10415982999981,9
10.5,87.5,8.0,True,12,DARE3d_data_190326/Gastruloid_241025/trainingset/movie1/label/6.tif,7,10.488088481701515,11
53.0,17.0,33.5,True,14,DARE3d_data_190326/Gastruloid_241025/trainingset/movie1/label/6.tif,8,21.748563170931547,13
17.0,60.5,30.5,True,16,DARE3d_data_190326/Gastruloid_241025/trainingset/movie1/label/6.tif,8,18.708286933869708,15
49.5,92.0,13.0,True,18,DARE3d_data_190326/Gastruloid_241025/trainingset/movie1/label/6.tif,9,17.11724276862369,17
12.505398110661268,85.49460188933872,20.0,False,2,DARE3d_data_190326/Gastruloid_241025/trainingset/movie1/label/7.tif,1,17.489158883746217,1
48.5,42.0,19.0,True,4,DARE3d_data_190326/Gastruloid_241025/trainingset/movie1/label/7.tif,2,16.278820596099706,3
29.0,25.0,5.0,True,6,DARE3d_data_190326/Gastruloid_241025/trainingset/movie1/label/7.tif,3,16.0,5
32.0,84.5,3.7404129793510323,True,8,DARE3d_data_190326/Gastruloid_241025/trainingset/movie1/label/7.tif,4,24.31761168063898,7
84.0,20.0,30.0,True,28,DARE3d_data_190326/Gastruloid_241025/trainingset/movie1/label/7.tif,7,13.564659966250536,27
28.75,41.5,3.920588235294118,True,10,DARE3d_data_190326/Gastruloid_241025/trainingset/movie1/label/7.tif,8,20.097525196678866,9
53.5,12.0,13.5,True,12,DARE3d_data_190326/Gastruloid_241025/trainingset/movie1/label/7.tif,9,11.045361017187261,11
71.5,12.5,2.3247488830444563,True,14,DARE3d_data_190326/Gastruloid_241025/trainingset/movie1/label/7.tif,10,13.075155719528086,13
74.70036764705883,38.0,28.939338235294116,True,30,DARE3d_data_190326/Gastruloid_241025/trainingset/movie1/label/7.tif,10,8.296367876332768,29
36.0,40.5,12.5,True,16,DARE3d_data_190326/Gastruloid_241025/trainingset/movie1/label/7.tif,11,18.275666882497067,15
52.0,42.0,29.788261515601782,True,18,DARE3d_data_190326/Gastruloid_241025/trainingset/movie1/label/7.tif,12,18.351880475655065,17
83.5,37.5,12.5,True,20,DARE3d_data_190326/Gastruloid_241025/trainingset/movie1/label/7.tif,13,22.693611435820433,19
32.20392156862745,89.68235294117648,1.5775665724805206,True,22,DARE3d_data_190326/Gastruloid_241025/trainingset/movie1/label/7.tif,13,24.900690391211263,21
76.5,89.78826151560179,20.0,True,24,DARE3d_data_190326/Gastruloid_241025/trainingset/movie1/label/7.tif,15,15.843480851504399,23
89.0,12.407258064516128,25.0,True,26,DARE3d_data_190326/Gastruloid_241025/trainingset/movie1/label/7.tif,15,21.37345846715113,25
39.5,23.0,31.5,False,2,DARE3d_data_190326/Gastruloid_241025/trainingset/movie1/label/8.tif,1,25.96150997149434,1
52.0,50.0,20.5,False,4,DARE3d_data_190326/Gastruloid_241025/trainingset/movie1/label/8.tif,1,17.233687939614086,3
88.5,8.452127659574469,19.5,True,6,DARE3d_data_190326/Gastruloid_241025/trainingset/movie1/label/8.tif,2,13.472138981840967,5
72.0,49.5,3.7404129793510323,True,8,DARE3d_data_190326/Gastruloid_241025/trainingset/movie1/label/8.tif,4,24.31761168063898,7
9.559808612440191,86.9401913875598,27.5,True,10,DARE3d_data_190326/Gastruloid_241025/trainingset/movie1/label/8.tif,4,19.888923711891383,9
28.5,91.0,12.5,True,12,DARE3d_data_190326/Gastruloid_241025/trainingset/movie1/label/8.tif,5,15.297058540778355,11
47.0,73.0,7.0,True,14,DARE3d_data_190326/Gastruloid_241025/trainingset/movie1/label/8.tif,5,18.439088914585774,13
15.5,33.0,15.5,True,16,DARE3d_data_190326/Gastruloid_241025/trainingset/movie1/label/8.tif,6,20.248456731316587,15
6.650485436893204,13.0,11.0,True,18,DARE3d_data_190326/Gastruloid_241025/trainingset/movie1/label/8.tif,6,16.48250914571906,17
7.0,89.5,9.5,True,20,DARE3d_data_190326/Gastruloid_241025/trainingset/movie1/label/8.tif,8,13.638181696985855,19
35.0,77.5,23.5,True,22,DARE3d_data_190326/Gastruloid_241025/trainingset/movie1/label/8.tif,8,17.26267650163207,21
63.5,77.0,7.5,True,38,DARE3d_data_190326/Gastruloid_241025/trainingset/movie1/label/8.tif,10,13.92838827718412,37
45.5,63.5,3.1479591836734695,True,24,DARE3d_data_190326/Gastruloid_241025/trainingset/movie1/label/8.tif,13,18.180664104261155,23
74.5,55.5,1.5,True,26,DARE3d_data_190326/Gastruloid_241025/trainingset/movie1/label/8.tif,13,21.61018278497431,25
17.5,48.0,32.18543046357616,True,28,DARE3d_data_190326/Gastruloid_241025/trainingset/movie1/label/8.tif,14,22.47220505424423,27
13.689226519337016,92.74832214765101,31.853300703276602,True,30,DARE3d_data_190326/Gastruloid_241025/trainingset/movie1/label/8.tif,14,23.625062349334847,29
36.5,15.5,28.0,True,32,DARE3d_data_190326/Gastruloid_241025/trainingset/movie1/label/8.tif,15,24.698178070456937,31
76.5,80.5,29.59271523178808,True,34,DARE3d_data_190326/Gastruloid_241025/trainingset/movie1/label/8.tif,18,11.527735644634799,33
24.5,84.5,24.0,True,36,DARE3d_data_190326/Gastruloid_241025/trainingset/movie1/label/8.tif,19,13.341664064126334,35
42.5,22.0,1.5310344827586206,True,26,DARE3d_data_190326/Gastruloid_241025/trainingset/movie1/label/9.tif,4,17.46424919657298,25
26.5,53.0,9.0,True,2,DARE3d_data_190326/Gastruloid_241025/trainingset/movie1/label/9.tif,6,20.42057785666214,1
69.5,42.5,11.0,True,4,DARE3d_data_190326/Gastruloid_241025/trainingset/movie1/label/9.tif,6,23.194827009486403,3
70.0,47.5,0.6930379746835443,True,6,DARE3d_data_190326/Gastruloid_241025/trainingset/movie1/label/9.tif,6,25.56123828651393,5
28.0,48.0,25.5,True,8,DARE3d_data_190326/Gastruloid_241025/trainingset/movie1/label/9.tif,7,23.345235059857504,7
81.5,14.0,22.5,True,10,DARE3d_data_190326/Gastruloid_241025/trainingset/movie1/label/9.tif,9,14.352700094407323,9
22.0,15.0,11.0,True,12,DARE3d_data_190326/Gastruloid_241025/trainingset/movie1/label/9.tif,10,22.360679774997898,11
77.5,70.0,18.0,True,14,DARE3d_data_190326/Gastruloid_241025/trainingset/movie1/label/9.tif,11,16.522711641858304,13
63.0,89.0,32.5,True,16,DARE3d_data_190326/Gastruloid_241025/trainingset/movie1/label/9.tif,12,14.177446878757825,15
36.0,80.5,15.0,True,18,DARE3d_data_190326/Gastruloid_241025/trainingset/movie1/label/9.tif,14,22.02271554554524,17
64.0,18.0,1.1930379746835442,True,20,DARE3d_data_190326/Gastruloid_241025/trainingset/movie1/label/9.tif,14,17.047133214743507,19
39.5,75.5,8.0,True,22,DARE3d_data_190326/Gastruloid_241025/trainingset/movie1/label/9.tif,19,19.544820285692065,21
40.5,9.0,19.5,True,24,DARE3d_data_190326/Gastruloid_241025/trainingset/movie1/label/9.tif,20,11.045361017187261,23
262.5,198.0,38.0,False,2,DARE3d_data_190326/Gastruloid_241025/trainingset/movie2/label/movie2.tif,1,12.68857754044952,1
106.5,109.5,57.5,False,4,DARE3d_data_190326/Gastruloid_241025/trainingset/movie2/label/movie2.tif,1,9.1104335791443,3
167.0,142.5,56.0,False,6,DARE3d_data_190326/Gastruloid_241025/trainingset/movie2/label/movie2.tif,1,17.46424919657298,5
97.5,145.0,75.0,False,8,DARE3d_data_190326/Gastruloid_241025/trainingset/movie2/label/movie2.tif,1,17.11724276862369,7
85.5,135.5,85.0,False,10,DARE3d_data_190326/Gastruloid_241025/trainingset/movie2/label/movie2.tif,1,18.16590212458495,9
226.0,65.0,88.0,False,12,DARE3d_data_190326/Gastruloid_241025/trainingset/movie2/label/movie2.tif,1,15.620499351813308,11
214.0,138.5,81.5,False,14,DARE3d_data_190326/Gastruloid_241025/trainingset/movie2/label/movie2.tif,1,18.275666882497067,13
78.5,145.5,140.5,False,16,DARE3d_data_190326/Gastruloid_241025/trainingset/movie2/label/movie2.tif,1,19.261360284258224,15
131.0,112.5,141.5,False,18,DARE3d_data_190326/Gastruloid_241025/trainingset/movie2/label/movie2.tif,1,20.149441679609886,17
160.5,129.0,60.5,False,20,DARE3d_data_190326/Gastruloid_241025/trainingset/movie2/label/movie2.tif,1,17.378147196982766,19
97.5,215.5,66.5,False,22,DARE3d_data_190326/Gastruloid_241025/trainingset/movie2/label/movie2.tif,1,13.379088160259652,21
196.55913978494624,90.0,43.0,False,24,DARE3d_data_190326/Gastruloid_241025/trainingset/movie2/label/movie2.tif,1,14.269412762769479,23
91.5,112.0,46.5,False,26,DARE3d_data_190326/Gastruloid_241025/trainingset/movie2/label/movie2.tif,1,14.352700094407323,25
135.5,109.0,71.0,False,28,DARE3d_data_190326/Gastruloid_241025/trainingset/movie2/label/movie2.tif,1,15.905973720586866,27
45.0,192.0,78.5,False,30,DARE3d_data_190326/Gastruloid_241025/trainingset/movie2/label/movie2.tif,1,16.278820596099706,29
99.0,230.5,73.5,False,32,DARE3d_data_190326/Gastruloid_241025/trainingset/movie2/label/movie2.tif,1,11.575836902790225,31
112.5,232.0,77.5,False,34,DARE3d_data_190326/Gastruloid_241025/trainingset/movie2/label/movie2.tif,1,14.491376746189438,33
91.5,105.5,142.0,False,36,DARE3d_data_190326/Gastruloid_241025/trainingset/movie2/label/movie2.tif,1,16.30950643030009,35
103.0,131.5,38.5,False,38,DARE3d_data_190326/Gastruloid_241025/trainingset/movie2/label/movie2.tif,1,16.673332000533065,37
298.0,69.5,62.5,False,40,DARE3d_data_190326/Gastruloid_241025/trainingset/movie2/label/movie2.tif,1,12.569805089976535,39
275.0,115.0,35.5,False,42,DARE3d_data_190326/Gastruloid_241025/trainingset/movie2/label/movie2.tif,1,16.76305461424021,41
211.0,78.5,65.0,False,44,DARE3d_data_190326/Gastruloid_241025/trainingset/movie2/label/movie2.tif,1,10.63014581273465,43
168.5,186.0,43.0,False,46,DARE3d_data_190326/Gastruloid_241025/trainingset/movie2/label/movie2.tif,1,17.804493814764857,45
252.5,233.0,67.5,False,48,DARE3d_data_190326/Gastruloid_241025/trainingset/movie2/label/movie2.tif,1,13.92838827718412,47
46.0,178.5,141.5,False,50,DARE3d_data_190326/Gastruloid_241025/trainingset/movie2/label/movie2.tif,1,18.05547008526779,49
23.5,192.5,129.5,False,52,DARE3d_data_190326/Gastruloid_241025/trainingset/movie2/label/movie2.tif,1,18.411952639521967,51
190.5,66.0,166.0,False,54,DARE3d_data_190326/Gastruloid_241025/trainingset/movie2/label/movie2.tif,1,13.892443989449804,53
72.5,101.0,154.0,False,56,DARE3d_data_190326/Gastruloid_241025/trainingset/movie2/label/movie2.tif,1,18.138357147217054,55
258.5,156.0,140.0,False,58,DARE3d_data_190326/Gastruloid_241025/trainingset/movie2/label/movie2.tif,1,16.76305461424021,57
100.5,70.5,126.0,False,60,DARE3d_data_190326/Gastruloid_241025/trainingset/movie2/label/movie2.tif,1,10.099504938362077,59
201.5,73.5,127.0,False,62,DARE3d_data_190326/Gastruloid_241025/trainingset/movie2/label/movie2.tif,1,16.673332000533065,61
144.5,216.0,108.5,False,64,DARE3d_data_190326/Gastruloid_241025/trainingset/movie2/label/movie2.tif,1,13.038404810405298,63
256.5,203.5,126.0,False,66,DARE3d_data_190326/Gastruloid_241025/trainingset/movie2/label/movie2.tif,1,14.352700094407323,65
119.0,228.0,137.0,False,68,DARE3d_data_190326/Gastruloid_241025/trainingset/movie2/label/movie2.tif,1,12.649110640673518,67
267.0,133.0,137.5,False,70,DARE3d_data_190326/Gastruloid_241025/trainingset/movie2/label/movie2.tif,1,15.394804318340652,69
172.5,116.5,138.0,False,72,DARE3d_data_190326/Gastruloid_241025/trainingset/movie2/label/movie2.tif,1,16.06237840420901,71
216.0,111.0,123.0,False,74,DARE3d_data_190326/Gastruloid_241025/trainingset/movie2/label/movie2.tif,1,14.422205101855956,73
119.0,181.0,53.0,False,76,DARE3d_data_190326/Gastruloid_241025/trainingset/movie2/label/movie2.tif,1,12.806248474865697,75
111.5,145.5,77.5,False,78,DARE3d_data_190326/Gastruloid_241025/trainingset/movie2/label/movie2.tif,1,17.291616465790582,77
168.96236559139786,107.5,73.5,False,80,DARE3d_data_190326/Gastruloid_241025/trainingset/movie2/label/movie2.tif,1,16.79324118429576,79
34.5,144.5,90.0,False,82,DARE3d_data_190326/Gastruloid_241025/trainingset/movie2/label/movie2.tif,1,15.033296378372908,81
99.0,191.0,88.0,False,84,DARE3d_data_190326/Gastruloid_241025/trainingset/movie2/label/movie2.tif,1,15.362291495737216,83
120.0,106.5,92.0,False,86,DARE3d_data_190326/Gastruloid_241025/trainingset/movie2/label/movie2.tif,1,13.0,85
142.5,114.0,92.5,False,88,DARE3d_data_190326/Gastruloid_241025/trainingset/movie2/label/movie2.tif,1,19.6468827043885,87
148.5,129.5,93.0,False,90,DARE3d_data_190326/Gastruloid_241025/trainingset/movie2/label/movie2.tif,1,15.033296378372908,89
99.5,109.5,97.0,False,92,DARE3d_data_190326/Gastruloid_241025/trainingset/movie2/label/movie2.tif,1,16.792855623746664,91
65.0,97.5,112.0,False,94,DARE3d_data_190326/Gastruloid_241025/trainingset/movie2/label/movie2.tif,1,17.0,93
75.5,136.0,105.5,False,96,DARE3d_data_190326/Gastruloid_241025/trainingset/movie2/label/movie2.tif,1,19.6468827043885,95
175.5,202.0,138.0,False,98,DARE3d_data_190326/Gastruloid_241025/trainingset/movie2/label/movie2.tif,1,15.132745950421556,97
33.5,194.0,140.0,False,100,DARE3d_data_190326/Gastruloid_241025/trainingset/movie2/label/movie2.tif,1,18.138357147217054,99
247.6340206185567,204.93298969072166,40.96134020618557,False,102,DARE3d_data_190326/Gastruloid_241025/trainingset/movie2/label/movie2.tif,1,19.648008539235484,101
298.0,152.0,44.0,False,104,DARE3d_data_190326/Gastruloid_241025/trainingset/movie2/label/movie2.tif,1,14.560219778561036,103
250.0,126.5,46.5,False,106,DARE3d_data_190326/Gastruloid_241025/trainingset/movie2/label/movie2.tif,1,17.029386365926403,105
260.0,207.0,77.0,False,108,DARE3d_data_190326/Gastruloid_241025/trainingset/movie2/label/movie2.tif,1,15.362291495737216,107
195.0,65.0,84.0,False,110,DARE3d_data_190326/Gastruloid_241025/trainingset/movie2/label/movie2.tif,1,10.198039027185569,109
247.0,124.0,94.5,False,112,DARE3d_data_190326/Gastruloid_241025/trainingset/movie2/label/movie2.tif,1,16.0312195418814,111
317.0,123.0,79.5,False,114,DARE3d_data_190326/Gastruloid_241025/trainingset/movie2/label/movie2.tif,1,12.68857754044952,113
215.5,179.5,63.5,False,116,DARE3d_data_190326/Gastruloid_241025/trainingset/movie2/label/movie2.tif,1,16.822603841260722,115
36.5,169.0,74.0,False,118,DARE3d_data_190326/Gastruloid_241025/trainingset/movie2/label/movie2.tif,1,11.704699910719626,117
164.0,220.5,88.0,False,120,DARE3d_data_190326/Gastruloid_241025/trainingset/movie2/label/movie2.tif,1,15.394804318340652,119
172.5,185.0,91.0,False,122,DARE3d_data_190326/Gastruloid_241025/trainingset/movie2/label/movie2.tif,1,14.45683229480096,121
307.0,194.5,80.0,False,124,DARE3d_data_190326/Gastruloid_241025/trainingset/movie2/label/movie2.tif,1,14.866068747318506,123
35.0,104.5,83.5,False,126,DARE3d_data_190326/Gastruloid_241025/trainingset/movie2/label/movie2.tif,1,13.92838827718412,125
252.0,59.0,90.5,False,128,DARE3d_data_190326/Gastruloid_241025/trainingset/movie2/label/movie2.tif,1,17.11724276862369,127
274.5,174.5,98.5,False,130,DARE3d_data_190326/Gastruloid_241025/trainingset/movie2/label/movie2.tif,1,15.84297951775486,129
309.0,170.5,102.0,False,132,DARE3d_data_190326/Gastruloid_241025/trainingset/movie2/label/movie2.tif,1,15.132745950421556,131
300.4137323943662,86.41901408450704,118.5,False,134,DARE3d_data_190326/Gastruloid_241025/trainingset/movie2/label/movie2.tif,1,14.040171858220654,133
197.5,137.5,118.5,False,136,DARE3d_data_190326/Gastruloid_241025/trainingset/movie2/label/movie2.tif,1,15.329709716755891,135
225.0,101.5,137.0,False,138,DARE3d_data_190326/Gastruloid_241025/trainingset/movie2/label/movie2.tif,1,16.522711641858304,137
304.5,157.0,138.5,False,140,DARE3d_data_190326/Gastruloid_241025/trainingset/movie2/label/movie2.tif,1,15.811388300841896,139
79.5,141.0,43.0,True,142,DARE3d_data_190326/Gastruloid_241025/trainingset/movie2/label/movie2.tif,2,15.524174696260024,141
141.5,215.5,57.0,True,144,DARE3d_data_190326/Gastruloid_241025/trainingset/movie2/label/movie2.tif,2,17.4928556845359,143
114.5,150.5,57.0,True,146,DARE3d_data_190326/Gastruloid_241025/trainingset/movie2/label/movie2.tif,2,15.811388300841896,145
128.0,191.5,58.5,True,148,DARE3d_data_190326/Gastruloid_241025/trainingset/movie2/label/movie2.tif,2,12.24744871391589,147
97.0,132.0,85.0,True,150,DARE3d_data_190326/Gastruloid_241025/trainingset/movie2/label/movie2.tif,2,14.560219778561036,149
232.5,199.0,115.5,True,152,DARE3d_data_190326/Gastruloid_241025/trainingset/movie2/label/movie2.tif,2,14.491376746189438,151
208.5,96.0,43.0,True,154,DARE3d_data_190326/Gastruloid_241025/trainingset/movie2/label/movie2.tif,2,16.522711641858304,153
192.5,212.0,88.5,True,156,DARE3d_data_190326/Gastruloid_241025/trainingset/movie2/label/movie2.tif,2,16.911534525287763,155
44.0,200.0,118.5,True,158,DARE3d_data_190326/Gastruloid_241025/trainingset/movie2/label/movie2.tif,2,18.35755975068582,157
123.5,227.5,86.5,True,160,DARE3d_data_190326/Gastruloid_241025/trainingset/movie2/label/movie2.tif,2,10.344080432788601,159
289.0,109.5,53.5,True,164,DARE3d_data_190326/Gastruloid_241025/trainingset/movie2/label/movie2.tif,2,15.165750888103101,163
320.5,188.5,55.0,True,166,DARE3d_data_190326/Gastruloid_241025/trainingset/movie2/label/movie2.tif,2,17.60681686165901,165
284.5,67.0,136.5,True,168,DARE3d_data_190326/Gastruloid_241025/trainingset/movie2/label/movie2.tif,2,11.74734012447073,167
26.5,154.0,65.0,True,170,DARE3d_data_190326/Gastruloid_241025/trainingset/movie2/label/movie2.tif,2,19.313207915827967,169
165.0,128.0,76.5,True,172,DARE3d_data_190326/Gastruloid_241025/trainingset/movie2/label/movie2.tif,2,12.206555615733702,171
163.5,96.0,74.5,True,174,DARE3d_data_190326/Gastruloid_241025/trainingset/movie2/label/movie2.tif,2,16.792855623746664,173
188.5,167.5,76.5,True,176,DARE3d_data_190326/Gastruloid_241025/trainingset/movie2/label/movie2.tif,2,17.97220075561143,175
139.0,249.0,101.0,True,178,DARE3d_data_190326/Gastruloid_241025/trainingset/movie2/label/movie2.tif,2,14.142135623730951,177
50.5,117.5,113.0,True,180,DARE3d_data_190326/Gastruloid_241025/trainingset/movie2/label/movie2.tif,2,10.677078252031311,179
167.0,146.0,136.5,True,182,DARE3d_data_190326/Gastruloid_241025/trainingset/movie2/label/movie2.tif,2,15.264337522473747,181
305.5,99.5,52.0,True,184,DARE3d_data_190326/Gastruloid_241025/trainingset/movie2/label/movie2.tif,2,17.832554500127006,183
184.5,95.0,64.5,True,186,DARE3d_data_190326/Gastruloid_241025/trainingset/movie2/label/movie2.tif,2,12.727922061357855,185
248.0,216.5,69.5,True,188,DARE3d_data_190326/Gastruloid_241025/trainingset/movie2/label/movie2.tif,2,15.556349186104045,187
249.0,197.0,96.0,True,190,DARE3d_data_190326/Gastruloid_241025/trainingset/movie2/label/movie2.tif,2,14.966629547095765,189
279.0,217.0,92.0,True,192,DARE3d_data_190326/Gastruloid_241025/trainingset/movie2/label/movie2.tif,2,13.114877048604,191
208.5,126.5,125.0,True,194,DARE3d_data_190326/Gastruloid_241025/trainingset/movie2/label/movie2.tif,2,17.029386365926403,193
283.0,188.0,78.0,True,196,DARE3d_data_190326/Gastruloid_241025/trainingset/movie2/label/movie2.tif,2,15.0996688705415,195
170.0,220.5,91.0,True,198,DARE3d_data_190326/Gastruloid_241025/trainingset/movie2/label/movie2.tif,2,18.138357147217054,197
275.5,61.0,111.5,True,200,DARE3d_data_190326/Gastruloid_241025/trainingset/movie2/label/movie2.tif,2,17.4928556845359,199
261.0,134.0,33.0,True,204,DARE3d_data_190326/Gastruloid_241025/trainingset/movie2/label/movie2.tif,3,15.362291495737216,203
150.0,171.0,42.0,True,206,DARE3d_data_190326/Gastruloid_241025/trainingset/movie2/label/movie2.tif,3,17.549928774784245,205
180.5,157.0,64.5,True,208,DARE3d_data_190326/Gastruloid_241025/trainingset/movie2/label/movie2.tif,3,13.038404810405298,207
216.0,227.0,106.0,True,210,DARE3d_data_190326/Gastruloid_241025/trainingset/movie2/label/movie2.tif,3,18.110770276274835,209
192.5,82.5,78.0,True,212,DARE3d_data_190326/Gastruloid_241025/trainingset/movie2/label/movie2.tif,3,17.378147196982766,211
126.0,228.5,63.5,True,214,DARE3d_data_190326/Gastruloid_241025/trainingset/movie2/label/movie2.tif,3,15.937377450509228,213
271.0,90.5,72.5,True,216,DARE3d_data_190326/Gastruloid_241025/trainingset/movie2/label/movie2.tif,3,15.297058540778355,215
63.0,84.0,120.0,True,218,DARE3d_data_190326/Gastruloid_241025/trainingset/movie2/label/movie2.tif,3,23.323807579381203,217
162.0,83.0,114.5,True,220,DARE3d_data_190326/Gastruloid_241025/trainingset/movie2/label/movie2.tif,3,19.4164878389476,219
37.0,126.5,133.0,True,222,DARE3d_data_190326/Gastruloid_241025/trainingset/movie2/label/movie2.tif,3,19.924858845171276,221
273.5,62.0,111.0,True,224,DARE3d_data_190326/Gastruloid_241025/trainingset/movie2/label/movie2.tif,3,17.0,223
319.5,120.5,53.0,True,226,DARE3d_data_190326/Gastruloid_241025/trainingset/movie2/label/movie2.tif,3,14.7648230602334,225
72.0,227.0,116.0,True,228,DARE3d_data_190326/Gastruloid_241025/trainingset/movie2/label/movie2.tif,3,18.0,227
170.5,68.5,82.0,True,230,DARE3d_data_190326/Gastruloid_241025/trainingset/movie2/label/movie2.tif,3,16.55294535724685,229
84.5,234.0,103.0,True,232,DARE3d_data_190326/Gastruloid_241025/trainingset/movie2/label/movie2.tif,3,12.68857754044952,231
98.5,183.5,110.5,True,234,DARE3d_data_190326/Gastruloid_241025/trainingset/movie2/label/movie2.tif,3,13.076696830622021,233
99.5,163.5,140.5,True,236,DARE3d_data_190326/Gastruloid_241025/trainingset/movie2/label/movie2.tif,3,15.066519173319364,235
166.5,221.5,128.0,True,238,DARE3d_data_190326/Gastruloid_241025/trainingset/movie2/label/movie2.tif,3,9.899494936611665,237
272.5,209.0,61.0,True,240,DARE3d_data_190326/Gastruloid_241025/trainingset/movie2/label/movie2.tif,3,14.730919862656235,239
226.0,215.5,64.0,True,242,DARE3d_data_190326/Gastruloid_241025/trainingset/movie2/label/movie2.tif,3,15.652475842498529,241
304.5,219.5,112.0,True,244,DARE3d_data_190326/Gastruloid_241025/trainingset/movie2/label/movie2.tif,3,12.409673645990857,243
141.5,129.0,35.5,True,246,DARE3d_data_190326/Gastruloid_241025/trainingset/movie2/label/movie2.tif,4,14.352700094407323,245
270.0,183.5,41.0,True,248,DARE3d_data_190326/Gastruloid_241025/trainingset/movie2/label/movie2.tif,4,16.0312195418814,247
138.5,195.5,40.5,True,250,DARE3d_data_190326/Gastruloid_241025/trainingset/movie2/label/movie2.tif,4,15.066519173319364,249
100.5,189.5,56.0,True,252,DARE3d_data_190326/Gastruloid_241025/trainingset/movie2/label/movie2.tif,4,15.937377450509228,251
111.5,221.0,55.5,True,254,DARE3d_data_190326/Gastruloid_241025/trainingset/movie2/label/movie2.tif,4,13.038404810405298,253
91.0,109.0,63.5,True,256,DARE3d_data_190326/Gastruloid_241025/trainingset/movie2/label/movie2.tif,4,11.704699910719626,255
322.5,88.5,78.5,True,258,DARE3d_data_190326/Gastruloid_241025/trainingset/movie2/label/movie2.tif,4,15.066519173319364,257
104.0,186.5,90.5,True,260,DARE3d_data_190326/Gastruloid_241025/trainingset/movie2/label/movie2.tif,4,20.248456731316587,259
78.0,205.75,93.5,True,262,DARE3d_data_190326/Gastruloid_241025/trainingset/movie2/label/movie2.tif,4,16.03901493234544,261
163.0,70.0,100.5,True,264,DARE3d_data_190326/Gastruloid_241025/trainingset/movie2/label/movie2.tif,4,16.76305461424021,263
277.0,108.5,85.5,True,266,DARE3d_data_190326/Gastruloid_241025/trainingset/movie2/label/movie2.tif,4,16.792855623746664,265
248.5,84.5,92.0,True,268,DARE3d_data_190326/Gastruloid_241025/trainingset/movie2/label/movie2.tif,4,17.029386365926403,267
263.0,80.0,145.5,True,270,DARE3d_data_190326/Gastruloid_241025/trainingset/movie2/label/movie2.tif,4,16.15549442140351,269
230.5,187.0,127.0,True,272,DARE3d_data_190326/Gastruloid_241025/trainingset/movie2/label/movie2.tif,4,14.035668847618199,271
167.5,217.5,130.0,True,274,DARE3d_data_190326/Gastruloid_241025/trainingset/movie2/label/movie2.tif,4,18.275666882497067,273
208.0,152.0,119.0,True,276,DARE3d_data_190326/Gastruloid_241025/trainingset/movie2/label/movie2.tif,4,16.61324772583615,275
155.5,77.0,145.5,True,278,DARE3d_data_190326/Gastruloid_241025/trainingset/movie2/label/movie2.tif,4,12.569805089976535,277
228.0,216.0,59.0,True,280,DARE3d_data_190326/Gastruloid_241025/trainingset/movie2/label/movie2.tif,4,13.416407864998739,279
69.0,92.5,82.0,True,282,DARE3d_data_190326/Gastruloid_241025/trainingset/movie2/label/movie2.tif,4,17.46424919657298,281
306.0,174.0,79.0,True,284,DARE3d_data_190326/Gastruloid_241025/trainingset/movie2/label/movie2.tif,4,18.973665961010276,283
103.0,186.0,107.5,True,286,DARE3d_data_190326/Gastruloid_241025/trainingset/movie2/label/movie2.tif,4,11.532562594670797,285
23.5,184.0,110.0,True,288,DARE3d_data_190326/Gastruloid_241025/trainingset/movie2/label/movie2.tif,4,13.74772708486752,287
29.0,175.0,99.5,True,290,DARE3d_data_190326/Gastruloid_241025/trainingset/movie2/label/movie2.tif,4,16.278820596099706,289
300.0,124.0,59.5,True,292,DARE3d_data_190326/Gastruloid_241025/trainingset/movie2/label/movie2.tif,4,15.132745950421556,291
98.0,188.5,42.5,True,294,DARE3d_data_190326/Gastruloid_241025/trainingset/movie2/label/movie2.tif,4,13.92838827718412,293
152.0,172.5,94.5,True,296,DARE3d_data_190326/Gastruloid_241025/trainingset/movie2/label/movie2.tif,4,17.146428199482248,295
81.5,174.5,115.0,True,298,DARE3d_data_190326/Gastruloid_241025/trainingset/movie2/label/movie2.tif,4,15.033296378372908,297
275.5,160.5,121.5,True,300,DARE3d_data_190326/Gastruloid_241025/trainingset/movie2/label/movie2.tif,4,19.87460691435179,299
279.0,89.5,115.0,True,302,DARE3d_data_190326/Gastruloid_241025/trainingset/movie2/label/movie2.tif,4,15.264337522473747,301
307.0,221.5,87.5,True,304,DARE3d_data_190326/Gastruloid_241025/trainingset/movie2/label/movie2.tif,4,14.352700094407323,303
126.5,228.0,61.0,True,306,DARE3d_data_190326/Gastruloid_241025/trainingset/movie2/label/movie2.tif,4,16.64331697709324,305
197.5,132.5,38.0,True,308,DARE3d_data_190326/Gastruloid_241025/trainingset/movie2/label/movie2.tif,5,17.378147196982766,307
255.5,178.0,66.0,True,310,DARE3d_data_190326/Gastruloid_241025/trainingset/movie2/label/movie2.tif,5,17.578395831246947,309
40.0,126.0,86.0,True,312,DARE3d_data_190326/Gastruloid_241025/trainingset/movie2/label/movie2.tif,5,18.547236990991408,311
126.0,218.5,94.5,True,314,DARE3d_data_190326/Gastruloid_241025/trainingset/movie2/label/movie2.tif,5,18.275666882497067,313
136.0,79.0,105.0,True,316,DARE3d_data_190326/Gastruloid_241025/trainingset/movie2/label/movie2.tif,5,17.204650534085253,315
92.0,61.5,92.5,True,318,DARE3d_data_190326/Gastruloid_241025/trainingset/movie2/label/movie2.tif,5,16.55294535724685,317
293.0,136.5,92.5,True,320,DARE3d_data_190326/Gastruloid_241025/trainingset/movie2/label/movie2.tif,5,15.297058540778355,319
228.5,165.0,115.0,True,322,DARE3d_data_190326/Gastruloid_241025/trainingset/movie2/label/movie2.tif,5,17.233687939614086,321
116.5,225.0,105.0,True,324,DARE3d_data_190326/Gastruloid_241025/trainingset/movie2/label/movie2.tif,5,16.76305461424021,323
273.0,76.0,85.5,True,326,DARE3d_data_190326/Gastruloid_241025/trainingset/movie2/label/movie2.tif,5,19.209372712298546,325
156.0,173.0,92.5,True,328,DARE3d_data_190326/Gastruloid_241025/trainingset/movie2/label/movie2.tif,5,15.7797338380595,327
283.0,79.5,121.0,True,330,DARE3d_data_190326/Gastruloid_241025/trainingset/movie2/label/movie2.tif,5,15.652475842498529,329
84.0,165.5,93.0,True,332,DARE3d_data_190326/Gastruloid_241025/trainingset/movie2/label/movie2.tif,5,18.138357147217054,331
234.0,106.0,46.0,True,334,DARE3d_data_190326/Gastruloid_241025/trainingset/movie2/label/movie2.tif,5,12.806248474865697,333
303.5,108.0,94.0,True,336,DARE3d_data_190326/Gastruloid_241025/trainingset/movie2/label/movie2.tif,5,12.206555615733702,335
141.0,157.5,100.0,True,338,DARE3d_data_190326/Gastruloid_241025/trainingset/movie2/label/movie2.tif,5,11.704699910719626,337
238.5,200.0,111.0,True,340,DARE3d_data_190326/Gastruloid_241025/trainingset/movie2/label/movie2.tif,5,10.04987562112089,339
209.0,67.0,147.0,True,342,DARE3d_data_190326/Gastruloid_241025/trainingset/movie2/label/movie2.tif,5,11.832159566199232,341
153.5,225.0,132.5,True,344,DARE3d_data_190326/Gastruloid_241025/trainingset/movie2/label/movie2.tif,5,13.19090595827292,343
155.5,79.5,134.0,True,346,DARE3d_data_190326/Gastruloid_241025/trainingset/movie2/label/movie2.tif,5,15.937377450509228,345
309.0,81.5,109.0,True,450,DARE3d_data_190326/Gastruloid_241025/trainingset/movie2/label/movie2.tif,5,15.0,449
188.5,117.5,39.0,True,348,DARE3d_data_190326/Gastruloid_241025/trainingset/movie2/label/movie2.tif,6,18.275666882497067,347
211.0,65.5,88.0,True,350,DARE3d_data_190326/Gastruloid_241025/trainingset/movie2/label/movie2.tif,6,11.180339887498949,349
221.5,139.0,137.5,True,352,DARE3d_data_190326/Gastruloid_241025/trainingset/movie2/label/movie2.tif,6,17.378147196982766,351
158.0,67.0,115.0,True,354,DARE3d_data_190326/Gastruloid_241025/trainingset/movie2/label/movie2.tif,6,19.595917942265423,353
108.0,169.5,52.0,True,356,DARE3d_data_190326/Gastruloid_241025/trainingset/movie2/label/movie2.tif,6,14.317821063276353,355
294.0,160.5,46.0,True,358,DARE3d_data_190326/Gastruloid_241025/trainingset/movie2/label/movie2.tif,6,10.816653826391969,357
211.0,98.5,57.5,True,360,DARE3d_data_190326/Gastruloid_241025/trainingset/movie2/label/movie2.tif,6,13.19090595827292,359
270.5,114.0,65.0,True,362,DARE3d_data_190326/Gastruloid_241025/trainingset/movie2/label/movie2.tif,6,16.881943016134134,361
190.0,148.5,97.0,True,364,DARE3d_data_190326/Gastruloid_241025/trainingset/movie2/label/movie2.tif,6,8.06225774829855,363
227.5,184.5,148.5,True,366,DARE3d_data_190326/Gastruloid_241025/trainingset/movie2/label/movie2.tif,6,13.96424004376894,365
84.5,204.0,59.0,True,368,DARE3d_data_190326/Gastruloid_241025/trainingset/movie2/label/movie2.tif,7,15.7797338380595,367
156.0,101.5,75.5,True,370,DARE3d_data_190326/Gastruloid_241025/trainingset/movie2/label/movie2.tif,7,12.083045973594572,369
226.0,85.5,74.5,True,372,DARE3d_data_190326/Gastruloid_241025/trainingset/movie2/label/movie2.tif,7,19.748417658131498,371
43.0,99.0,83.5,True,374,DARE3d_data_190326/Gastruloid_241025/trainingset/movie2/label/movie2.tif,7,14.177446878757825,373
115.0,71.5,96.0,True,376,DARE3d_data_190326/Gastruloid_241025/trainingset/movie2/label/movie2.tif,7,13.30413469565007,375
285.5,191.5,114.5,True,378,DARE3d_data_190326/Gastruloid_241025/trainingset/movie2/label/movie2.tif,7,17.74823934929885,377
199.0,114.0,88.5,True,380,DARE3d_data_190326/Gastruloid_241025/trainingset/movie2/label/movie2.tif,7,18.027756377319946,379
141.5,201.5,109.0,True,382,DARE3d_data_190326/Gastruloid_241025/trainingset/movie2/label/movie2.tif,7,17.4928556845359,381
38.0,124.5,142.5,True,384,DARE3d_data_190326/Gastruloid_241025/trainingset/movie2/label/movie2.tif,7,17.4928556845359,383
265.5,227.5,145.0,True,386,DARE3d_data_190326/Gastruloid_241025/trainingset/movie2/label/movie2.tif,7,16.186414056238647,385
115.0,245.5,66.0,True,388,DARE3d_data_190326/Gastruloid_241025/trainingset/movie2/label/movie2.tif,7,18.027756377319946,387
222.0,210.0,101.5,True,390,DARE3d_data_190326/Gastruloid_241025/trainingset/movie2/label/movie2.tif,7,16.76305461424021,389
326.0,182.5,102.0,True,392,DARE3d_data_190326/Gastruloid_241025/trainingset/movie2/label/movie2.tif,7,10.44030650891055,391
94.5,213.0,131.0,True,394,DARE3d_data_190326/Gastruloid_241025/trainingset/movie2/label/movie2.tif,7,11.704699910719626,393
162.5,89.0,134.0,True,444,DARE3d_data_190326/Gastruloid_241025/trainingset/movie2/label/movie2.tif,7,16.15549442140351,443
67.0,69.0,99.5,True,446,DARE3d_data_190326/Gastruloid_241025/trainingset/movie2/label/movie2.tif,7,14.866068747318506,445
154.0,63.0,157.5,True,462,DARE3d_data_190326/Gastruloid_241025/trainingset/movie2/label/movie2.tif,7,13.74772708486752,461
190.0,169.5,44.0,True,396,DARE3d_data_190326/Gastruloid_241025/trainingset/movie2/label/movie2.tif,8,16.0312195418814,395
81.0,84.0,98.0,True,398,DARE3d_data_190326/Gastruloid_241025/trainingset/movie2/label/movie2.tif,8,16.0,397
312.5,80.5,137.5,True,402,DARE3d_data_190326/Gastruloid_241025/trainingset/movie2/label/movie2.tif,8,14.52583904633395,401
90.5,203.0,60.0,True,404,DARE3d_data_190326/Gastruloid_241025/trainingset/movie2/label/movie2.tif,8,16.76305461424021,403
258.0,157.5,52.5,True,406,DARE3d_data_190326/Gastruloid_241025/trainingset/movie2/label/movie2.tif,8,11.045361017187261,405
262.5,56.5,77.0,True,408,DARE3d_data_190326/Gastruloid_241025/trainingset/movie2/label/movie2.tif,8,9.486832980505138,407
166.5,83.0,85.5,True,410,DARE3d_data_190326/Gastruloid_241025/trainingset/movie2/label/movie2.tif,8,16.911534525287763,409
131.5,249.0,124.0,True,412,DARE3d_data_190326/Gastruloid_241025/trainingset/movie2/label/movie2.tif,8,10.816653826391969,411
144.0,121.0,64.0,True,414,DARE3d_data_190326/Gastruloid_241025/trainingset/movie2/label/movie2.tif,8,14.696938456699069,413
197.5,120.5,56.5,True,416,DARE3d_data_190326/Gastruloid_241025/trainingset/movie2/label/movie2.tif,9,15.066519173319364,415
140.0,143.0,44.0,True,418,DARE3d_data_190326/Gastruloid_241025/trainingset/movie2/label/movie2.tif,9,14.2828568570857,417
250.0,115.0,62.0,True,420,DARE3d_data_190326/Gastruloid_241025/trainingset/movie2/label/movie2.tif,9,18.0,419
116.5,118.5,59.5,True,422,DARE3d_data_190326/Gastruloid_241025/trainingset/movie2/label/movie2.tif,9,14.52583904633395,421
297.959074605452,188.9988880918221,85.96811334289814,True,424,DARE3d_data_190326/Gastruloid_241025/trainingset/movie2/label/movie2.tif,9,8.61550833504517,423
260.5,115.0,77.5,True,426,DARE3d_data_190326/Gastruloid_241025/trainingset/movie2/label/movie2.tif,9,14.491376746189438,425
122.5,86.0,100.5,True,428,DARE3d_data_190326/Gastruloid_241025/trainingset/movie2/label/movie2.tif,9,12.884098726725126,427
317.5,147.5,88.0,True,430,DARE3d_data_190326/Gastruloid_241025/trainingset/movie2/label/movie2.tif,9,17.4928556845359,429
205.0,184.5,135.0,True,432,DARE3d_data_190326/Gastruloid_241025/trainingset/movie2/label/movie2.tif,9,13.152946437965905,431
301.5,168.5,141.5,True,434,DARE3d_data_190326/Gastruloid_241025/trainingset/movie2/label/movie2.tif,9,14.798648586948742,433
172.0,164.5,116.0,True,436,DARE3d_data_190326/Gastruloid_241025/trainingset/movie2/label/movie2.tif,9,15.7797338380595,435
229.0,104.5,152.0,True,438,DARE3d_data_190326/Gastruloid_241025/trainingset/movie2/label/movie2.tif,9,15.524174696260024,437
239.5,221.5,45.0,True,440,DARE3d_data_190326/Gastruloid_241025/trainingset/movie2/label/movie2.tif,9,19.026297590440446,439
241.0,232.5,74.0,True,442,DARE3d_data_190326/Gastruloid_241025/trainingset/movie2/label/movie2.tif,9,11.0,441
43.5,147.0,92.0,True,448,DARE3d_data_190326/Gastruloid_241025/trainingset/movie2/label/movie2.tif,9,15.394804318340652,447
264.5,72.0,132.5,True,454,DARE3d_data_190326/Gastruloid_241025/trainingset/movie2/label/movie2.tif,9,11.916375287812984,453
243.0,49.5,116.0,True,458,DARE3d_data_190326/Gastruloid_241025/trainingset/movie2/label/movie2.tif,9,12.36931687685298,457
69.5,135.0,124.0,True,460,DARE3d_data_190326/Gastruloid_241025/trainingset/movie2/label/movie2.tif,9,12.68857754044952,459
197.5,85.0,54.5,False,2,DARE3d_data_190326/Gastruloid_241025/trainingset/movie3/label/movie3.tif,1,13.92838827718412,1
71.0,175.5,47.0,False,32,DARE3d_data_190326/Gastruloid_241025/trainingset/movie3/label/movie3.tif,1,9.219544457292887,31
168.5,325.5,49.5,True,4,DARE3d_data_190326/Gastruloid_241025/trainingset/movie3/label/movie3.tif,2,8.660254037844387,3
126.0,272.0,48.5,True,6,DARE3d_data_190326/Gastruloid_241025/trainingset/movie3/label/movie3.tif,2,14.035668847618199,5
148.0,234.5,58.5,True,10,DARE3d_data_190326/Gastruloid_241025/trainingset/movie3/label/movie3.tif,2,11.74734012447073,9
300.0,223.5,59.5,True,12,DARE3d_data_190326/Gastruloid_241025/trainingset/movie3/label/movie3.tif,2,11.575836902790225,11
210.5,150.5,39.0,True,14,DARE3d_data_190326/Gastruloid_241025/trainingset/movie3/label/movie3.tif,2,12.083045973594572,13
133.0,187.0,67.0,True,16,DARE3d_data_190326/Gastruloid_241025/trainingset/movie3/label/movie3.tif,2,15.620499351813308,15
149.5,281.5,53.0,True,18,DARE3d_data_190326/Gastruloid_241025/trainingset/movie3/label/movie3.tif,2,15.297058540778355,17
290.0,44.0,44.5,True,34,DARE3d_data_190326/Gastruloid_241025/trainingset/movie3/label/movie3.tif,2,13.152946437965905,33
145.5,125.0,44.0,True,36,DARE3d_data_190326/Gastruloid_241025/trainingset/movie3/label/movie3.tif,2,11.0,35
247.0,224.5,9.0,True,38,DARE3d_data_190326/Gastruloid_241025/trainingset/movie3/label/movie3.tif,2,13.152946437965905,37
197.5,224.5,37.5,True,340,DARE3d_data_190326/Gastruloid_241025/trainingset/movie3/label/movie3.tif,2,11.090536506409418,339
129.0,195.5,33.5,True,342,DARE3d_data_190326/Gastruloid_241025/trainingset/movie3/label/movie3.tif,2,11.575836902790225,341
174.5,312.0,41.0,True,344,DARE3d_data_190326/Gastruloid_241025/trainingset/movie3/label/movie3.tif,2,10.63014581273465,343
134.0,327.5,54.0,True,346,DARE3d_data_190326/Gastruloid_241025/trainingset/movie3/label/movie3.tif,2,12.206555615733702,345
160.5,347.0,42.0,True,348,DARE3d_data_190326/Gastruloid_241025/trainingset/movie3/label/movie3.tif,2,12.36931687685298,347
188.5,312.5,34.0,True,412,DARE3d_data_190326/Gastruloid_241025/trainingset/movie3/label/movie3.tif,2,14.071247279470288,411
224.5,298.0,38.0,True,414,DARE3d_data_190326/Gastruloid_241025/trainingset/movie3/label/movie3.tif,2,10.63014581273465,413
158.5,264.0,58.5,True,22,DARE3d_data_190326/Gastruloid_241025/trainingset/movie3/label/movie3.tif,3,10.488088481701515,21
263.0,140.5,15.0,True,24,DARE3d_data_190326/Gastruloid_241025/trainingset/movie3/label/movie3.tif,3,15.524174696260024,23
233.5,163.5,22.0,True,26,DARE3d_data_190326/Gastruloid_241025/trainingset/movie3/label/movie3.tif,3,15.937377450509228,25
220.0,102.0,19.5,True,28,DARE3d_data_190326/Gastruloid_241025/trainingset/movie3/label/movie3.tif,3,10.816653826391969,27
221.0,198.0,53.5,True,30,DARE3d_data_190326/Gastruloid_241025/trainingset/movie3/label/movie3.tif,3,11.180339887498949,29
106.5,73.5,51.0,True,32,DARE3d_data_190326/Gastruloid_241025/trainingset/movie3/label/movie3.tif,3,17.029386365926403,31
145.0,124.0,45.5,True,34,DARE3d_data_190326/Gastruloid_241025/trainingset/movie3/label/movie3.tif,3,16.401219466856727,33
58.0,171.5,54.0,True,36,DARE3d_data_190326/Gastruloid_241025/trainingset/movie3/label/movie3.tif,3,14.317821063276353,35
296.0,180.5,14.0,True,350,DARE3d_data_190326/Gastruloid_241025/trainingset/movie3/label/movie3.tif,3,14.45683229480096,349
272.5,218.0,12.0,True,352,DARE3d_data_190326/Gastruloid_241025/trainingset/movie3/label/movie3.tif,3,11.532562594670797,351
242.5,316.0,26.0,True,396,DARE3d_data_190326/Gastruloid_241025/trainingset/movie3/label/movie3.tif,3,8.06225774829855,395
336.5,117.0,35.5,True,398,DARE3d_data_190326/Gastruloid_241025/trainingset/movie3/label/movie3.tif,3,10.488088481701515,397
194.0,298.5,75.5,True,400,DARE3d_data_190326/Gastruloid_241025/trainingset/movie3/label/movie3.tif,3,10.488088481701515,399
207.5,366.5,79.5,True,404,DARE3d_data_190326/Gastruloid_241025/trainingset/movie3/label/movie3.tif,3,12.12435565298214,403
142.5,143.5,48.0,True,38,DARE3d_data_190326/Gastruloid_241025/trainingset/movie3/label/movie3.tif,4,14.491376746189438,37
202.5,336.5,38.5,True,40,DARE3d_data_190326/Gastruloid_241025/trainingset/movie3/label/movie3.tif,4,11.789826122551595,39
133.0,273.5,58.0,True,42,DARE3d_data_190326/Gastruloid_241025/trainingset/movie3/label/movie3.tif,4,13.601470508735444,41
94.5,197.0,18.0,True,44,DARE3d_data_190326/Gastruloid_241025/trainingset/movie3/label/movie3.tif,4,16.76305461424021,43
210.5,183.5,32.5,True,46,DARE3d_data_190326/Gastruloid_241025/trainingset/movie3/label/movie3.tif,4,11.789826122551595,45
170.5,152.0,70.0,True,48,DARE3d_data_190326/Gastruloid_241025/trainingset/movie3/label/movie3.tif,4,10.63014581273465,47
201.5,106.5,12.5,True,50,DARE3d_data_190326/Gastruloid_241025/trainingset/movie3/label/movie3.tif,4,11.090536506409418,49
151.0,56.5,12.5,True,52,DARE3d_data_190326/Gastruloid_241025/trainingset/movie3/label/movie3.tif,4,15.684387141358123,51
287.0,73.5,22.0,True,354,DARE3d_data_190326/Gastruloid_241025/trainingset/movie3/label/movie3.tif,4,8.06225774829855,353
225.0,214.5,41.0,True,356,DARE3d_data_190326/Gastruloid_241025/trainingset/movie3/label/movie3.tif,4,12.36931687685298,355
143.5,326.0,36.0,True,358,DARE3d_data_190326/Gastruloid_241025/trainingset/movie3/label/movie3.tif,4,14.317821063276353,357
132.0,314.5,59.0,True,402,DARE3d_data_190326/Gastruloid_241025/trainingset/movie3/label/movie3.tif,4,12.68857754044952,401
221.5,319.5,25.0,True,54,DARE3d_data_190326/Gastruloid_241025/trainingset/movie3/label/movie3.tif,5,10.099504938362077,53
158.5,268.5,44.0,True,56,DARE3d_data_190326/Gastruloid_241025/trainingset/movie3/label/movie3.tif,5,13.638181696985855,55
144.0,272.0,15.5,True,58,DARE3d_data_190326/Gastruloid_241025/trainingset/movie3/label/movie3.tif,5,14.45683229480096,57
255.0,294.0,53.0,True,60,DARE3d_data_190326/Gastruloid_241025/trainingset/movie3/label/movie3.tif,5,14.0,59
225.0,242.0,66.5,True,62,DARE3d_data_190326/Gastruloid_241025/trainingset/movie3/label/movie3.tif,5,13.74772708486752,61
185.5,225.0,65.5,True,64,DARE3d_data_190326/Gastruloid_241025/trainingset/movie3/label/movie3.tif,5,13.341664064126334,63
224.5,214.0,42.0,True,66,DARE3d_data_190326/Gastruloid_241025/trainingset/movie3/label/movie3.tif,5,17.578395831246947,65
80.5,131.5,39.0,True,68,DARE3d_data_190326/Gastruloid_241025/trainingset/movie3/label/movie3.tif,5,11.74734012447073,67
287.5,36.5,35.5,True,70,DARE3d_data_190326/Gastruloid_241025/trainingset/movie3/label/movie3.tif,5,14.247806848775006,69
154.5,294.5,53.0,True,72,DARE3d_data_190326/Gastruloid_241025/trainingset/movie3/label/movie3.tif,6,13.038404810405298,71
122.5,274.5,31.5,True,74,DARE3d_data_190326/Gastruloid_241025/trainingset/movie3/label/movie3.tif,6,11.090536506409418,73
125.5,255.5,25.0,True,76,DARE3d_data_190326/Gastruloid_241025/trainingset/movie3/label/movie3.tif,6,11.40175425099138,75
130.0,224.0,15.0,True,78,DARE3d_data_190326/Gastruloid_241025/trainingset/movie3/label/movie3.tif,6,16.0,77
182.5,274.0,74.0,True,80,DARE3d_data_190326/Gastruloid_241025/trainingset/movie3/label/movie3.tif,6,15.264337522473747,79
130.0,153.5,28.0,True,82,DARE3d_data_190326/Gastruloid_241025/trainingset/movie3/label/movie3.tif,6,14.035668847618199,81
58.0,200.5,72.5,True,84,DARE3d_data_190326/Gastruloid_241025/trainingset/movie3/label/movie3.tif,6,15.297058540778355,83
108.5,209.5,35.0,True,86,DARE3d_data_190326/Gastruloid_241025/trainingset/movie3/label/movie3.tif,6,12.569805089976535,85
121.5,200.0,44.5,True,88,DARE3d_data_190326/Gastruloid_241025/trainingset/movie3/label/movie3.tif,6,9.273618495495704,87
245.5,313.5,25.0,True,360,DARE3d_data_190326/Gastruloid_241025/trainingset/movie3/label/movie3.tif,6,13.038404810405298,359
218.5,333.5,79.73448275862069,True,416,DARE3d_data_190326/Gastruloid_241025/trainingset/movie3/label/movie3.tif,6,10.193605045751733,415
241.5,319.5,52.0,True,90,DARE3d_data_190326/Gastruloid_241025/trainingset/movie3/label/movie3.tif,7,12.083045973594572,89
154.5,321.5,47.0,True,92,DARE3d_data_190326/Gastruloid_241025/trainingset/movie3/label/movie3.tif,7,15.811388300841896,91
120.5,175.0,64.5,True,94,DARE3d_data_190326/Gastruloid_241025/trainingset/movie3/label/movie3.tif,7,13.490737563232042,93
334.0,141.0,28.0,True,96,DARE3d_data_190326/Gastruloid_241025/trainingset/movie3/label/movie3.tif,7,15.231546211727817,95
89.5,206.5,40.5,True,98,DARE3d_data_190326/Gastruloid_241025/trainingset/movie3/label/movie3.tif,7,10.344080432788601,97
299.0,133.0,15.5,True,100,DARE3d_data_190326/Gastruloid_241025/trainingset/movie3/label/movie3.tif,7,14.45683229480096,99
261.5,365.0,80.42058823529412,True,406,DARE3d_data_190326/Gastruloid_241025/trainingset/movie3/label/movie3.tif,7,15.397151806000492,405
275.0,277.5,33.5,True,418,DARE3d_data_190326/Gastruloid_241025/trainingset/movie3/label/movie3.tif,7,14.7648230602334,417
232.0,285.5,36.5,True,102,DARE3d_data_190326/Gastruloid_241025/trainingset/movie3/label/movie3.tif,8,15.165750888103101,101
180.5,267.0,45.5,True,104,DARE3d_data_190326/Gastruloid_241025/trainingset/movie3/label/movie3.tif,8,12.569805089976535,103
168.5,236.5,47.0,True,106,DARE3d_data_190326/Gastruloid_241025/trainingset/movie3/label/movie3.tif,8,11.74734012447073,105
185.0,249.5,70.5,True,108,DARE3d_data_190326/Gastruloid_241025/trainingset/movie3/label/movie3.tif,8,12.083045973594572,107
238.5,219.5,68.0,True,110,DARE3d_data_190326/Gastruloid_241025/trainingset/movie3/label/movie3.tif,8,16.55294535724685,109
148.0,51.5,57.0,True,112,DARE3d_data_190326/Gastruloid_241025/trainingset/movie3/label/movie3.tif,8,15.264337522473747,111
196.5,384.5,71.5,True,114,DARE3d_data_190326/Gastruloid_241025/trainingset/movie3/label/movie3.tif,8,12.767145334803704,113
104.0,59.5,24.0,True,116,DARE3d_data_190326/Gastruloid_241025/trainingset/movie3/label/movie3.tif,8,11.357816691600547,115
99.5,188.5,47.0,True,362,DARE3d_data_190326/Gastruloid_241025/trainingset/movie3/label/movie3.tif,8,10.295630140987,361
156.5,244.5,20.0,True,364,DARE3d_data_190326/Gastruloid_241025/trainingset/movie3/label/movie3.tif,8,13.638181696985855,363
130.5,160.0,18.0,True,118,DARE3d_data_190326/Gastruloid_241025/trainingset/movie3/label/movie3.tif,9,14.317821063276353,117
288.5,184.0,28.0,True,120,DARE3d_data_190326/Gastruloid_241025/trainingset/movie3/label/movie3.tif,9,12.041594578792296,119
98.0,185.5,46.0,True,122,DARE3d_data_190326/Gastruloid_241025/trainingset/movie3/label/movie3.tif,9,14.177446878757825,121
94.5,236.5,80.0,True,124,DARE3d_data_190326/Gastruloid_241025/trainingset/movie3/label/movie3.tif,9,17.378147196982766,123
199.5,211.0,22.0,True,126,DARE3d_data_190326/Gastruloid_241025/trainingset/movie3/label/movie3.tif,9,11.0,125
145.5,156.0,25.0,True,128,DARE3d_data_190326/Gastruloid_241025/trainingset/movie3/label/movie3.tif,9,13.152946437965905,127
79.5,165.5,55.5,True,130,DARE3d_data_190326/Gastruloid_241025/trainingset/movie3/label/movie3.tif,9,16.09347693943108,129
339.5,208.5,67.0,True,132,DARE3d_data_190326/Gastruloid_241025/trainingset/movie3/label/movie3.tif,9,11.74734012447073,131
228.0,341.5,68.5,True,134,DARE3d_data_190326/Gastruloid_241025/trainingset/movie3/label/movie3.tif,9,11.74734012447073,133
148.5,87.5,25.5,True,136,DARE3d_data_190326/Gastruloid_241025/trainingset/movie3/label/movie3.tif,9,16.09347693943108,135
255.0,57.0,77.5,True,138,DARE3d_data_190326/Gastruloid_241025/trainingset/movie3/label/movie3.tif,9,13.601470508735444,137
195.0,36.0,70.0,True,366,DARE3d_data_190326/Gastruloid_241025/trainingset/movie3/label/movie3.tif,9,8.246211251235321,365
182.5,296.5,69.0,True,368,DARE3d_data_190326/Gastruloid_241025/trainingset/movie3/label/movie3.tif,9,11.40175425099138,367
195.0,360.5,71.5,True,408,DARE3d_data_190326/Gastruloid_241025/trainingset/movie3/label/movie3.tif,9,9.899494936611665,407
191.0,163.0,17.0,True,140,DARE3d_data_190326/Gastruloid_241025/trainingset/movie3/label/movie3.tif,10,10.770329614269007,139
253.5,250.5,67.0,True,142,DARE3d_data_190326/Gastruloid_241025/trainingset/movie3/label/movie3.tif,10,14.491376746189438,141
200.5,263.0,78.5,True,144,DARE3d_data_190326/Gastruloid_241025/trainingset/movie3/label/movie3.tif,10,13.784048752090222,143
275.0,103.5,28.0,True,146,DARE3d_data_190326/Gastruloid_241025/trainingset/movie3/label/movie3.tif,10,9.219544457292887,145
202.5,123.5,26.0,True,148,DARE3d_data_190326/Gastruloid_241025/trainingset/movie3/label/movie3.tif,10,11.575836902790225,147
84.0,111.0,38.0,True,150,DARE3d_data_190326/Gastruloid_241025/trainingset/movie3/label/movie3.tif,10,14.0,149
112.5,112.0,80.0,True,152,DARE3d_data_190326/Gastruloid_241025/trainingset/movie3/label/movie3.tif,10,8.06225774829855,151
333.5,220.0,70.0,True,154,DARE3d_data_190326/Gastruloid_241025/trainingset/movie3/label/movie3.tif,10,12.041594578792296,153
167.5,41.0,33.5,True,156,DARE3d_data_190326/Gastruloid_241025/trainingset/movie3/label/movie3.tif,10,11.224972160321824,155
86.5,110.0,81.0,True,158,DARE3d_data_190326/Gastruloid_241025/trainingset/movie3/label/movie3.tif,10,13.0,157
204.0,298.0,37.0,True,370,DARE3d_data_190326/Gastruloid_241025/trainingset/movie3/label/movie3.tif,10,14.142135623730951,369
221.0,252.5,42.0,True,160,DARE3d_data_190326/Gastruloid_241025/trainingset/movie3/label/movie3.tif,11,14.866068747318506,159
78.5,118.0,51.5,True,162,DARE3d_data_190326/Gastruloid_241025/trainingset/movie3/label/movie3.tif,11,15.811388300841896,161
136.0,313.5,59.5,True,164,DARE3d_data_190326/Gastruloid_241025/trainingset/movie3/label/movie3.tif,11,12.727922061357855,163
42.0,144.0,78.42058823529412,True,166,DARE3d_data_190326/Gastruloid_241025/trainingset/movie3/label/movie3.tif,11,10.714555310498431,165
114.0,209.0,18.5,True,168,DARE3d_data_190326/Gastruloid_241025/trainingset/movie3/label/movie3.tif,11,10.04987562112089,167
248.0,103.0,78.0,True,170,DARE3d_data_190326/Gastruloid_241025/trainingset/movie3/label/movie3.tif,12,16.0,169
264.5,283.0,34.5,True,172,DARE3d_data_190326/Gastruloid_241025/trainingset/movie3/label/movie3.tif,12,14.352700094407323,171
150.0,40.5,37.0,True,174,DARE3d_data_190326/Gastruloid_241025/trainingset/movie3/label/movie3.tif,12,15.7797338380595,173
294.0,138.0,13.5,True,176,DARE3d_data_190326/Gastruloid_241025/trainingset/movie3/label/movie3.tif,12,10.816653826391969,175
223.0,34.5,52.5,True,178,DARE3d_data_190326/Gastruloid_241025/trainingset/movie3/label/movie3.tif,12,17.029386365926403,177
186.0,322.5,73.0,True,372,DARE3d_data_190326/Gastruloid_241025/trainingset/movie3/label/movie3.tif,12,13.0,371
149.5,290.5,64.0,True,180,DARE3d_data_190326/Gastruloid_241025/trainingset/movie3/label/movie3.tif,13,14.7648230602334,179
141.5,227.5,62.5,True,182,DARE3d_data_190326/Gastruloid_241025/trainingset/movie3/label/movie3.tif,13,13.96424004376894,181
114.5,171.5,18.0,True,184,DARE3d_data_190326/Gastruloid_241025/trainingset/movie3/label/movie3.tif,13,12.569805089976535,183
140.5,174.0,72.5,True,186,DARE3d_data_190326/Gastruloid_241025/trainingset/movie3/label/movie3.tif,13,9.899494936611665,185
286.5,157.0,36.0,True,188,DARE3d_data_190326/Gastruloid_241025/trainingset/movie3/label/movie3.tif,13,14.317821063276353,187
196.0,39.0,75.5,True,190,DARE3d_data_190326/Gastruloid_241025/trainingset/movie3/label/movie3.tif,13,13.45362404707371,189
340.5,93.5,70.0,True,374,DARE3d_data_190326/Gastruloid_241025/trainingset/movie3/label/movie3.tif,13,10.677078252031311,373
303.0,61.0,33.5,True,192,DARE3d_data_190326/Gastruloid_241025/trainingset/movie3/label/movie3.tif,14,14.730919862656235,191
217.0,309.0,44.0,True,194,DARE3d_data_190326/Gastruloid_241025/trainingset/movie3/label/movie3.tif,14,14.696938456699069,193
55.0,101.5,62.0,True,196,DARE3d_data_190326/Gastruloid_241025/trainingset/movie3/label/movie3.tif,14,12.206555615733702,195
243.0,271.0,40.5,True,198,DARE3d_data_190326/Gastruloid_241025/trainingset/movie3/label/movie3.tif,14,14.730919862656235,197
339.5,90.5,71.0,True,200,DARE3d_data_190326/Gastruloid_241025/trainingset/movie3/label/movie3.tif,14,12.083045973594572,199
321.5,76.5,72.0,True,202,DARE3d_data_190326/Gastruloid_241025/trainingset/movie3/label/movie3.tif,14,14.352700094407323,201
139.0,179.5,30.0,True,204,DARE3d_data_190326/Gastruloid_241025/trainingset/movie3/label/movie3.tif,14,11.180339887498949,203
211.5,372.0,69.0,True,206,DARE3d_data_190326/Gastruloid_241025/trainingset/movie3/label/movie3.tif,14,15.132745950421556,205
247.0,226.0,28.0,True,208,DARE3d_data_190326/Gastruloid_241025/trainingset/movie3/label/movie3.tif,15,13.416407864998739,207
203.0,281.0,49.5,True,210,DARE3d_data_190326/Gastruloid_241025/trainingset/movie3/label/movie3.tif,15,15.524174696260024,209
223.5,227.0,43.0,True,212,DARE3d_data_190326/Gastruloid_241025/trainingset/movie3/label/movie3.tif,15,17.46424919657298,211
143.5,90.5,56.5,True,214,DARE3d_data_190326/Gastruloid_241025/trainingset/movie3/label/movie3.tif,15,13.379088160259652,213
183.0,351.5,61.5,True,216,DARE3d_data_190326/Gastruloid_241025/trainingset/movie3/label/movie3.tif,15,13.638181696985855,215
152.5,36.5,52.0,True,218,DARE3d_data_190326/Gastruloid_241025/trainingset/movie3/label/movie3.tif,15,15.297058540778355,217
187.0,287.5,32.5,True,376,DARE3d_data_190326/Gastruloid_241025/trainingset/movie3/label/movie3.tif,15,11.916375287812984,375
233.0,309.5,20.5,True,220,DARE3d_data_190326/Gastruloid_241025/trainingset/movie3/label/movie3.tif,16,14.071247279470288,219
228.5,185.5,47.0,True,222,DARE3d_data_190326/Gastruloid_241025/trainingset/movie3/label/movie3.tif,16,12.24744871391589,221
176.0,206.5,60.0,True,224,DARE3d_data_190326/Gastruloid_241025/trainingset/movie3/label/movie3.tif,16,10.04987562112089,223
308.5,231.5,63.0,True,226,DARE3d_data_190326/Gastruloid_241025/trainingset/movie3/label/movie3.tif,16,13.19090595827292,225
345.0,218.0,61.0,True,228,DARE3d_data_190326/Gastruloid_241025/trainingset/movie3/label/movie3.tif,16,14.696938456699069,227
129.0,178.5,33.0,True,230,DARE3d_data_190326/Gastruloid_241025/trainingset/movie3/label/movie3.tif,16,13.45362404707371,229
116.0,146.0,28.0,True,232,DARE3d_data_190326/Gastruloid_241025/trainingset/movie3/label/movie3.tif,16,13.416407864998739,231
126.5,52.5,37.0,True,378,DARE3d_data_190326/Gastruloid_241025/trainingset/movie3/label/movie3.tif,16,13.92838827718412,377
113.5,283.0,68.5,True,380,DARE3d_data_190326/Gastruloid_241025/trainingset/movie3/label/movie3.tif,16,9.273618495495704,379
235.0,247.0,57.0,True,236,DARE3d_data_190326/Gastruloid_241025/trainingset/movie3/label/movie3.tif,17,15.748015748023622,235
185.0,262.0,29.0,True,240,DARE3d_data_190326/Gastruloid_241025/trainingset/movie3/label/movie3.tif,17,10.198039027185569,239
138.5,54.5,35.0,True,242,DARE3d_data_190326/Gastruloid_241025/trainingset/movie3/label/movie3.tif,17,14.628738838327793,241
200.5,380.5,76.5,True,420,DARE3d_data_190326/Gastruloid_241025/trainingset/movie3/label/movie3.tif,17,8.660254037844387,419
259.0,267.5,53.0,True,244,DARE3d_data_190326/Gastruloid_241025/trainingset/movie3/label/movie3.tif,18,16.401219466856727,243
244.0,196.0,52.0,True,246,DARE3d_data_190326/Gastruloid_241025/trainingset/movie3/label/movie3.tif,18,14.0,245
320.5,176.5,26.5,True,248,DARE3d_data_190326/Gastruloid_241025/trainingset/movie3/label/movie3.tif,18,16.583123951777,247
58.5,71.0,58.5,True,250,DARE3d_data_190326/Gastruloid_241025/trainingset/movie3/label/movie3.tif,18,11.916375287812984,249
152.5,266.0,59.0,True,252,DARE3d_data_190326/Gastruloid_241025/trainingset/movie3/label/movie3.tif,18,15.652475842498529,251
184.5,304.5,74.0,True,254,DARE3d_data_190326/Gastruloid_241025/trainingset/movie3/label/movie3.tif,18,11.224972160321824,253
244.0,37.0,22.5,True,256,DARE3d_data_190326/Gastruloid_241025/trainingset/movie3/label/movie3.tif,18,16.401219466856727,255
101.5,37.5,43.0,True,382,DARE3d_data_190326/Gastruloid_241025/trainingset/movie3/label/movie3.tif,18,14.89966442575134,381
220.0,231.0,33.0,True,384,DARE3d_data_190326/Gastruloid_241025/trainingset/movie3/label/movie3.tif,18,11.832159566199232,383
189.0,108.0,52.5,True,258,DARE3d_data_190326/Gastruloid_241025/trainingset/movie3/label/movie3.tif,19,10.44030650891055,257
198.5,161.5,19.5,True,260,DARE3d_data_190326/Gastruloid_241025/trainingset/movie3/label/movie3.tif,19,9.9498743710662,259
114.5,73.5,39.5,True,262,DARE3d_data_190326/Gastruloid_241025/trainingset/movie3/label/movie3.tif,19,15.588457268119896,261
192.5,100.5,34.0,True,264,DARE3d_data_190326/Gastruloid_241025/trainingset/movie3/label/movie3.tif,19,13.341664064126334,263
160.0,49.5,52.0,True,266,DARE3d_data_190326/Gastruloid_241025/trainingset/movie3/label/movie3.tif,19,11.0,265
65.98203592814372,212.03592814371257,54.41017964071857,True,268,DARE3d_data_190326/Gastruloid_241025/trainingset/movie3/label/movie3.tif,19,13.741293828568079,267
164.5,109.5,70.0,True,270,DARE3d_data_190326/Gastruloid_241025/trainingset/movie3/label/movie3.tif,19,9.899494936611665,269
190.0,286.5,65.0,True,272,DARE3d_data_190326/Gastruloid_241025/trainingset/movie3/label/movie3.tif,19,12.206555615733702,271
58.0,200.5,58.0,True,274,DARE3d_data_190326/Gastruloid_241025/trainingset/movie3/label/movie3.tif,19,13.892443989449804,273
84.0,63.0,43.5,True,276,DARE3d_data_190326/Gastruloid_241025/trainingset/movie3/label/movie3.tif,20,11.874342087037917,275
144.0,136.0,27.5,True,278,DARE3d_data_190326/Gastruloid_241025/trainingset/movie3/label/movie3.tif,20,12.68857754044952,277
311.0,247.0,35.0,True,280,DARE3d_data_190326/Gastruloid_241025/trainingset/movie3/label/movie3.tif,20,10.198039027185569,279
163.5,144.0,55.0,True,282,DARE3d_data_190326/Gastruloid_241025/trainingset/movie3/label/movie3.tif,21,13.152946437965905,281
70.0,157.0,45.5,True,284,DARE3d_data_190326/Gastruloid_241025/trainingset/movie3/label/movie3.tif,21,12.36931687685298,283
151.5,172.0,66.0,True,286,DARE3d_data_190326/Gastruloid_241025/trainingset/movie3/label/movie3.tif,21,10.816653826391969,285
187.5,210.5,38.5,True,288,DARE3d_data_190326/Gastruloid_241025/trainingset/movie3/label/movie3.tif,21,11.789826122551595,287
239.0,309.0,38.0,True,290,DARE3d_data_190326/Gastruloid_241025/trainingset/movie3/label/movie3.tif,21,10.198039027185569,289
129.5,53.5,47.0,True,292,DARE3d_data_190326/Gastruloid_241025/trainingset/movie3/label/movie3.tif,21,12.569805089976535,291
195.5,41.5,38.0,True,294,DARE3d_data_190326/Gastruloid_241025/trainingset/movie3/label/movie3.tif,21,15.811388300841896,293
63.5,49.5,76.5,True,410,DARE3d_data_190326/Gastruloid_241025/trainingset/movie3/label/movie3.tif,21,13.076696830622021,409
337.5,174.0,55.0,True,296,DARE3d_data_190326/Gastruloid_241025/trainingset/movie3/label/movie3.tif,22,16.0312195418814,295
233.0,339.5,67.0,True,298,DARE3d_data_190326/Gastruloid_241025/trainingset/movie3/label/movie3.tif,22,17.578395831246947,297
209.0,295.5,31.5,True,300,DARE3d_data_190326/Gastruloid_241025/trainingset/movie3/label/movie3.tif,22,15.165750888103101,299
139.0,282.0,62.0,True,302,DARE3d_data_190326/Gastruloid_241025/trainingset/movie3/label/movie3.tif,22,10.392304845413264,301
237.5,315.0,74.0,True,304,DARE3d_data_190326/Gastruloid_241025/trainingset/movie3/label/movie3.tif,22,12.529964086141668,303
187.5,370.5,47.5,True,306,DARE3d_data_190326/Gastruloid_241025/trainingset/movie3/label/movie3.tif,22,13.674794331177344,305
148.0,322.5,47.5,True,386,DARE3d_data_190326/Gastruloid_241025/trainingset/movie3/label/movie3.tif,22,9.695359714832659,385
94.5,124.5,62.5,True,308,DARE3d_data_190326/Gastruloid_241025/trainingset/movie3/label/movie3.tif,23,17.291616465790582,307
86.0,176.5,34.0,True,388,DARE3d_data_190326/Gastruloid_241025/trainingset/movie3/label/movie3.tif,23,10.04987562112089,387
204.5,280.0,48.0,True,390,DARE3d_data_190326/Gastruloid_241025/trainingset/movie3/label/movie3.tif,23,11.0,389
167.0,323.0,71.5,True,422,DARE3d_data_190326/Gastruloid_241025/trainingset/movie3/label/movie3.tif,23,9.433981132056603,421
203.0,277.0,49.5,True,310,DARE3d_data_190326/Gastruloid_241025/trainingset/movie3/label/movie3.tif,24,13.0,309
92.5,221.5,33.0,True,312,DARE3d_data_190326/Gastruloid_241025/trainingset/movie3/label/movie3.tif,24,11.045361017187261,311
101.5,183.0,40.0,True,314,DARE3d_data_190326/Gastruloid_241025/trainingset/movie3/label/movie3.tif,24,11.874342087037917,313
207.0,234.0,42.5,True,316,DARE3d_data_190326/Gastruloid_241025/trainingset/movie3/label/movie3.tif,24,10.246950765959598,315
246.5,243.5,63.5,True,318,DARE3d_data_190326/Gastruloid_241025/trainingset/movie3/label/movie3.tif,24,13.96424004376894,317
70.0,116.0,48.5,True,320,DARE3d_data_190326/Gastruloid_241025/trainingset/movie3/label/movie3.tif,24,15.905973720586866,319
163.5,252.5,26.0,True,322,DARE3d_data_190326/Gastruloid_241025/trainingset/movie3/label/movie3.tif,25,12.727922061357855,321
136.5,305.0,48.0,True,324,DARE3d_data_190326/Gastruloid_241025/trainingset/movie3/label/movie3.tif,25,15.7797338380595,323
130.0,84.5,18.0,True,326,DARE3d_data_190326/Gastruloid_241025/trainingset/movie3/label/movie3.tif,25,16.401219466856727,325
251.0,238.5,53.0,True,328,DARE3d_data_190326/Gastruloid_241025/trainingset/movie3/label/movie3.tif,25,20.223748416156685,327
261.5,110.5,19.0,True,330,DARE3d_data_190326/Gastruloid_241025/trainingset/movie3/label/movie3.tif,26,13.92838827718412,329
47.0,148.0,43.0,True,334,DARE3d_data_190326/Gastruloid_241025/trainingset/movie3/label/movie3.tif,26,12.806248474865697,333
218.0,196.5,42.5,True,392,DARE3d_data_190326/Gastruloid_241025/trainingset/movie3/label/movie3.tif,26,15.165750888103101,391
211.0,80.0,70.5,True,336,DARE3d_data_190326/Gastruloid_241025/trainingset/movie3/label/movie3.tif,27,10.816653826391969,335
218.0,181.5,16.5,True,338,DARE3d_data_190326/Gastruloid_241025/trainingset/movie3/label/movie3.tif,27,11.045361017187261,337
274.5,100.5,9.0,True,394,DARE3d_data_190326/Gastruloid_241025/trainingset/movie3/label/movie3.tif,27,11.74734012447073,393
131.5,189.5,68.5,True,2,DARE3d_data_190326/Gastruloid_241025/trainingset/movie4/label/movie4.tif,2,13.076696830622021,1
313.5,231.0,70.0,True,4,DARE3d_data_190326/Gastruloid_241025/trainingset/movie4/label/movie4.tif,2,17.233687939614086,3
279.0,109.0,69.5,True,6,DARE3d_data_190326/Gastruloid_241025/trainingset/movie4/label/movie4.tif,2,11.180339887498949,5
250.5,357.5,72.5,True,8,DARE3d_data_190326/Gastruloid_241025/trainingset/movie4/label/movie4.tif,2,16.822603841260722,7
278.0,223.0,63.0,True,10,DARE3d_data_190326/Gastruloid_241025/trainingset/movie4/label/movie4.tif,2,16.1245154965971,9
116.0,174.0,45.0,True,12,DARE3d_data_190326/Gastruloid_241025/trainingset/movie4/label/movie4.tif,2,10.0,11
254.0,84.0,57.0,True,14,DARE3d_data_190326/Gastruloid_241025/trainingset/movie4/label/movie4.tif,2,14.422205101855956,13
122.0,297.0,46.0,True,16,DARE3d_data_190326/Gastruloid_241025/trainingset/movie4/label/movie4.tif,2,11.661903789690601,15
180.0,23.0,72.0,True,18,DARE3d_data_190326/Gastruloid_241025/trainingset/movie4/label/movie4.tif,2,15.362291495737216,17
226.0,21.0,84.5,True,20,DARE3d_data_190326/Gastruloid_241025/trainingset/movie4/label/movie4.tif,2,14.866068747318506,19
275.0,67.0,85.5,True,22,DARE3d_data_190326/Gastruloid_241025/trainingset/movie4/label/movie4.tif,2,15.0,21
193.5,45.5,110.5,True,24,DARE3d_data_190326/Gastruloid_241025/trainingset/movie4/label/movie4.tif,2,11.090536506409418,23
197.0,238.5,106.5,True,26,DARE3d_data_190326/Gastruloid_241025/trainingset/movie4/label/movie4.tif,2,13.784048752090222,25
329.0,267.5,93.5,True,28,DARE3d_data_190326/Gastruloid_241025/trainingset/movie4/label/movie4.tif,2,16.30950643030009,27
178.5,48.5,109.5,True,30,DARE3d_data_190326/Gastruloid_241025/trainingset/movie4/label/movie4.tif,2,9.1104335791443,29
228.0,253.5,100.5,True,32,DARE3d_data_190326/Gastruloid_241025/trainingset/movie4/label/movie4.tif,2,9.695359714832659,31
249.0,110.5,113.0,True,34,DARE3d_data_190326/Gastruloid_241025/trainingset/movie4/label/movie4.tif,2,11.357816691600547,33
313.5,221.5,59.0,True,514,DARE3d_data_190326/Gastruloid_241025/trainingset/movie4/label/movie4.tif,2,16.30950643030009,513
146.0,189.5,88.5,True,516,DARE3d_data_190326/Gastruloid_241025/trainingset/movie4/label/movie4.tif,2,13.19090595827292,515
151.0,95.0,102.5,True,518,DARE3d_data_190326/Gastruloid_241025/trainingset/movie4/label/movie4.tif,2,14.45683229480096,517
167.0,135.5,101.5,True,520,DARE3d_data_190326/Gastruloid_241025/trainingset/movie4/label/movie4.tif,2,9.486832980505138,519
330.0,217.0,122.5,True,522,DARE3d_data_190326/Gastruloid_241025/trainingset/movie4/label/movie4.tif,2,14.45683229480096,521
332.5,158.5,125.5,True,524,DARE3d_data_190326/Gastruloid_241025/trainingset/movie4/label/movie4.tif,2,12.449899597988733,523
244.5,301.5,111.5,True,526,DARE3d_data_190326/Gastruloid_241025/trainingset/movie4/label/movie4.tif,2,17.74823934929885,525
321.5,294.0,65.0,True,618,DARE3d_data_190326/Gastruloid_241025/trainingset/movie4/label/movie4.tif,2,17.11724276862369,617
312.0,157.0,90.0,True,642,DARE3d_data_190326/Gastruloid_241025/trainingset/movie4/label/movie4.tif,2,12.806248474865697,641
277.0,197.0,67.5,True,36,DARE3d_data_190326/Gastruloid_241025/trainingset/movie4/label/movie4.tif,3,12.529964086141668,35
256.0,187.5,65.0,True,38,DARE3d_data_190326/Gastruloid_241025/trainingset/movie4/label/movie4.tif,3,11.704699910719626,37
130.5,179.5,56.0,True,40,DARE3d_data_190326/Gastruloid_241025/trainingset/movie4/label/movie4.tif,3,13.038404810405298,39
213.0,230.0,57.0,True,42,DARE3d_data_190326/Gastruloid_241025/trainingset/movie4/label/movie4.tif,3,15.0996688705415,41
236.5,242.5,56.5,True,44,DARE3d_data_190326/Gastruloid_241025/trainingset/movie4/label/movie4.tif,3,10.723805294763608,43
270.0,143.5,60.5,True,46,DARE3d_data_190326/Gastruloid_241025/trainingset/movie4/label/movie4.tif,3,12.409673645990857,45
192.5,228.5,92.0,True,48,DARE3d_data_190326/Gastruloid_241025/trainingset/movie4/label/movie4.tif,3,12.083045973594572,47
200.5,183.5,54.5,True,50,DARE3d_data_190326/Gastruloid_241025/trainingset/movie4/label/movie4.tif,3,15.066519173319364,49
119.0,134.0,60.0,True,52,DARE3d_data_190326/Gastruloid_241025/trainingset/movie4/label/movie4.tif,3,10.0,51
262.0,191.0,93.0,True,54,DARE3d_data_190326/Gastruloid_241025/trainingset/movie4/label/movie4.tif,3,14.142135623730951,53
123.0,322.0,58.0,True,528,DARE3d_data_190326/Gastruloid_241025/trainingset/movie4/label/movie4.tif,3,12.806248474865697,527
236.5,90.5,52.5,True,530,DARE3d_data_190326/Gastruloid_241025/trainingset/movie4/label/movie4.tif,3,14.247806848775006,529
268.5,266.5,67.5,True,56,DARE3d_data_190326/Gastruloid_241025/trainingset/movie4/label/movie4.tif,4,15.329709716755891,55
250.0,254.0,69.5,True,58,DARE3d_data_190326/Gastruloid_241025/trainingset/movie4/label/movie4.tif,4,12.206555615733702,57
181.5,344.5,71.0,True,60,DARE3d_data_190326/Gastruloid_241025/trainingset/movie4/label/movie4.tif,4,9.486832980505138,59
248.5,341.5,85.0,True,62,DARE3d_data_190326/Gastruloid_241025/trainingset/movie4/label/movie4.tif,4,13.038404810405298,61
268.5,358.5,59.0,True,64,DARE3d_data_190326/Gastruloid_241025/trainingset/movie4/label/movie4.tif,4,13.92838827718412,63
320.5,235.0,79.5,True,66,DARE3d_data_190326/Gastruloid_241025/trainingset/movie4/label/movie4.tif,4,10.677078252031311,65
161.5,180.0,94.0,True,68,DARE3d_data_190326/Gastruloid_241025/trainingset/movie4/label/movie4.tif,4,13.152946437965905,67
247.5,332.0,53.5,True,70,DARE3d_data_190326/Gastruloid_241025/trainingset/movie4/label/movie4.tif,4,13.92838827718412,69
160.0,339.0,43.5,True,72,DARE3d_data_190326/Gastruloid_241025/trainingset/movie4/label/movie4.tif,4,14.594519519326424,71
201.5,317.0,98.0,True,74,DARE3d_data_190326/Gastruloid_241025/trainingset/movie4/label/movie4.tif,4,14.866068747318506,73
337.0,191.0,96.5,True,76,DARE3d_data_190326/Gastruloid_241025/trainingset/movie4/label/movie4.tif,4,14.45683229480096,75
175.5,273.5,78.0,True,78,DARE3d_data_190326/Gastruloid_241025/trainingset/movie4/label/movie4.tif,4,14.352700094407323,77
233.0,24.0,72.0,True,80,DARE3d_data_190326/Gastruloid_241025/trainingset/movie4/label/movie4.tif,4,10.198039027185569,79
256.0,278.5,108.5,True,82,DARE3d_data_190326/Gastruloid_241025/trainingset/movie4/label/movie4.tif,4,15.297058540778355,81
197.5,198.0,51.5,True,84,DARE3d_data_190326/Gastruloid_241025/trainingset/movie4/label/movie4.tif,4,17.60681686165901,83
347.0,291.5,106.5,True,86,DARE3d_data_190326/Gastruloid_241025/trainingset/movie4/label/movie4.tif,4,13.92838827718412,85
302.0,177.5,115.0,True,88,DARE3d_data_190326/Gastruloid_241025/trainingset/movie4/label/movie4.tif,4,11.357816691600547,87
217.5,334.0,106.5,True,532,DARE3d_data_190326/Gastruloid_241025/trainingset/movie4/label/movie4.tif,4,10.295630140987,531
272.5,169.5,103.0,True,534,DARE3d_data_190326/Gastruloid_241025/trainingset/movie4/label/movie4.tif,4,13.92838827718412,533
280.5,198.5,51.0,True,536,DARE3d_data_190326/Gastruloid_241025/trainingset/movie4/label/movie4.tif,4,13.038404810405298,535
173.5,140.5,49.0,True,538,DARE3d_data_190326/Gastruloid_241025/trainingset/movie4/label/movie4.tif,4,9.899494936611665,537
157.0,247.0,67.5,True,90,DARE3d_data_190326/Gastruloid_241025/trainingset/movie4/label/movie4.tif,5,8.774964387392123,89
236.5,131.0,72.5,True,92,DARE3d_data_190326/Gastruloid_241025/trainingset/movie4/label/movie4.tif,5,10.862780491200215,91
88.5,262.5,61.0,True,94,DARE3d_data_190326/Gastruloid_241025/trainingset/movie4/label/movie4.tif,5,15.033296378372908,93
299.5,243.5,75.0,True,96,DARE3d_data_190326/Gastruloid_241025/trainingset/movie4/label/movie4.tif,5,13.341664064126334,95
138.0,192.0,74.0,True,98,DARE3d_data_190326/Gastruloid_241025/trainingset/movie4/label/movie4.tif,5,14.142135623730951,97
136.0,231.5,52.0,True,100,DARE3d_data_190326/Gastruloid_241025/trainingset/movie4/label/movie4.tif,5,9.219544457292887,99
149.0,118.0,87.5,True,102,DARE3d_data_190326/Gastruloid_241025/trainingset/movie4/label/movie4.tif,5,13.152946437965905,101
270.5,221.5,78.0,True,104,DARE3d_data_190326/Gastruloid_241025/trainingset/movie4/label/movie4.tif,5,12.727922061357855,103
122.0,234.5,77.5,True,106,DARE3d_data_190326/Gastruloid_241025/trainingset/movie4/label/movie4.tif,5,13.92838827718412,105
150.0,93.0,55.0,True,108,DARE3d_data_190326/Gastruloid_241025/trainingset/movie4/label/movie4.tif,5,8.717797887081348,107
294.0,207.5,61.5,True,110,DARE3d_data_190326/Gastruloid_241025/trainingset/movie4/label/movie4.tif,5,11.575836902790225,109
298.0,135.5,90.5,True,112,DARE3d_data_190326/Gastruloid_241025/trainingset/movie4/label/movie4.tif,5,15.297058540778355,111
146.0,366.5,94.0,True,114,DARE3d_data_190326/Gastruloid_241025/trainingset/movie4/label/movie4.tif,5,16.522711641858304,113
264.0,295.5,116.0,True,116,DARE3d_data_190326/Gastruloid_241025/trainingset/movie4/label/movie4.tif,5,10.63014581273465,115
80.0,153.5,78.5,True,118,DARE3d_data_190326/Gastruloid_241025/trainingset/movie4/label/movie4.tif,5,14.352700094407323,117
119.0,129.5,60.0,True,120,DARE3d_data_190326/Gastruloid_241025/trainingset/movie4/label/movie4.tif,6,14.317821063276353,119
259.0,237.0,80.5,True,122,DARE3d_data_190326/Gastruloid_241025/trainingset/movie4/label/movie4.tif,6,13.74772708486752,121
318.5,222.5,85.5,True,124,DARE3d_data_190326/Gastruloid_241025/trainingset/movie4/label/movie4.tif,6,12.12435565298214,123
306.5,273.5,95.0,True,126,DARE3d_data_190326/Gastruloid_241025/trainingset/movie4/label/movie4.tif,6,17.029386365926403,125
290.0,215.0,78.0,True,128,DARE3d_data_190326/Gastruloid_241025/trainingset/movie4/label/movie4.tif,6,16.1245154965971,127
139.0,199.0,102.5,True,130,DARE3d_data_190326/Gastruloid_241025/trainingset/movie4/label/movie4.tif,6,10.44030650891055,129
132.5,122.5,76.5,True,132,DARE3d_data_190326/Gastruloid_241025/trainingset/movie4/label/movie4.tif,6,8.18535277187245,131
259.0,69.5,57.0,True,134,DARE3d_data_190326/Gastruloid_241025/trainingset/movie4/label/movie4.tif,6,12.529964086141668,133
168.0,43.5,106.5,True,136,DARE3d_data_190326/Gastruloid_241025/trainingset/movie4/label/movie4.tif,6,13.341664064126334,135
258.5,223.5,112.5,True,138,DARE3d_data_190326/Gastruloid_241025/trainingset/movie4/label/movie4.tif,6,12.449899597988733,137
185.0,101.75,105.0,True,140,DARE3d_data_190326/Gastruloid_241025/trainingset/movie4/label/movie4.tif,6,12.579745625409124,139
117.5,175.0,101.0,True,142,DARE3d_data_190326/Gastruloid_241025/trainingset/movie4/label/movie4.tif,6,8.774964387392123,141
273.0,289.0,107.0,True,144,DARE3d_data_190326/Gastruloid_241025/trainingset/movie4/label/movie4.tif,6,13.564659966250536,143
260.0,332.0,110.5,True,146,DARE3d_data_190326/Gastruloid_241025/trainingset/movie4/label/movie4.tif,6,17.804493814764857,145
342.0,226.0,122.5,True,148,DARE3d_data_190326/Gastruloid_241025/trainingset/movie4/label/movie4.tif,6,14.730919862656235,147
347.5,205.0,109.5,True,542,DARE3d_data_190326/Gastruloid_241025/trainingset/movie4/label/movie4.tif,6,15.033296378372908,541
290.5,147.0,80.0,True,544,DARE3d_data_190326/Gastruloid_241025/trainingset/movie4/label/movie4.tif,6,14.866068747318506,543
185.0,89.5,44.0,True,548,DARE3d_data_190326/Gastruloid_241025/trainingset/movie4/label/movie4.tif,6,12.041594578792296,547
243.0,150.5,68.5,True,150,DARE3d_data_190326/Gastruloid_241025/trainingset/movie4/label/movie4.tif,7,15.033296378372908,149
104.0,169.5,66.0,True,152,DARE3d_data_190326/Gastruloid_241025/trainingset/movie4/label/movie4.tif,7,16.0312195418814,151
151.0,136.0,68.0,True,154,DARE3d_data_190326/Gastruloid_241025/trainingset/movie4/label/movie4.tif,7,15.0996688705415,153
130.5,340.5,64.5,True,156,DARE3d_data_190326/Gastruloid_241025/trainingset/movie4/label/movie4.tif,7,9.9498743710662,155
273.5,276.5,74.5,True,158,DARE3d_data_190326/Gastruloid_241025/trainingset/movie4/label/movie4.tif,7,11.090536506409418,157
181.5,86.5,66.0,True,160,DARE3d_data_190326/Gastruloid_241025/trainingset/movie4/label/movie4.tif,7,12.083045973594572,159
122.0,194.0,97.0,True,162,DARE3d_data_190326/Gastruloid_241025/trainingset/movie4/label/movie4.tif,7,10.392304845413264,161
260.0,187.5,85.0,True,164,DARE3d_data_190326/Gastruloid_241025/trainingset/movie4/label/movie4.tif,7,11.874342087037917,163
155.5,210.0,39.0,True,166,DARE3d_data_190326/Gastruloid_241025/trainingset/movie4/label/movie4.tif,7,13.74772708486752,165
238.5,320.5,98.5,True,168,DARE3d_data_190326/Gastruloid_241025/trainingset/movie4/label/movie4.tif,7,11.445523142259598,167
73.5,216.5,78.5,True,170,DARE3d_data_190326/Gastruloid_241025/trainingset/movie4/label/movie4.tif,7,13.674794331177344,169
147.5,341.0,57.5,True,172,DARE3d_data_190326/Gastruloid_241025/trainingset/movie4/label/movie4.tif,7,14.071247279470288,171
87.5,160.0,89.0,True,176,DARE3d_data_190326/Gastruloid_241025/trainingset/movie4/label/movie4.tif,7,8.306623862918075,175
149.5,57.5,101.5,True,178,DARE3d_data_190326/Gastruloid_241025/trainingset/movie4/label/movie4.tif,7,9.9498743710662,177
160.0,193.5,76.5,True,180,DARE3d_data_190326/Gastruloid_241025/trainingset/movie4/label/movie4.tif,7,12.727922061357855,179
164.5,173.5,108.0,True,182,DARE3d_data_190326/Gastruloid_241025/trainingset/movie4/label/movie4.tif,7,13.038404810405298,181
106.0,69.0,96.0,True,540,DARE3d_data_190326/Gastruloid_241025/trainingset/movie4/label/movie4.tif,7,13.2664991614216,539
268.5,114.0,76.0,True,546,DARE3d_data_190326/Gastruloid_241025/trainingset/movie4/label/movie4.tif,7,16.881943016134134,545
307.5,138.5,117.0,True,550,DARE3d_data_190326/Gastruloid_241025/trainingset/movie4/label/movie4.tif,7,13.638181696985855,549
343.0,256.0,113.5,True,552,DARE3d_data_190326/Gastruloid_241025/trainingset/movie4/label/movie4.tif,7,12.68857754044952,551
157.5,92.5,98.0,True,174,DARE3d_data_190326/Gastruloid_241025/trainingset/movie4/label/movie4.tif,8,12.083045973594572,173
106.5,194.5,63.0,True,184,DARE3d_data_190326/Gastruloid_241025/trainingset/movie4/label/movie4.tif,8,15.033296378372908,183
182.5,271.5,59.5,True,186,DARE3d_data_190326/Gastruloid_241025/trainingset/movie4/label/movie4.tif,8,13.96424004376894,185
193.0,188.5,57.5,True,188,DARE3d_data_190326/Gastruloid_241025/trainingset/movie4/label/movie4.tif,8,10.677078252031311,187
266.5,107.0,66.5,True,190,DARE3d_data_190326/Gastruloid_241025/trainingset/movie4/label/movie4.tif,8,12.083045973594572,189
343.5,253.0,80.0,True,192,DARE3d_data_190326/Gastruloid_241025/trainingset/movie4/label/movie4.tif,8,15.652475842498529,191
293.0,273.0,85.5,True,194,DARE3d_data_190326/Gastruloid_241025/trainingset/movie4/label/movie4.tif,8,8.306623862918075,193
121.5,347.0,88.5,True,196,DARE3d_data_190326/Gastruloid_241025/trainingset/movie4/label/movie4.tif,8,13.038404810405298,195
164.0,84.0,60.5,True,198,DARE3d_data_190326/Gastruloid_241025/trainingset/movie4/label/movie4.tif,8,12.041594578792296,197
199.5,104.5,53.5,True,200,DARE3d_data_190326/Gastruloid_241025/trainingset/movie4/label/movie4.tif,8,8.660254037844387,199
146.5,58.0,67.5,True,554,DARE3d_data_190326/Gastruloid_241025/trainingset/movie4/label/movie4.tif,8,7.874007874011811,553
254.5,242.5,104.5,True,558,DARE3d_data_190326/Gastruloid_241025/trainingset/movie4/label/movie4.tif,8,12.449899597988733,557
341.0,178.5,113.5,True,562,DARE3d_data_190326/Gastruloid_241025/trainingset/movie4/label/movie4.tif,8,14.352700094407323,561
151.5,84.0,79.5,True,620,DARE3d_data_190326/Gastruloid_241025/trainingset/movie4/label/movie4.tif,8,13.19090595827292,619
257.0,207.0,53.5,True,622,DARE3d_data_190326/Gastruloid_241025/trainingset/movie4/label/movie4.tif,8,16.401219466856727,621
311.5,172.5,75.0,True,644,DARE3d_data_190326/Gastruloid_241025/trainingset/movie4/label/movie4.tif,8,12.24744871391589,643
263.5,135.5,69.5,True,202,DARE3d_data_190326/Gastruloid_241025/trainingset/movie4/label/movie4.tif,9,13.674794331177344,201
204.5,358.0,58.5,True,204,DARE3d_data_190326/Gastruloid_241025/trainingset/movie4/label/movie4.tif,9,12.569805089976535,203
218.0,252.5,57.0,True,206,DARE3d_data_190326/Gastruloid_241025/trainingset/movie4/label/movie4.tif,9,13.30413469565007,205
87.5,250.5,86.5,True,208,DARE3d_data_190326/Gastruloid_241025/trainingset/movie4/label/movie4.tif,9,13.96424004376894,207
314.5,254.0,96.0,True,210,DARE3d_data_190326/Gastruloid_241025/trainingset/movie4/label/movie4.tif,9,16.278820596099706,209
223.5,124.0,50.0,True,212,DARE3d_data_190326/Gastruloid_241025/trainingset/movie4/label/movie4.tif,9,13.45362404707371,211
119.5,103.0,49.5,True,214,DARE3d_data_190326/Gastruloid_241025/trainingset/movie4/label/movie4.tif,9,14.212670403551895,213
157.0,293.0,39.5,True,216,DARE3d_data_190326/Gastruloid_241025/trainingset/movie4/label/movie4.tif,9,11.357816691600547,215
129.0,237.0,40.5,True,218,DARE3d_data_190326/Gastruloid_241025/trainingset/movie4/label/movie4.tif,9,9.219544457292887,217
229.5,28.0,104.5,True,220,DARE3d_data_190326/Gastruloid_241025/trainingset/movie4/label/movie4.tif,9,15.165750888103101,219
84.0,198.0,91.0,True,560,DARE3d_data_190326/Gastruloid_241025/trainingset/movie4/label/movie4.tif,9,11.489125293076057,559
96.5,116.5,99.0,True,632,DARE3d_data_190326/Gastruloid_241025/trainingset/movie4/label/movie4.tif,9,13.92838827718412,631
231.5,264.5,63.0,True,222,DARE3d_data_190326/Gastruloid_241025/trainingset/movie4/label/movie4.tif,10,15.427248620541512,221
221.5,204.0,62.0,True,224,DARE3d_data_190326/Gastruloid_241025/trainingset/movie4/label/movie4.tif,10,10.04987562112089,223
247.0,249.5,61.5,True,226,DARE3d_data_190326/Gastruloid_241025/trainingset/movie4/label/movie4.tif,10,12.083045973594572,225
115.5,232.0,90.5,True,228,DARE3d_data_190326/Gastruloid_241025/trainingset/movie4/label/movie4.tif,10,12.083045973594572,227
113.5,285.5,91.5,True,230,DARE3d_data_190326/Gastruloid_241025/trainingset/movie4/label/movie4.tif,10,12.449899597988733,229
251.0,367.5,80.0,True,234,DARE3d_data_190326/Gastruloid_241025/trainingset/movie4/label/movie4.tif,10,15.652475842498529,233
219.5,318.5,45.0,True,236,DARE3d_data_190326/Gastruloid_241025/trainingset/movie4/label/movie4.tif,10,14.352700094407323,235
286.5,228.5,63.5,True,238,DARE3d_data_190326/Gastruloid_241025/trainingset/movie4/label/movie4.tif,10,12.12435565298214,237
179.0,76.0,73.0,True,240,DARE3d_data_190326/Gastruloid_241025/trainingset/movie4/label/movie4.tif,10,10.770329614269007,239
269.0,162.5,75.5,True,242,DARE3d_data_190326/Gastruloid_241025/trainingset/movie4/label/movie4.tif,10,11.224972160321824,241
263.5,199.5,102.5,True,232,DARE3d_data_190326/Gastruloid_241025/trainingset/movie4/label/movie4.tif,11,12.12435565298214,231
112.0,174.0,88.0,True,244,DARE3d_data_190326/Gastruloid_241025/trainingset/movie4/label/movie4.tif,11,11.489125293076057,243
179.5,335.5,48.0,True,246,DARE3d_data_190326/Gastruloid_241025/trainingset/movie4/label/movie4.tif,11,12.727922061357855,245
126.0,252.0,45.0,True,248,DARE3d_data_190326/Gastruloid_241025/trainingset/movie4/label/movie4.tif,11,12.649110640673518,247
280.0,167.0,108.5,True,250,DARE3d_data_190326/Gastruloid_241025/trainingset/movie4/label/movie4.tif,11,15.905973720586866,249
274.5,131.0,79.0,True,252,DARE3d_data_190326/Gastruloid_241025/trainingset/movie4/label/movie4.tif,11,13.601470508735444,251
281.5,85.5,90.5,True,254,DARE3d_data_190326/Gastruloid_241025/trainingset/movie4/label/movie4.tif,11,13.076696830622021,253
176.0,79.0,95.0,True,256,DARE3d_data_190326/Gastruloid_241025/trainingset/movie4/label/movie4.tif,11,10.198039027185569,255
226.5,69.0,109.0,True,258,DARE3d_data_190326/Gastruloid_241025/trainingset/movie4/label/movie4.tif,11,14.594519519326424,257
169.0,289.0,36.0,True,564,DARE3d_data_190326/Gastruloid_241025/trainingset/movie4/label/movie4.tif,11,14.560219778561036,563
307.0,306.0,102.0,True,566,DARE3d_data_190326/Gastruloid_241025/trainingset/movie4/label/movie4.tif,11,14.560219778561036,565
99.0,32.0,92.0,True,634,DARE3d_data_190326/Gastruloid_241025/trainingset/movie4/label/movie4.tif,11,16.24807680927192,633
143.0,107.5,71.5,True,260,DARE3d_data_190326/Gastruloid_241025/trainingset/movie4/label/movie4.tif,12,14.352700094407323,259
254.5,151.0,65.0,True,262,DARE3d_data_190326/Gastruloid_241025/trainingset/movie4/label/movie4.tif,12,15.394804318340652,261
304.0,202.0,73.5,True,264,DARE3d_data_190326/Gastruloid_241025/trainingset/movie4/label/movie4.tif,12,13.601470508735444,263
113.5,85.0,90.5,True,266,DARE3d_data_190326/Gastruloid_241025/trainingset/movie4/label/movie4.tif,12,11.916375287812984,265
106.0,221.5,61.5,True,268,DARE3d_data_190326/Gastruloid_241025/trainingset/movie4/label/movie4.tif,12,15.427248620541512,267
322.5,258.0,74.5,True,270,DARE3d_data_190326/Gastruloid_241025/trainingset/movie4/label/movie4.tif,12,9.695359714832659,269
129.0,204.5,94.0,True,272,DARE3d_data_190326/Gastruloid_241025/trainingset/movie4/label/movie4.tif,12,12.84523257866513,271
145.5,184.25,102.0,True,274,DARE3d_data_190326/Gastruloid_241025/trainingset/movie4/label/movie4.tif,12,10.062305898749054,273
249.0,119.5,51.0,True,276,DARE3d_data_190326/Gastruloid_241025/trainingset/movie4/label/movie4.tif,12,13.0,275
221.5,62.0,89.5,True,278,DARE3d_data_190326/Gastruloid_241025/trainingset/movie4/label/movie4.tif,12,14.352700094407323,277
302.0,162.5,91.5,True,568,DARE3d_data_190326/Gastruloid_241025/trainingset/movie4/label/movie4.tif,12,16.06237840420901,567
90.5,285.0,87.0,True,280,DARE3d_data_190326/Gastruloid_241025/trainingset/movie4/label/movie4.tif,13,15.7797338380595,279
291.5,239.0,54.0,True,282,DARE3d_data_190326/Gastruloid_241025/trainingset/movie4/label/movie4.tif,13,13.74772708486752,281
227.5,191.0,93.5,True,284,DARE3d_data_190326/Gastruloid_241025/trainingset/movie4/label/movie4.tif,13,11.575836902790225,283
290.0,207.5,113.0,True,286,DARE3d_data_190326/Gastruloid_241025/trainingset/movie4/label/movie4.tif,13,11.180339887498949,285
252.0,356.0,99.5,True,288,DARE3d_data_190326/Gastruloid_241025/trainingset/movie4/label/movie4.tif,13,15.7797338380595,287
123.5,110.5,46.0,True,290,DARE3d_data_190326/Gastruloid_241025/trainingset/movie4/label/movie4.tif,13,12.727922061357855,289
322.5,256.0,115.0,True,292,DARE3d_data_190326/Gastruloid_241025/trainingset/movie4/label/movie4.tif,13,12.36931687685298,291
135.0,267.0,42.5,True,570,DARE3d_data_190326/Gastruloid_241025/trainingset/movie4/label/movie4.tif,13,13.74772708486752,569
260.0,272.0,70.0,True,294,DARE3d_data_190326/Gastruloid_241025/trainingset/movie4/label/movie4.tif,14,16.24807680927192,293
104.5,248.0,76.0,True,296,DARE3d_data_190326/Gastruloid_241025/trainingset/movie4/label/movie4.tif,14,12.36931687685298,295
136.5,325.0,79.0,True,298,DARE3d_data_190326/Gastruloid_241025/trainingset/movie4/label/movie4.tif,14,11.874342087037917,297
122.5,99.0,64.5,True,300,DARE3d_data_190326/Gastruloid_241025/trainingset/movie4/label/movie4.tif,14,13.490737563232042,299
204.0,95.5,80.0,True,302,DARE3d_data_190326/Gastruloid_241025/trainingset/movie4/label/movie4.tif,14,12.36931687685298,301
189.5,211.5,92.5,True,304,DARE3d_data_190326/Gastruloid_241025/trainingset/movie4/label/movie4.tif,14,7.681145747868608,303
332.0,208.0,76.0,True,306,DARE3d_data_190326/Gastruloid_241025/trainingset/movie4/label/movie4.tif,14,15.620499351813308,305
73.0,117.5,101.0,True,308,DARE3d_data_190326/Gastruloid_241025/trainingset/movie4/label/movie4.tif,14,13.74772708486752,307
111.0,86.0,97.5,True,310,DARE3d_data_190326/Gastruloid_241025/trainingset/movie4/label/movie4.tif,14,14.035668847618199,309
188.0,48.0,93.0,True,312,DARE3d_data_190326/Gastruloid_241025/trainingset/movie4/label/movie4.tif,14,12.328828005937952,311
286.5,213.5,52.5,True,314,DARE3d_data_190326/Gastruloid_241025/trainingset/movie4/label/movie4.tif,14,11.445523142259598,313
171.0,181.0,81.0,True,316,DARE3d_data_190326/Gastruloid_241025/trainingset/movie4/label/movie4.tif,14,13.416407864998739,315
260.5,162.5,57.0,True,318,DARE3d_data_190326/Gastruloid_241025/trainingset/movie4/label/movie4.tif,15,11.575836902790225,317
228.0,324.5,87.0,True,320,DARE3d_data_190326/Gastruloid_241025/trainingset/movie4/label/movie4.tif,15,8.306623862918075,319
233.5,324.0,72.0,True,322,DARE3d_data_190326/Gastruloid_241025/trainingset/movie4/label/movie4.tif,15,8.774964387392123,321
178.5,51.5,93.0,True,324,DARE3d_data_190326/Gastruloid_241025/trainingset/movie4/label/movie4.tif,15,15.811388300841896,323
259.5,341.0,98.0,True,326,DARE3d_data_190326/Gastruloid_241025/trainingset/movie4/label/movie4.tif,15,14.45683229480096,325
85.5,190.5,70.0,True,328,DARE3d_data_190326/Gastruloid_241025/trainingset/movie4/label/movie4.tif,15,13.638181696985855,327
210.0,176.5,83.5,True,330,DARE3d_data_190326/Gastruloid_241025/trainingset/movie4/label/movie4.tif,15,13.341664064126334,329
232.0,42.0,46.0,True,332,DARE3d_data_190326/Gastruloid_241025/trainingset/movie4/label/movie4.tif,15,20.396078054371138,331
179.0,243.5,108.0,True,334,DARE3d_data_190326/Gastruloid_241025/trainingset/movie4/label/movie4.tif,15,15.394804318340652,333
185.5,283.0,57.5,True,338,DARE3d_data_190326/Gastruloid_241025/trainingset/movie4/label/movie4.tif,15,11.224972160321824,337
338.0,319.5,92.0,True,572,DARE3d_data_190326/Gastruloid_241025/trainingset/movie4/label/movie4.tif,15,13.601470508735444,571
136.5,294.0,67.5,True,336,DARE3d_data_190326/Gastruloid_241025/trainingset/movie4/label/movie4.tif,16,13.038404810405298,335
264.0,185.5,79.0,True,340,DARE3d_data_190326/Gastruloid_241025/trainingset/movie4/label/movie4.tif,16,9.433981132056603,339
172.5,306.5,100.5,True,342,DARE3d_data_190326/Gastruloid_241025/trainingset/movie4/label/movie4.tif,16,10.344080432788601,341
110.5,117.0,81.5,True,344,DARE3d_data_190326/Gastruloid_241025/trainingset/movie4/label/movie4.tif,16,11.575836902790225,343
235.0,136.5,103.0,True,346,DARE3d_data_190326/Gastruloid_241025/trainingset/movie4/label/movie4.tif,16,13.601470508735444,345
164.0,34.5,103.0,True,348,DARE3d_data_190326/Gastruloid_241025/trainingset/movie4/label/movie4.tif,16,17.578395831246947,347
237.5,321.5,85.0,True,350,DARE3d_data_190326/Gastruloid_241025/trainingset/movie4/label/movie4.tif,17,10.488088481701515,349
267.0,349.0,88.0,True,352,DARE3d_data_190326/Gastruloid_241025/trainingset/movie4/label/movie4.tif,17,10.770329614269007,351
142.0,229.0,47.5,True,354,DARE3d_data_190326/Gastruloid_241025/trainingset/movie4/label/movie4.tif,17,12.84523257866513,353
124.0,181.0,86.0,True,356,DARE3d_data_190326/Gastruloid_241025/trainingset/movie4/label/movie4.tif,17,11.313708498984761,355
198.0,176.0,82.0,True,358,DARE3d_data_190326/Gastruloid_241025/trainingset/movie4/label/movie4.tif,17,10.0,357
278.0,125.5,70.0,True,360,DARE3d_data_190326/Gastruloid_241025/trainingset/movie4/label/movie4.tif,17,10.44030650891055,359
105.5,251.0,94.0,True,362,DARE3d_data_190326/Gastruloid_241025/trainingset/movie4/label/movie4.tif,17,7.280109889280518,361
111.5,227.0,106.0,True,364,DARE3d_data_190326/Gastruloid_241025/trainingset/movie4/label/movie4.tif,17,13.45362404707371,363
234.5,40.0,47.0,True,366,DARE3d_data_190326/Gastruloid_241025/trainingset/movie4/label/movie4.tif,17,14.317821063276353,365
126.5,132.0,46.0,True,368,DARE3d_data_190326/Gastruloid_241025/trainingset/movie4/label/movie4.tif,17,14.866068747318506,367
66.5,211.5,92.0,True,370,DARE3d_data_190326/Gastruloid_241025/trainingset/movie4/label/movie4.tif,17,12.569805089976535,369
93.0,212.0,106.5,True,574,DARE3d_data_190326/Gastruloid_241025/trainingset/movie4/label/movie4.tif,17,15.652475842498529,573
276.5,170.5,94.0,True,624,DARE3d_data_190326/Gastruloid_241025/trainingset/movie4/label/movie4.tif,17,9.486832980505138,623
154.0,130.0,69.5,True,372,DARE3d_data_190326/Gastruloid_241025/trainingset/movie4/label/movie4.tif,18,13.45362404707371,371
267.0,299.5,92.0,True,374,DARE3d_data_190326/Gastruloid_241025/trainingset/movie4/label/movie4.tif,18,10.44030650891055,373
158.5,85.0,88.5,True,376,DARE3d_data_190326/Gastruloid_241025/trainingset/movie4/label/movie4.tif,18,10.488088481701515,375
123.5,345.5,81.0,True,378,DARE3d_data_190326/Gastruloid_241025/trainingset/movie4/label/movie4.tif,18,15.811388300841896,377
185.5,223.0,46.0,True,380,DARE3d_data_190326/Gastruloid_241025/trainingset/movie4/label/movie4.tif,18,14.035668847618199,379
148.5,222.0,55.0,True,382,DARE3d_data_190326/Gastruloid_241025/trainingset/movie4/label/movie4.tif,18,12.041594578792296,381
129.0,224.5,96.5,True,384,DARE3d_data_190326/Gastruloid_241025/trainingset/movie4/label/movie4.tif,18,12.884098726725126,383
120.5,186.5,96.5,True,386,DARE3d_data_190326/Gastruloid_241025/trainingset/movie4/label/movie4.tif,18,10.344080432788601,385
251.75,362.5,106.5,True,576,DARE3d_data_190326/Gastruloid_241025/trainingset/movie4/label/movie4.tif,18,11.146748404803978,575
209.0,204.5,74.5,True,388,DARE3d_data_190326/Gastruloid_241025/trainingset/movie4/label/movie4.tif,19,12.083045973594572,387
151.0,281.0,67.5,True,390,DARE3d_data_190326/Gastruloid_241025/trainingset/movie4/label/movie4.tif,19,9.848857801796104,389
268.5,334.5,70.5,True,392,DARE3d_data_190326/Gastruloid_241025/trainingset/movie4/label/movie4.tif,19,15.066519173319364,391
239.5,271.0,65.5,True,394,DARE3d_data_190326/Gastruloid_241025/trainingset/movie4/label/movie4.tif,19,14.352700094407323,393
195.0,255.5,77.5,True,396,DARE3d_data_190326/Gastruloid_241025/trainingset/movie4/label/movie4.tif,19,11.40175425099138,395
118.5,339.5,99.0,True,398,DARE3d_data_190326/Gastruloid_241025/trainingset/movie4/label/movie4.tif,19,18.708286933869708,397
76.0,326.5,100.0,True,400,DARE3d_data_190326/Gastruloid_241025/trainingset/movie4/label/movie4.tif,19,11.180339887498949,399
319.5,361.5,82.5,True,578,DARE3d_data_190326/Gastruloid_241025/trainingset/movie4/label/movie4.tif,19,11.090536506409418,577
166.5,371.5,99.5,True,580,DARE3d_data_190326/Gastruloid_241025/trainingset/movie4/label/movie4.tif,19,9.9498743710662,579
169.75,77.0,85.5,True,402,DARE3d_data_190326/Gastruloid_241025/trainingset/movie4/label/movie4.tif,20,12.459935794377111,401
138.0,273.5,90.0,True,404,DARE3d_data_190326/Gastruloid_241025/trainingset/movie4/label/movie4.tif,20,11.357816691600547,403
284.5,267.0,78.0,True,406,DARE3d_data_190326/Gastruloid_241025/trainingset/movie4/label/movie4.tif,20,8.54400374531753,405
135.0,232.5,108.5,True,408,DARE3d_data_190326/Gastruloid_241025/trainingset/movie4/label/movie4.tif,20,11.575836902790225,407
232.5,60.5,69.5,True,636,DARE3d_data_190326/Gastruloid_241025/trainingset/movie4/label/movie4.tif,20,14.798648586948742,635
274.5,309.0,87.5,True,410,DARE3d_data_190326/Gastruloid_241025/trainingset/movie4/label/movie4.tif,21,14.89966442575134,409
128.5,300.5,91.5,True,412,DARE3d_data_190326/Gastruloid_241025/trainingset/movie4/label/movie4.tif,21,9.539392014169456,411
168.0,361.5,78.0,True,414,DARE3d_data_190326/Gastruloid_241025/trainingset/movie4/label/movie4.tif,21,16.278820596099706,413
319.0,260.5,41.0,True,416,DARE3d_data_190326/Gastruloid_241025/trainingset/movie4/label/movie4.tif,21,16.881943016134134,415
230.5,231.0,84.5,True,418,DARE3d_data_190326/Gastruloid_241025/trainingset/movie4/label/movie4.tif,21,12.083045973594572,417
78.5,207.0,104.5,True,420,DARE3d_data_190326/Gastruloid_241025/trainingset/movie4/label/movie4.tif,21,15.165750888103101,419
265.0,335.0,32.5,True,582,DARE3d_data_190326/Gastruloid_241025/trainingset/movie4/label/movie4.tif,21,10.44030650891055,581
140.5,24.5,88.0,True,584,DARE3d_data_190326/Gastruloid_241025/trainingset/movie4/label/movie4.tif,21,10.099504938362077,583
85.0,250.0,112.5,True,586,DARE3d_data_190326/Gastruloid_241025/trainingset/movie4/label/movie4.tif,21,11.532562594670797,585
123.0,121.5,109.0,True,626,DARE3d_data_190326/Gastruloid_241025/trainingset/movie4/label/movie4.tif,21,15.7797338380595,625
173.0,200.0,63.5,True,422,DARE3d_data_190326/Gastruloid_241025/trainingset/movie4/label/movie4.tif,22,13.152946437965905,421
245.5,216.0,93.5,True,424,DARE3d_data_190326/Gastruloid_241025/trainingset/movie4/label/movie4.tif,22,11.575836902790225,423
149.0,109.0,80.0,True,426,DARE3d_data_190326/Gastruloid_241025/trainingset/movie4/label/movie4.tif,22,12.328828005937952,425
224.0,113.5,88.0,True,428,DARE3d_data_190326/Gastruloid_241025/trainingset/movie4/label/movie4.tif,22,9.0,427
188.5,190.5,106.0,True,430,DARE3d_data_190326/Gastruloid_241025/trainingset/movie4/label/movie4.tif,22,9.899494936611665,429
102.0,55.0,97.0,True,432,DARE3d_data_190326/Gastruloid_241025/trainingset/movie4/label/movie4.tif,22,12.96148139681572,431
173.0,192.0,46.5,True,434,DARE3d_data_190326/Gastruloid_241025/trainingset/movie4/label/movie4.tif,22,10.816653826391969,433
197.0,94.0,102.0,True,436,DARE3d_data_190326/Gastruloid_241025/trainingset/movie4/label/movie4.tif,22,14.142135623730951,435
268.0,169.5,47.0,True,438,DARE3d_data_190326/Gastruloid_241025/trainingset/movie4/label/movie4.tif,22,12.206555615733702,437
298.0,233.0,29.0,True,588,DARE3d_data_190326/Gastruloid_241025/trainingset/movie4/label/movie4.tif,22,12.0,587
213.5,186.5,34.5,True,590,DARE3d_data_190326/Gastruloid_241025/trainingset/movie4/label/movie4.tif,22,15.066519173319364,589
205.0,132.0,68.5,True,630,DARE3d_data_190326/Gastruloid_241025/trainingset/movie4/label/movie4.tif,22,6.2417637126255805,629
52.5,316.0,122.5,True,638,DARE3d_data_190326/Gastruloid_241025/trainingset/movie4/label/movie4.tif,22,12.884098726725126,637
230.0,367.0,66.5,True,442,DARE3d_data_190326/Gastruloid_241025/trainingset/movie4/label/movie4.tif,23,10.816653826391969,441
307.5,270.5,61.5,True,444,DARE3d_data_190326/Gastruloid_241025/trainingset/movie4/label/movie4.tif,23,13.379088160259652,443
91.0,184.0,93.5,True,446,DARE3d_data_190326/Gastruloid_241025/trainingset/movie4/label/movie4.tif,23,12.36931687685298,445
128.0,153.0,69.0,True,448,DARE3d_data_190326/Gastruloid_241025/trainingset/movie4/label/movie4.tif,23,14.422205101855956,447
253.5,281.0,93.5,True,450,DARE3d_data_190326/Gastruloid_241025/trainingset/movie4/label/movie4.tif,23,8.12403840463596,449
301.5,219.5,43.5,True,452,DARE3d_data_190326/Gastruloid_241025/trainingset/movie4/label/movie4.tif,23,15.329709716755891,451
206.0,344.5,70.0,True,594,DARE3d_data_190326/Gastruloid_241025/trainingset/movie4/label/movie4.tif,23,14.317821063276353,593
202.5,132.0,66.5,True,596,DARE3d_data_190326/Gastruloid_241025/trainingset/movie4/label/movie4.tif,23,11.40175425099138,595
248.5,33.5,50.0,True,598,DARE3d_data_190326/Gastruloid_241025/trainingset/movie4/label/movie4.tif,23,13.92838827718412,597
238.0,359.0,96.5,True,628,DARE3d_data_190326/Gastruloid_241025/trainingset/movie4/label/movie4.tif,23,13.152946437965905,627
257.0,252.0,26.5,True,640,DARE3d_data_190326/Gastruloid_241025/trainingset/movie4/label/movie4.tif,23,11.357816691600547,639
148.0,246.5,76.0,True,458,DARE3d_data_190326/Gastruloid_241025/trainingset/movie4/label/movie4.tif,24,12.041594578792296,457
291.0,167.0,70.5,True,460,DARE3d_data_190326/Gastruloid_241025/trainingset/movie4/label/movie4.tif,24,13.601470508735444,459
85.0,228.0,61.0,True,462,DARE3d_data_190326/Gastruloid_241025/trainingset/movie4/label/movie4.tif,24,16.61324772583615,461
231.5,352.5,60.0,True,464,DARE3d_data_190326/Gastruloid_241025/trainingset/movie4/label/movie4.tif,24,15.297058540778355,463
237.5,189.0,75.5,True,466,DARE3d_data_190326/Gastruloid_241025/trainingset/movie4/label/movie4.tif,24,8.366600265340756,465
192.5,108.5,66.0,True,468,DARE3d_data_190326/Gastruloid_241025/trainingset/movie4/label/movie4.tif,24,13.038404810405298,467
182.5,258.0,102.0,True,470,DARE3d_data_190326/Gastruloid_241025/trainingset/movie4/label/movie4.tif,24,9.433981132056603,469
229.5,229.0,56.0,True,472,DARE3d_data_190326/Gastruloid_241025/trainingset/movie4/label/movie4.tif,24,9.433981132056603,471
95.5,318.5,103.0,True,476,DARE3d_data_190326/Gastruloid_241025/trainingset/movie4/label/movie4.tif,24,9.273618495495704,475
108.5,152.0,76.0,True,478,DARE3d_data_190326/Gastruloid_241025/trainingset/movie4/label/movie4.tif,24,8.54400374531753,477
139.5,99.0,89.5,True,480,DARE3d_data_190326/Gastruloid_241025/trainingset/movie4/label/movie4.tif,24,10.488088481701515,479
255.0,259.5,37.0,True,482,DARE3d_data_190326/Gastruloid_241025/trainingset/movie4/label/movie4.tif,24,14.45683229480096,481
83.5,183.5,118.5,True,600,DARE3d_data_190326/Gastruloid_241025/trainingset/movie4/label/movie4.tif,24,9.9498743710662,599
104.5,321.5,68.5,True,484,DARE3d_data_190326/Gastruloid_241025/trainingset/movie4/label/movie4.tif,25,16.09347693943108,483
304.0,181.5,55.5,True,486,DARE3d_data_190326/Gastruloid_241025/trainingset/movie4/label/movie4.tif,25,15.937377450509228,485
108.0,152.5,76.5,True,488,DARE3d_data_190326/Gastruloid_241025/trainingset/movie4/label/movie4.tif,25,15.811388300841896,487
114.5,359.5,81.5,True,490,DARE3d_data_190326/Gastruloid_241025/trainingset/movie4/label/movie4.tif,25,9.9498743710662,489
235.0,88.0,61.0,True,492,DARE3d_data_190326/Gastruloid_241025/trainingset/movie4/label/movie4.tif,25,10.198039027185569,491
51.0,231.0,116.5,True,592,DARE3d_data_190326/Gastruloid_241025/trainingset/movie4/label/movie4.tif,25,14.594519519326424,591
203.0,144.0,32.5,True,602,DARE3d_data_190326/Gastruloid_241025/trainingset/movie4/label/movie4.tif,25,16.76305461424021,601
180.5,187.0,73.0,True,604,DARE3d_data_190326/Gastruloid_241025/trainingset/movie4/label/movie4.tif,25,10.63014581273465,603
114.5,364.0,104.5,True,606,DARE3d_data_190326/Gastruloid_241025/trainingset/movie4/label/movie4.tif,25,8.366600265340756,605
153.5,166.0,107.5,True,608,DARE3d_data_190326/Gastruloid_241025/trainingset/movie4/label/movie4.tif,25,13.19090595827292,607
204.0,60.0,67.5,True,494,DARE3d_data_190326/Gastruloid_241025/trainingset/movie4/label/movie4.tif,26,7.810249675906654,493
273.5,229.0,44.0,True,496,DARE3d_data_190326/Gastruloid_241025/trainingset/movie4/label/movie4.tif,26,13.74772708486752,495
138.5,169.0,81.0,True,498,DARE3d_data_190326/Gastruloid_241025/trainingset/movie4/label/movie4.tif,26,13.30413469565007,497
176.5,89.5,65.0,True,500,DARE3d_data_190326/Gastruloid_241025/trainingset/movie4/label/movie4.tif,26,10.295630140987,499
198.5,62.0,58.5,True,502,DARE3d_data_190326/Gastruloid_241025/trainingset/movie4/label/movie4.tif,26,11.045361017187261,501
142.0,305.5,102.5,True,610,DARE3d_data_190326/Gastruloid_241025/trainingset/movie4/label/movie4.tif,26,12.083045973594572,609
192.5,35.0,85.5,True,504,DARE3d_data_190326/Gastruloid_241025/trainingset/movie4/label/movie4.tif,27,12.727922061357855,503
124.5,244.0,58.5,True,506,DARE3d_data_190326/Gastruloid_241025/trainingset/movie4/label/movie4.tif,27,16.55294535724685,505
295.0,286.0,95.0,True,508,DARE3d_data_190326/Gastruloid_241025/trainingset/movie4/label/movie4.tif,27,8.48528137423857,507
319.5,305.5,76.5,True,510,DARE3d_data_190326/Gastruloid_241025/trainingset/movie4/label/movie4.tif,27,12.449899597988733,509
267.5,216.5,35.0,True,612,DARE3d_data_190326/Gastruloid_241025/trainingset/movie4/label/movie4.tif,27,14.212670403551895,611
209.0,207.0,43.5,True,614,DARE3d_data_190326/Gastruloid_241025/trainingset/movie4/label/movie4.tif,27,8.06225774829855,613
78.0,178.0,106.5,True,616,DARE3d_data_190326/Gastruloid_241025/trainingset/movie4/label/movie4.tif,27,16.15549442140351,615
