archived_raster_nematic_axis_error_deg,center_t,center_x,center_y,center_z,corrected_nematic_axis_error_deg,dataset,evaluated,index,metric_basis,mode,predicted_axis_x,predicted_axis_y,predicted_axis_z,production_quaternion_error_deg_event_proxy,raw_vs_archived_axis_error_deg,skip_reason,truth_axis_x,truth_axis_y,truth_axis_z,truth_time_offset
10.904307762488985,2.0,26.0,154.0,65.0,12.48876281317635,gastruloid_nuclei,True,0,epoch_098 raw-quaternion compatibility replay plus released daughter-label centroids,all_groundtruth_centers,0.8654265590949073,0.21112681930523633,-0.45438126830141545,17.713184453382194,1.5967650802842166,,-0.7766705596177466,-0.10355607461569954,0.6213364476941973,
22.751528050944284,2.0,44.0,200.0,118.0,21.492241719956315,gastruloid_nuclei,True,1,epoch_098 raw-quaternion compatibility replay plus released daughter-label centroids,all_groundtruth_centers,0.8519205080243639,0.4342442018638296,0.29268314122127925,15.269336961031588,1.7274078122938539,,0.9805224792651179,0.10894694214056866,0.163420413210853,
17.971662821239793,2.0,50.0,117.0,113.0,15.800252038268221,gastruloid_nuclei,True,2,epoch_098 raw-quaternion compatibility replay plus released daughter-label centroids,all_groundtruth_centers,0.6591990964528311,-0.35466490196183637,0.6630756808631817,28.697898576923468,2.1974756681777223,,0.6556100681071858,-0.0936585811581694,0.7492686492653552,
17.501983628491722,2.0,79.0,141.0,43.0,18.404747247086412,gastruloid_nuclei,True,3,epoch_098 raw-quaternion compatibility replay plus released daughter-label centroids,all_groundtruth_centers,-0.1740186195578236,0.981697259585961,-0.07738223677694821,28.309560731491302,1.1652166615379562,,0.19324698792024925,-0.9018192769611632,0.3864939758404985,
6.903731954957856,2.0,97.0,132.0,85.0,7.986610022706805,gastruloid_nuclei,True,4,epoch_098 raw-quaternion compatibility replay plus released daughter-label centroids,all_groundtruth_centers,0.4447421757584589,-0.21762786245765128,0.8688167301472421,22.582894447059118,1.295409955752599,,0.5494422557947561,-0.13736056394868904,0.8241633836921342,
9.640489180896195,2.0,114.0,150.0,57.0,9.072350618140906,gastruloid_nuclei,True,5,epoch_098 raw-quaternion compatibility replay plus released daughter-label centroids,all_groundtruth_centers,0.8915797521188636,-0.44700569840966786,-0.07260476018106977,17.487584497484363,0.733901101810489,,-0.8221921916437787,0.5692099788303083,0.0,
4.040593035511655,2.0,123.0,227.0,86.0,2.4886835438998536,gastruloid_nuclei,True,6,epoch_098 raw-quaternion compatibility replay plus released daughter-label centroids,all_groundtruth_centers,0.7073842680339926,0.2864937468122585,-0.646164708395225,2.6094123769431903,1.5528058802746727,,-0.6767155423319645,-0.29002094671369905,0.6767155423319645,
16.244998446193538,2.0,128.0,191.0,58.0,15.724371722367712,gastruloid_nuclei,True,7,epoch_098 raw-quaternion compatibility replay plus released daughter-label centroids,all_groundtruth_centers,0.9394870068196836,-0.09948338402377642,0.32782193386070074,32.04018790703846,1.5412838378422282,,0.816496580927726,-0.08164965809277261,0.5715476066494082,
25.67789203661932,2.0,139.0,249.0,101.0,26.527879823025046,gastruloid_nuclei,True,8,epoch_098 raw-quaternion compatibility replay plus released daughter-label centroids,all_groundtruth_centers,0.3166678127971476,-0.4032268222349969,0.8585625348036896,40.4452260120826,0.875153673318076,,0.1414213562373095,0.0,0.9899494936611665,
59.12925485227614,2.0,141.0,215.0,57.0,57.84545632693835,gastruloid_nuclei,True,9,epoch_098 raw-quaternion compatibility replay plus released daughter-label centroids,all_groundtruth_centers,0.6515525187473297,-0.711243025961827,0.26384213714771665,11.759294120265626,1.289297507720413,,-0.9718253158075502,-0.05716619504750295,0.2286647801900118,
71.34654337855085,2.0,163.0,96.0,74.0,69.49777007644198,gastruloid_nuclei,True,10,epoch_098 raw-quaternion compatibility replay plus released daughter-label centroids,all_groundtruth_centers,-0.12519707433900448,0.9881967770908521,-0.08827696372331068,76.7351303467756,2.1240756819486366,,0.41684393392278957,0.47639306734033093,0.7741387344280378,
19.00714364381828,2.0,165.0,128.0,76.0,18.554014599632506,gastruloid_nuclei,True,11,epoch_098 raw-quaternion compatibility replay plus released daughter-label centroids,all_groundtruth_centers,0.7745368419354172,0.36580494093033905,0.5160226987988625,21.369988331449015,0.75744857952848,,0.6553855364152325,0.1638463841038081,0.7373087284671365,
35.05967557079784,2.0,167.0,146.0,136.0,35.14318442775254,gastruloid_nuclei,True,12,epoch_098 raw-quaternion compatibility replay plus released daughter-label centroids,all_groundtruth_centers,0.9090001218756872,-0.11449614068023667,0.40076104126937934,69.48237130574819,0.1447037196930493,,0.5240974256643347,0.0,0.851658316704544,
6.163578317483242,2.0,170.0,220.0,91.0,3.1366405226669394,gastruloid_nuclei,True,13,epoch_098 raw-quaternion compatibility replay plus released daughter-label centroids,all_groundtruth_centers,0.44124165271991134,0.6455885717700772,0.6233146877018646,5.512010247244713,3.452028145797716,,0.441054277135977,0.6064496310619684,0.6615814157039656,
10.393127836548388,2.0,184.0,95.0,64.0,8.949322335637442,gastruloid_nuclei,True,14,epoch_098 raw-quaternion compatibility replay plus released daughter-label centroids,all_groundtruth_centers,0.4382715569210905,0.4400046802936011,-0.7837818087412396,11.060418616408455,1.5592328306180705,,-0.3928371006591931,-0.31426968052735443,0.8642416214502248,
3.432384370887498,2.0,188.0,167.0,76.0,2.4926713523669863,gastruloid_nuclei,True,15,epoch_098 raw-quaternion compatibility replay plus released daughter-label centroids,all_groundtruth_centers,-0.1709989831737079,0.9565347843898889,0.23622140886411325,5.109163068663004,0.96872618039887,,-0.16692446522239718,0.9459053029269173,0.2782074420373286,
15.523042625862798,2.0,192.0,212.0,88.0,15.976172195790317,gastruloid_nuclei,True,16,epoch_098 raw-quaternion compatibility replay plus released daughter-label centroids,all_groundtruth_centers,0.7838104456415853,0.590812742887008,-0.19126287707098263,13.61203419413872,0.5687026844802465,,-0.8869685939836239,-0.35478743759344955,0.2956561979945413,
13.533419353185794,2.0,208.0,96.0,43.0,13.95158315958645,gastruloid_nuclei,True,17,epoch_098 raw-quaternion compatibility replay plus released daughter-label centroids,all_groundtruth_centers,-0.6154825648048715,0.7678922547931005,-0.17754632479999427,31.00386319555852,0.5332012778557255,,0.7867957924694432,-0.6052275326688025,0.12104550653376049,
15.604557041690112,2.0,208.0,126.0,125.0,18.36415050191645,gastruloid_nuclei,True,18,epoch_098 raw-quaternion compatibility replay plus released daughter-label centroids,all_groundtruth_centers,-0.0034095620761036994,0.5427575734959214,-0.839882486601113,28.563436761973538,6.058846011082656,,0.17616606585441102,-0.29361010975735174,0.9395523512235255,
11.08887363703433,2.0,232.0,199.0,115.0,11.92423288586498,gastruloid_nuclei,True,19,epoch_098 raw-quaternion compatibility replay plus released daughter-label centroids,all_groundtruth_centers,0.8222088329928272,-0.5498412382774872,0.1471300364917125,24.077096903741346,1.1427776955162678,,0.7590721152765897,-0.5520524474738834,0.3450327796711771,
16.526359684705795,2.0,248.0,216.0,69.0,14.368803311948218,gastruloid_nuclei,True,20,epoch_098 raw-quaternion compatibility replay plus released daughter-label centroids,all_groundtruth_centers,0.7046751541995059,-0.21750739853235704,-0.67536912769062,30.047267151675843,2.258115717054299,,-0.51425947722658,0.19284730395996752,0.8356716504931926,
17.404211707541528,2.0,249.0,197.0,96.0,16.03077995899872,gastruloid_nuclei,True,21,epoch_098 raw-quaternion compatibility replay plus released daughter-label centroids,all_groundtruth_centers,0.2986318987718413,0.9122516754932478,0.28038521643568637,21.319856850547644,1.3763353331819743,,0.2672612419124244,0.8017837257372732,0.5345224838248488,
9.42325609626203,2.0,274.0,62.0,111.0,7.7470735145484335,gastruloid_nuclei,True,22,epoch_098 raw-quaternion compatibility replay plus released daughter-label centroids,all_groundtruth_centers,0.7256147048654306,-0.2289617861270502,-0.6488912085831993,15.517825773664018,1.679872985934062,,-0.6288281455225324,0.2286647801900118,0.7431605356175384,
15.250369004391965,2.0,279.0,217.0,92.0,13.886549805547741,gastruloid_nuclei,True,23,epoch_098 raw-quaternion compatibility replay plus released daughter-label centroids,all_groundtruth_centers,0.7127510964955948,0.6340363981757277,-0.29997286582735666,11.214013932276139,2.1316720786164747,,-0.7624928516630234,-0.457495710997814,0.457495710997814,
12.32922657327512,2.0,283.0,188.0,78.0,13.61477431425332,gastruloid_nuclei,True,24,epoch_098 raw-quaternion compatibility replay plus released daughter-label centroids,all_groundtruth_centers,-0.4724837341707785,0.31374103376087276,0.8236052966553189,24.49362470690858,1.5434280347175975,,-0.26490647141300877,0.26490647141300877,0.9271726499455306,
15.171826585750239,2.0,284.0,67.0,136.0,12.980799636765905,gastruloid_nuclei,True,25,epoch_098 raw-quaternion compatibility replay plus released daughter-label centroids,all_groundtruth_centers,0.6766323248798607,0.5024100658966717,0.5382869333481693,15.93649545866248,2.810549372967034,,0.595879571531124,0.6810052246069989,0.4256282653793743,
13.82925042799288,2.0,289.0,109.0,53.0,16.479575984879173,gastruloid_nuclei,True,26,epoch_098 raw-quaternion compatibility replay plus released daughter-label centroids,all_groundtruth_centers,-0.4152338139584825,0.9084286226470133,-0.04835615060302519,27.41527352996679,2.6632836799014727,,0.3956282840374722,-0.8571946154145231,0.3296902366978935,
14.176125974526292,2.0,305.0,99.0,52.0,15.260778394725916,gastruloid_nuclei,True,27,epoch_098 raw-quaternion compatibility replay plus released daughter-label centroids,all_groundtruth_centers,0.2430810552619461,0.4447184063288056,-0.8620540236232913,21.742757959150264,1.514891647752359,,-0.056077215409204434,-0.6168493695012488,0.785081015728862,
5.076973821730412,2.0,320.0,188.0,55.0,5.081182756978045,gastruloid_nuclei,True,28,epoch_098 raw-quaternion compatibility replay plus released daughter-label centroids,all_groundtruth_centers,-0.4513377510340376,0.8750666904145835,0.17479279681498502,11.977381094363556,1.1432381356837087,,-0.5111656508223583,0.8519427513705972,0.11359236684941296,
30.17111820005972,3.0,37.0,126.0,133.0,26.57446741087789,gastruloid_nuclei,True,29,epoch_098 raw-quaternion compatibility replay plus released daughter-label centroids,all_groundtruth_centers,0.011553705089859135,0.9415364789752244,-0.33671289054271913,54.58072171638225,4.584317225452616,,-0.3011313679370973,0.9535826651341416,0.0,
15.05781761903995,3.0,63.0,84.0,120.0,15.6355296098738,gastruloid_nuclei,True,30,epoch_098 raw-quaternion compatibility replay plus released daughter-label centroids,all_groundtruth_centers,0.6767876001607736,-0.5638563608895406,-0.4733123160800118,27.2048429851572,0.6474924272005345,,-0.5144957554275265,0.5144957554275265,0.6859943405700353,
4.441432821910336,3.0,72.0,227.0,116.0,1.928940174751901,gastruloid_nuclei,True,31,epoch_098 raw-quaternion compatibility replay plus released daughter-label centroids,all_groundtruth_centers,0.3586897127707996,0.6740246315182008,0.6457805246824613,7.586975936816714,2.5465432461788517,,0.3333333333333333,0.6666666666666666,0.6666666666666666,
17.09827472234772,3.0,84.0,234.0,103.0,16.101256536299594,gastruloid_nuclei,True,32,epoch_098 raw-quaternion compatibility replay plus released daughter-label centroids,all_groundtruth_centers,0.08988985165984993,0.5652818042795728,-0.8199855464085943,21.69958500398564,2.0667135188142773,,-0.07881104062391006,-0.31524416249564025,0.9457324874869207,
30.661964225969257,4.0,100.0,184.0,108.0,24.948725648335184,gastruloid_nuclei,True,33,epoch_098 raw-quaternion compatibility replay plus released daughter-label centroids,all_groundtruth_centers,0.018631407841391303,0.7293913294984037,-0.6838429345210777,53.959520464379004,5.757944703043333,,0.346843987809648,-0.5202659817144719,0.780398972571708,
3.5766771916902815,3.0,99.0,163.0,140.0,2.9402613974240785,gastruloid_nuclei,True,34,epoch_098 raw-quaternion compatibility replay plus released daughter-label centroids,all_groundtruth_centers,0.49093729083642096,0.23591538684461313,0.8386444459460468,6.50146301936815,1.1431090759717015,,0.4646063181199804,0.1991169934799916,0.8628403050799636,
20.630180802136504,4.0,126.0,228.0,62.0,23.732108816753676,gastruloid_nuclei,True,35,epoch_098 raw-quaternion compatibility replay plus released daughter-label centroids,all_groundtruth_centers,0.6507261859200141,0.4129529836923342,0.6372011175583341,15.635866757159233,3.157188269234,,0.9012626521891645,0.24033670725044387,0.3605050608756658,
7.959440962980837,3.0,150.0,171.0,42.0,7.00787407778262,gastruloid_nuclei,True,36,epoch_098 raw-quaternion compatibility replay plus released daughter-label centroids,all_groundtruth_centers,0.9398218789291725,0.32332813732710153,-0.1104253209124929,6.497301060861285,1.544484243032668,,-0.9116846116771036,-0.3418817293789138,0.2279211529192759,
16.417006173678914,3.0,162.0,83.0,114.0,18.564275104124928,gastruloid_nuclei,True,37,epoch_098 raw-quaternion compatibility replay plus released daughter-label centroids,all_groundtruth_centers,0.080928850290431,0.9956541371263694,0.046079935045676285,24.753685944531046,2.1475619312104177,,0.10300524052492095,0.9270471647242885,0.3605183418372233,
54.11601321242774,4.0,166.0,219.0,129.0,53.36485955527529,gastruloid_nuclei,True,38,epoch_098 raw-quaternion compatibility replay plus released daughter-label centroids,all_groundtruth_centers,-0.14792040366356324,0.8475100948456229,-0.5097511091844448,70.1098279296484,1.1415140813553057,,0.16415269654937484,0.9301986137797906,0.3283053930987497,
20.55634198332296,3.0,170.0,68.0,82.0,20.384917714635073,gastruloid_nuclei,True,39,epoch_098 raw-quaternion compatibility replay plus released daughter-label centroids,all_groundtruth_centers,0.49374123453147556,0.4911221428021495,-0.717647987646283,17.757682052867064,0.32226116439928526,,-0.6645343026631947,-0.1812366279990531,0.7249465119962124,
1.7413011915411654,3.0,180.0,157.0,64.0,2.8672217091767735,gastruloid_nuclei,True,40,epoch_098 raw-quaternion compatibility replay plus released daughter-label centroids,all_groundtruth_centers,0.12487345125881633,0.9206140779095879,-0.36996802662580347,7.16267695019096,1.1800541565325484,,-0.07669649888473704,-0.9203579866168444,0.3834824944236852,
10.953077505530308,3.0,192.0,82.0,78.0,12.194883859960582,gastruloid_nuclei,True,41,epoch_098 raw-quaternion compatibility replay plus released daughter-label centroids,all_groundtruth_centers,-0.587482082420341,0.7091959346765793,0.38975111170242066,23.938698009054466,1.2422347725422038,,-0.5178918038835925,0.6329788714132796,0.575435337648436,
5.024548933813679,3.0,216.0,227.0,106.0,2.103341624332711,gastruloid_nuclei,True,42,epoch_098 raw-quaternion compatibility replay plus released daughter-label centroids,all_groundtruth_centers,-0.09524276012562283,0.9948934841039727,0.03340317247076165,4.160189730849669,2.9455710712775547,,-0.11043152607484653,0.9938837346736188,0.0,
10.96503222498561,4.0,227.0,216.0,62.0,12.558260912696733,gastruloid_nuclei,True,43,epoch_098 raw-quaternion compatibility replay plus released daughter-label centroids,all_groundtruth_centers,0.7544054548353769,0.5959654095097527,0.275132041722699,12.61994004133297,1.5992616818242764,,0.5962847939999439,0.7453559924999299,0.29814239699997197,
4.146253884165255,3.0,261.0,134.0,33.0,4.329090867711192,gastruloid_nuclei,True,44,epoch_098 raw-quaternion compatibility replay plus released daughter-label centroids,all_groundtruth_centers,0.8885131291976321,0.4137578716368455,-0.19836542768834425,6.182084472273153,0.1841383979711979,,-0.9113223768657671,-0.39056673294247163,0.13018891098082389,
14.80393813023208,3.0,271.0,90.0,72.0,13.271288328011872,gastruloid_nuclei,True,45,epoch_098 raw-quaternion compatibility replay plus released daughter-label centroids,all_groundtruth_centers,0.5806066897038573,0.27326937045676886,-0.7669548376803487,14.81346639995952,2.740290839685657,,-0.5229763603684907,-0.06537204504606134,0.8498365855987974,
7.950720496681237,3.0,272.0,209.0,61.0,8.531270590742675,gastruloid_nuclei,True,46,epoch_098 raw-quaternion compatibility replay plus released daughter-label centroids,all_groundtruth_centers,0.4917491197009888,-0.41075589005252133,0.7677645485827432,17.2579018904647,0.680764359239149,,0.6109598099719177,-0.4073065399812784,0.6788442333021307,
10.022562657375202,3.0,304.0,219.0,112.0,10.363062218840685,gastruloid_nuclei,True,47,epoch_098 raw-quaternion compatibility replay plus released daughter-label centroids,all_groundtruth_centers,0.13597448424431824,0.4022478599179186,-0.9053770478789189,23.02754908277372,1.139249800504474,,-0.08058229640253803,-0.24174688920761409,0.9669875568304563,
5.633779564858494,3.0,319.0,120.0,53.0,1.2642159581244687,gastruloid_nuclei,True,48,epoch_098 raw-quaternion compatibility replay plus released daughter-label centroids,all_groundtruth_centers,-0.4635415291719916,0.8858798736490077,0.018603768341646502,10.894749701827571,4.770682412681562,,-0.47409982303501746,0.8804710999221753,0.0,
,4.0,26.0,180.0,104.0,,gastruloid_nuclei,False,49,,all_groundtruth_centers,,,,,,production gather_groundtruth_info found no label pair within per-axis atol=3,,,,
4.998828701782351,4.0,69.0,92.0,82.0,5.06874288433607,gastruloid_nuclei,True,50,epoch_098 raw-quaternion compatibility replay plus released daughter-label centroids,all_groundtruth_centers,0.9197397297176623,-0.38287400676154654,-0.08652354896350864,15.342859739102481,0.10747520686992688,,-0.9161573349021892,0.4008188340197078,0.0,
13.328362681943432,4.0,78.0,205.0,93.0,11.641565528808902,gastruloid_nuclei,True,51,epoch_098 raw-quaternion compatibility replay plus released daughter-label centroids,all_groundtruth_centers,0.06058550592161535,0.7758714175306224,-0.6279752701589804,17.76479671059516,2.753170313269817,,0.12469593727770992,-0.717001639346832,0.6858276550274045,
23.58180883566211,4.0,81.0,174.0,115.0,22.67461446611912,gastruloid_nuclei,True,52,epoch_098 raw-quaternion compatibility replay plus released daughter-label centroids,all_groundtruth_centers,0.8500451955062205,-0.14514033245832195,-0.5063175382017485,50.64339957063603,2.5001758766403954,,-0.5986710947139654,0.06651901052377393,0.7982281262852872,
13.713263652860189,4.0,91.0,109.0,63.0,13.340505469322975,gastruloid_nuclei,True,53,epoch_098 raw-quaternion compatibility replay plus released daughter-label centroids,all_groundtruth_centers,0.8486469596570128,0.43312376232126204,0.3036480600589822,8.674151965245306,3.3728215405142605,,0.8543576577167609,0.5126145946300565,0.0854357657716761,
,4.0,99.0,188.0,49.0,,gastruloid_nuclei,False,54,,all_groundtruth_centers,,,,,,production gather_groundtruth_info found no label pair within per-axis atol=3,,,,
59.500705128686185,4.0,104.0,186.0,90.0,59.007355459459816,gastruloid_nuclei,True,55,epoch_098 raw-quaternion compatibility replay plus released daughter-label centroids,all_groundtruth_centers,-0.6049234565432343,0.6898780661452294,0.3976630050375619,99.30979811490667,0.7736495093835775,,-0.9877295966495896,-0.14815943949743846,0.04938647983247948,
12.676678649580651,4.0,111.0,221.0,55.0,13.67200243551789,gastruloid_nuclei,True,56,epoch_098 raw-quaternion compatibility replay plus released daughter-label centroids,all_groundtruth_centers,0.15481166739642377,0.9314956383368567,-0.32916443215716806,24.139355711154508,1.4211081131043073,,0.07669649888473704,-0.9203579866168444,0.3834824944236852,
34.79296881104421,4.0,138.0,195.0,40.0,36.06199583825214,gastruloid_nuclei,True,57,epoch_098 raw-quaternion compatibility replay plus released daughter-label centroids,all_groundtruth_centers,0.7178688778098568,0.634741515072905,-0.28595014130958196,25.058979914201142,1.2756736294338238,,0.7300956427599692,0.5973509804399748,0.331861655799986,
10.539480735107816,4.0,141.0,129.0,35.0,8.974845758712366,gastruloid_nuclei,True,58,epoch_098 raw-quaternion compatibility replay plus released daughter-label centroids,all_groundtruth_centers,0.8740255195682469,-0.48079408142820945,-0.0701173474046209,19.960982540735834,1.5916097808800742,,0.905752918579103,-0.4180398085749706,0.06967330142916177,
13.236651049520104,4.0,154.0,172.0,93.0,13.224506664909129,gastruloid_nuclei,True,59,epoch_098 raw-quaternion compatibility replay plus released daughter-label centroids,all_groundtruth_centers,0.7323346597772252,-0.3405868273149265,0.5896495222999236,26.170556728331842,0.6428584089809435,,0.5832118435198043,-0.29160592175990213,0.7581753965757455,
,4.0,155.0,78.0,140.0,,gastruloid_nuclei,False,60,,all_groundtruth_centers,,,,,,production gather_groundtruth_info found no label pair within per-axis atol=3,,,,
20.09486089131774,4.0,163.0,70.0,100.0,19.755700660321075,gastruloid_nuclei,True,61,epoch_098 raw-quaternion compatibility replay plus released daughter-label centroids,all_groundtruth_centers,-0.07108379183131647,0.9715776507580668,0.2257962866973636,29.535330078563245,1.3919330960181666,,-0.11930999725437871,0.835169980780651,0.5368949876447042,
12.07705717981234,4.0,208.0,152.0,119.0,11.077356221674304,gastruloid_nuclei,True,62,epoch_098 raw-quaternion compatibility replay plus released daughter-label centroids,all_groundtruth_centers,0.11855316137932245,0.9262837812142316,0.35769191294525204,13.597599172408206,1.0921641186270976,,0.2407717061715384,0.8427009716003844,0.4815434123430768,
3.7374631938338605,4.0,230.0,187.0,127.0,3.3018126992988117,gastruloid_nuclei,True,63,epoch_098 raw-quaternion compatibility replay plus released daughter-label centroids,all_groundtruth_centers,-0.645967917416211,0.6855759803044448,0.3357246265893563,6.266175515164524,3.1456360831728585,,-0.6412234498911868,0.7124704998790965,0.2849881999516386,
18.385979898930398,4.0,248.0,84.0,92.0,18.134379104020216,gastruloid_nuclei,True,64,epoch_098 raw-quaternion compatibility replay plus released daughter-label centroids,all_groundtruth_centers,0.8210746952435041,0.36651475442651615,0.4376108769425842,8.721895515778785,0.340904768955282,,0.8808303292720552,0.058722021951470346,0.46977617561176277,
18.858003739715073,4.0,263.0,80.0,145.0,19.54638247169399,gastruloid_nuclei,True,65,epoch_098 raw-quaternion compatibility replay plus released daughter-label centroids,all_groundtruth_centers,0.841111944697765,0.4995904076315896,0.2072199823599218,10.145247515973248,1.5180035169125545,,0.8665782448262421,0.24759378423606918,0.43328912241312106,
16.241642570799247,4.0,270.0,183.0,41.0,16.326436828486028,gastruloid_nuclei,True,66,epoch_098 raw-quaternion compatibility replay plus released daughter-label centroids,all_groundtruth_centers,0.44672248670663967,0.8621778502770715,0.2389317357787446,16.46885541854574,0.8667007609724647,,0.6237828615518053,0.6861611477069858,0.3742697169310832,
8.902623785331333,4.0,275.0,160.0,121.0,9.050356214184701,gastruloid_nuclei,True,67,epoch_098 raw-quaternion compatibility replay plus released daughter-label centroids,all_groundtruth_centers,-0.2911827768058313,0.6762705445559093,-0.6766614670998338,15.255976519947636,0.3944748750014821,,0.3522082237986393,-0.5534700659692904,0.7547319081399414,
3.084935419580569,4.0,277.0,108.0,85.0,4.010985261342393,gastruloid_nuclei,True,68,epoch_098 raw-quaternion compatibility replay plus released daughter-label centroids,all_groundtruth_centers,0.4873986815727141,-0.4730646602064758,0.7339293920159566,7.525647909743619,2.059444626281115,,0.47639306734033093,-0.41684393392278957,0.7741387344280378,
,4.0,281.0,84.0,118.0,,gastruloid_nuclei,False,69,,all_groundtruth_centers,,,,,,production gather_groundtruth_info found no label pair within per-axis atol=3,,,,
3.343942591552132,4.0,300.0,124.0,59.0,1.1043895709491183,gastruloid_nuclei,True,70,epoch_098 raw-quaternion compatibility replay plus released daughter-label centroids,all_groundtruth_centers,0.7811078771962335,-0.4056001973313636,-0.4747198796203427,5.869759553009083,2.24481628662218,,-0.7929823205461077,0.39649116027305387,0.46257302031856284,
1.918590979038492,4.0,306.0,174.0,79.0,2.042238328416394,gastruloid_nuclei,True,71,epoch_098 raw-quaternion compatibility replay plus released daughter-label centroids,all_groundtruth_centers,0.45367942438803494,0.5175543283591943,-0.7254739809831947,2.200515191441259,0.1474018098227008,,-0.4216370213557839,-0.5270462766947299,0.7378647873726218,
17.109933532949928,4.0,307.0,221.0,87.0,17.757216380556027,gastruloid_nuclei,True,72,epoch_098 raw-quaternion compatibility replay plus released daughter-label centroids,all_groundtruth_centers,0.2588239395826723,0.3341259899840042,0.9062946491710707,34.34596220198647,0.7522772782199089,,0.4180398085749706,0.06967330142916177,0.905752918579103,
6.312269565319907,4.0,322.0,88.0,78.0,6.323010934129352,gastruloid_nuclei,True,73,epoch_098 raw-quaternion compatibility replay plus released daughter-label centroids,all_groundtruth_centers,0.7709005613903313,0.5941989075578774,-0.22943404870484474,7.456060606939864,0.019196601525879434,,-0.7300956427599692,-0.5973509804399748,0.331861655799986,
17.78491570167813,5.0,40.0,126.0,86.0,18.34851815926204,gastruloid_nuclei,True,74,epoch_098 raw-quaternion compatibility replay plus released daughter-label centroids,all_groundtruth_centers,0.8468672287588079,-0.15051229901958518,-0.5100607264808924,39.360821507915624,0.5642613135958814,,-0.6469966392206304,0.10783277320343841,0.7548294124240689,
12.25934877135725,5.0,84.0,165.0,93.0,11.280697736855863,gastruloid_nuclei,True,75,epoch_098 raw-quaternion compatibility replay plus released daughter-label centroids,all_groundtruth_centers,0.5666077509250523,0.6433030755875023,-0.5148949499959329,13.139843197126748,0.9833928870123393,,-0.441054277135977,-0.6064496310619684,0.6615814157039656,
10.07415623982199,5.0,92.0,61.0,92.0,10.390754930423782,gastruloid_nuclei,True,76,epoch_098 raw-quaternion compatibility replay plus released daughter-label centroids,all_groundtruth_centers,0.7444076740088095,-0.6158958666982763,0.25793312362078114,19.377094924108718,1.0311560018887975,,0.7249465119962124,-0.5437098839971592,0.42288546533112387,
5.499119638826499,5.0,116.0,225.0,105.0,3.5619570276647194,gastruloid_nuclei,True,77,epoch_098 raw-quaternion compatibility replay plus released daughter-label centroids,all_groundtruth_centers,0.5805761286704044,0.5523587099880883,0.5981899483595331,9.383063187486561,2.774628629358711,,0.5368949876447042,0.5965499862718936,0.5965499862718936,
10.095961324452128,5.0,126.0,218.0,94.0,9.438623681308702,gastruloid_nuclei,True,78,epoch_098 raw-quaternion compatibility replay plus released daughter-label centroids,all_groundtruth_centers,-0.21665307633583125,0.933729978272292,-0.2849732832913388,17.227875315848102,0.6912938992287114,,0.3283053930987497,-0.9301986137797906,0.16415269654937484,
11.93355532665882,5.0,136.0,79.0,105.0,10.345625709304146,gastruloid_nuclei,True,79,epoch_098 raw-quaternion compatibility replay plus released daughter-label centroids,all_groundtruth_centers,0.47189594283448244,0.7015424934187692,-0.5339965815097799,17.832744840805248,2.1165344492021725,,-0.34874291623145787,-0.813733471206735,0.46499055497527714,
7.734017957422177,5.0,141.0,157.0,100.0,8.626614737985518,gastruloid_nuclei,True,80,epoch_098 raw-quaternion compatibility replay plus released daughter-label centroids,all_groundtruth_centers,-0.408185885281807,0.9035944464233298,-0.13000522854725272,14.503579842733231,0.89366983749476,,-0.3417430630867044,0.939793423488437,0.0,
12.731652803876957,5.0,153.0,225.0,132.0,12.00115534377138,gastruloid_nuclei,True,81,epoch_098 raw-quaternion compatibility replay plus released daughter-label centroids,all_groundtruth_centers,0.3484174099851892,-0.21851578968852492,0.9115131145935385,24.503858787388932,0.7356726139824018,,0.5306686305052324,-0.15161960871578067,0.8339078479367937,
78.93693606019438,5.0,197.0,132.0,38.0,83.29144745883688,gastruloid_nuclei,True,82,epoch_098 raw-quaternion compatibility replay plus released daughter-label centroids,all_groundtruth_centers,0.002377357132709795,0.8876570228289388,0.46049903148163973,126.78363874044165,5.715289126701433,,0.5178918038835925,-0.287717668824218,0.8056094727078105,
21.965761181561888,5.0,209.0,67.0,147.0,21.19537423784904,gastruloid_nuclei,True,83,epoch_098 raw-quaternion compatibility replay plus released daughter-label centroids,all_groundtruth_centers,0.9734481068192685,0.16126642441737238,0.1624559130521815,11.980982423308486,0.9726998546689843,,0.8451542547285166,0.1690308509457033,0.50709255283711,
3.371717209891981,5.0,228.0,165.0,115.0,2.460250682637639,gastruloid_nuclei,True,84,epoch_098 raw-quaternion compatibility replay plus released daughter-label centroids,all_groundtruth_centers,0.09025066347540546,0.5556571126049227,0.8264986333647559,6.882752421682465,0.973049556025935,,0.058025885318565944,0.5802588531856595,0.8123623944599232,
8.183751051662643,5.0,234.0,106.0,46.0,8.692317744728177,gastruloid_nuclei,True,85,epoch_098 raw-quaternion compatibility replay plus released daughter-label centroids,all_groundtruth_centers,0.7324315715589006,-0.6668552783014122,0.1372881305332153,16.51691951691134,2.2927145213660496,,-0.7808688094430304,0.6246950475544243,0.0,
13.380074977456767,5.0,238.0,200.0,111.0,7.2876690997375135,gastruloid_nuclei,True,86,epoch_098 raw-quaternion compatibility replay plus released daughter-label centroids,all_groundtruth_centers,0.01910295100953709,0.9987793323225725,-0.045551318180746814,13.374398244991959,6.195408844453644,,-0.09950371902099892,0.9950371902099892,0.0,
19.835264712627552,5.0,255.0,178.0,66.0,19.36994006133075,gastruloid_nuclei,True,87,epoch_098 raw-quaternion compatibility replay plus released daughter-label centroids,all_groundtruth_centers,0.9134424305750084,0.3592895325514119,0.1911385827723143,12.007798702372257,1.9015609254278112,,-0.9670962107805762,-0.2275520495954297,0.11377602479771486,
9.26037749542184,5.0,273.0,76.0,85.0,9.123695620156115,gastruloid_nuclei,True,88,epoch_098 raw-quaternion compatibility replay plus released daughter-label centroids,all_groundtruth_centers,0.881760451065622,-0.420827411611762,0.213079319908563,17.757410693235627,1.6660984418630183,,0.8329267300725657,-0.41646336503628284,0.3644054444067475,
14.80393813023208,5.0,293.0,136.0,92.0,13.623761844700775,gastruloid_nuclei,True,89,epoch_098 raw-quaternion compatibility replay plus released daughter-label centroids,all_groundtruth_centers,-0.5981997033391413,0.26926836621300865,-0.7547527157168368,55.28938880226681,1.5728208764541984,,0.5229763603684907,-0.06537204504606134,0.8498365855987974,
15.443402369636983,5.0,303.0,108.0,94.0,16.426726320185576,gastruloid_nuclei,True,90,epoch_098 raw-quaternion compatibility replay plus released daughter-label centroids,all_groundtruth_centers,-0.3267019675801046,0.942139671280381,0.0750910392722318,32.28525343305374,2.1475556394473445,,-0.5734623443633283,0.8192319205190405,0.0,
10.677791192604662,5.0,309.0,81.0,109.0,12.155535280406836,gastruloid_nuclei,True,91,epoch_098 raw-quaternion compatibility replay plus released daughter-label centroids,all_groundtruth_centers,0.5232208122746713,0.8515978327420735,0.03195485677696969,9.986686350819472,2.927396567871231,,-0.6666666666666666,-0.7333333333333333,-0.13333333333333333,
7.7941677177642035,6.0,108.0,169.0,52.0,6.257234039244915,gastruloid_nuclei,True,92,epoch_098 raw-quaternion compatibility replay plus released daughter-label centroids,all_groundtruth_centers,0.4726469286541986,0.420069450445216,-0.7746912531043624,6.738088826475767,1.9609698100372006,,-0.4190581774617469,-0.3492151478847891,0.8381163549234938,
4.288867401743579,6.0,158.0,67.0,115.0,5.827036818975701,gastruloid_nuclei,True,93,epoch_098 raw-quaternion compatibility replay plus released daughter-label centroids,all_groundtruth_centers,0.38999223264846317,-0.49878682481876435,0.7740269774762908,11.912596635595085,1.6760506410615257,,0.4082482904638631,-0.4082482904638631,0.8164965809277261,
36.390079904513534,6.0,188.0,117.0,39.0,36.07456033006984,gastruloid_nuclei,True,94,epoch_098 raw-quaternion compatibility replay plus released daughter-label centroids,all_groundtruth_centers,0.16636974495890897,0.6308555250106528,0.7578538213440907,45.20887437448105,0.9444112623063452,,0.16415269654937484,0.054717565516458275,0.984916179296249,
8.784538537987007,6.0,190.0,148.0,97.0,8.332483141036061,gastruloid_nuclei,True,95,epoch_098 raw-quaternion compatibility replay plus released daughter-label centroids,all_groundtruth_centers,0.9965590443344201,-0.0046785002266865735,-0.08275374789637105,17.792240040678614,9.264146124448342,,-0.9922778767136677,0.12403473458920847,0.0,
8.279649366806945,6.0,211.0,65.0,88.0,7.404464609983722,gastruloid_nuclei,True,96,epoch_098 raw-quaternion compatibility replay plus released daughter-label centroids,all_groundtruth_centers,0.9346864876855824,0.34804870706854507,-0.07227217476943366,3.3944929095338883,1.6861829119599445,,0.8944271909999159,0.4472135954999579,0.0,
2.4762848936865103,6.0,211.0,98.0,57.0,5.180454605595277,gastruloid_nuclei,True,97,epoch_098 raw-quaternion compatibility replay plus released daughter-label centroids,all_groundtruth_centers,-0.062117573243725625,0.8376168263803607,-0.5427148968462197,10.60718344551083,2.7061869191763033,,0.15161960871578067,-0.8339078479367937,0.5306686305052324,
10.631760884634502,6.0,221.0,139.0,137.0,11.02722162007339,gastruloid_nuclei,True,98,epoch_098 raw-quaternion compatibility replay plus released daughter-label centroids,all_groundtruth_centers,-0.3592280500017106,0.6838259606313226,-0.6350883904297236,23.23469631602717,0.708191953158751,,0.5178918038835925,-0.575435337648436,0.6329788714132796,
12.877914660882677,6.0,227.0,184.0,148.0,11.93924495099899,gastruloid_nuclei,True,99,epoch_098 raw-quaternion compatibility replay plus released daughter-label centroids,all_groundtruth_centers,0.9776995997845304,-0.05764527017759546,-0.2019418614535411,163.70196446979875,3.0932503038609025,,-0.9309493362512627,-0.0716114874039433,0.35805743701971643,
12.05512978536201,6.0,270.0,114.0,65.0,12.60337838231567,gastruloid_nuclei,True,100,epoch_098 raw-quaternion compatibility replay plus released daughter-label centroids,all_groundtruth_centers,0.4523534356011231,0.5550290654528875,-0.6980824491436199,15.267176748902251,0.9605050173905243,,-0.29617443887954614,-0.47387910220727386,0.8292884288627292,
9.232281092829998,6.0,294.0,160.0,46.0,10.210521438761617,gastruloid_nuclei,True,101,epoch_098 raw-quaternion compatibility replay plus released daughter-label centroids,all_groundtruth_centers,-0.5661099432283122,0.8054101784557074,0.1755960609409636,18.046473241629478,1.4899544193760919,,-0.554700196225229,0.8320502943378436,0.0,
29.826892632913342,7.0,38.0,124.0,142.0,28.571249702004696,gastruloid_nuclei,True,102,epoch_098 raw-quaternion compatibility replay plus released daughter-label centroids,all_groundtruth_centers,0.3948545803585575,-0.4815160616774461,0.7824526456703366,45.394808573027305,1.2571018084820684,,0.2286647801900118,-0.05716619504750295,0.9718253158075502,
18.064864955390625,7.0,43.0,99.0,83.0,18.99903064626468,gastruloid_nuclei,True,103,epoch_098 raw-quaternion compatibility replay plus released daughter-label centroids,all_groundtruth_centers,0.30430752759685514,0.7884209172527522,0.5345927289874208,23.53950875027499,0.9343120790498234,,0.2821382463434393,0.5642764926868786,0.775880177444458,
12.660024211227869,7.0,67.0,69.0,99.0,11.061220700523982,gastruloid_nuclei,True,104,epoch_098 raw-quaternion compatibility replay plus released daughter-label centroids,all_groundtruth_centers,0.4657311170830288,0.6525110634860928,0.5977657054472449,13.717499081017722,1.6017038048851655,,-0.4036036763977875,-0.53813823519705,-0.7399400733959437,
,8.0,87.0,204.0,60.0,,gastruloid_nuclei,False,105,,all_groundtruth_centers,,,,,,production gather_groundtruth_info found no label pair within per-axis atol=3,,,,
5.85331942950293,7.0,94.0,213.0,131.0,2.889101545619837,gastruloid_nuclei,True,106,epoch_098 raw-quaternion compatibility replay plus released daughter-label centroids,all_groundtruth_centers,0.9371642978121962,-0.05022784746919745,-0.34525388085405234,6.888431707371588,2.967158272539181,,-0.939793423488437,0.0,0.3417430630867044,
9.798510758306682,7.0,115.0,71.0,96.0,8.395126238864616,gastruloid_nuclei,True,107,epoch_098 raw-quaternion compatibility replay plus released daughter-label centroids,all_groundtruth_centers,0.6652776311444544,0.5732322785737054,0.4783413303280631,12.891311283125544,1.4611882797153344,,0.6013168224022631,0.5261522196019802,0.6013168224022631,
9.934988199892295,7.0,115.0,245.0,66.0,9.023909019357385,gastruloid_nuclei,True,108,epoch_098 raw-quaternion compatibility replay plus released daughter-label centroids,all_groundtruth_centers,0.9781461675151957,-0.19799538674519696,-0.06346575299289019,18.49302565205759,1.2557123223767066,,-0.9984603532054125,0.05547001962252291,0.0,
7.869607644689058,7.0,141.0,201.0,109.0,8.76552325314041,gastruloid_nuclei,True,109,epoch_098 raw-quaternion compatibility replay plus released daughter-label centroids,all_groundtruth_centers,-0.509183772293473,0.7235274601009051,-0.46609001331601346,17.910659999408047,1.632230074328499,,0.6288281455225324,-0.6288281455225324,0.4573295603800236,
7.525909314225692,7.0,154.0,63.0,157.0,11.43973392744729,gastruloid_nuclei,True,110,epoch_098 raw-quaternion compatibility replay plus released daughter-label centroids,all_groundtruth_centers,0.87614683071307,-0.48144332056642725,0.02406366791275734,22.134210270862074,4.200660212778949,,0.8728715609439694,-0.4364357804719847,0.21821789023599236,
7.573591532048978,7.0,156.0,101.0,75.0,7.39649424685265,gastruloid_nuclei,True,111,epoch_098 raw-quaternion compatibility replay plus released daughter-label centroids,all_groundtruth_centers,0.7529320426513377,-0.653329469967118,0.07908187416449408,14.792911280258792,1.84788113120721,,0.6620847108818944,-0.7448452997421311,0.0827605888602368,
16.632548838141656,7.0,162.0,89.0,134.0,16.27921978016301,gastruloid_nuclei,True,112,epoch_098 raw-quaternion compatibility replay plus released daughter-label centroids,all_groundtruth_centers,0.2137576398152769,0.18102498653254526,0.9599675128208737,34.97367205088966,0.4573891568310823,,0.061898446059017294,-0.12379689211803459,-0.9903751369442767,
16.267115311109976,7.0,199.0,114.0,88.0,17.295186127082946,gastruloid_nuclei,True,113,epoch_098 raw-quaternion compatibility replay plus released daughter-label centroids,all_groundtruth_centers,0.5489280864098511,0.5383757927764627,-0.639397733576476,19.621795179365602,1.7278834569440749,,-0.4437601569801833,-0.3328201177351375,0.8320502943378437,
5.194065531917719,7.0,222.0,210.0,101.0,4.883596018464847,gastruloid_nuclei,True,114,epoch_098 raw-quaternion compatibility replay plus released daughter-label centroids,all_groundtruth_centers,0.7862731704381387,0.38895551096065384,-0.48009177449993273,6.730845596632592,1.3383353630455028,,-0.835169980780651,-0.3579299917631361,0.4175849903903255,
6.955164311997319,7.0,226.0,85.0,74.0,5.827618136158538,gastruloid_nuclei,True,115,epoch_098 raw-quaternion compatibility replay plus released daughter-label centroids,all_groundtruth_centers,-0.1629662310088711,0.9306480036129662,-0.32762219235266005,13.887596011143287,1.264018031337761,,0.10127393670836667,-0.9621023987294833,0.25318484177091666,
14.655457351405214,7.0,265.0,227.0,145.0,14.247249788984456,gastruloid_nuclei,True,116,epoch_098 raw-quaternion compatibility replay plus released daughter-label centroids,all_groundtruth_centers,0.9322754107466481,-0.17961499500375372,0.3140079809287815,178.12080256402805,0.9054788176448374,,0.9267030948228231,0.06178020632152154,0.37068123792912927,
24.49579159434691,7.0,285.0,191.0,114.0,22.14612573922437,gastruloid_nuclei,True,117,epoch_098 raw-quaternion compatibility replay plus released daughter-label centroids,all_groundtruth_centers,0.6747633244767115,0.4196052510091406,0.6071456903138588,32.662575604456045,2.479442418875099,,0.50709255283711,0.1690308509457033,0.8451542547285166,
11.813352042374534,7.0,326.0,182.0,102.0,13.710414963456106,gastruloid_nuclei,True,118,epoch_098 raw-quaternion compatibility replay plus released daughter-label centroids,all_groundtruth_centers,-0.2270667211469383,0.34424092148998703,0.9110098199905987,21.709331140926857,1.9008420303398115,,0.0,0.2873478855663454,0.9578262852211513,
8.723176168606672,8.0,81.0,84.0,98.0,5.472625553857522,gastruloid_nuclei,True,119,epoch_098 raw-quaternion compatibility replay plus released daughter-label centroids,all_groundtruth_centers,-0.003518598123561906,0.9954418773860653,-0.09530523707200318,9.391450970058195,5.998232618940206,,0.0,1.0,0.0,
25.671269368855484,8.0,131.0,249.0,124.0,22.458202434920278,gastruloid_nuclei,True,120,epoch_098 raw-quaternion compatibility replay plus released daughter-label centroids,all_groundtruth_centers,0.7381619111983242,-0.5588074834069964,0.3779565971700678,42.98809156310526,3.411061445841051,,-0.8320502943378436,0.554700196225229,0.0,
23.779914433095207,8.0,144.0,121.0,64.0,24.593215649406034,gastruloid_nuclei,True,121,epoch_098 raw-quaternion compatibility replay plus released daughter-label centroids,all_groundtruth_centers,0.5745073374155318,0.7231292041538087,-0.38343900865143554,31.54068689603757,1.9573170848981556,,-0.2721655269759087,-0.6804138174397717,0.6804138174397717,
2.9356899140253154,8.0,166.0,83.0,85.0,3.1868913122967135,gastruloid_nuclei,True,122,epoch_098 raw-quaternion compatibility replay plus released daughter-label centroids,all_groundtruth_centers,0.7721676078535872,-0.305279628800808,-0.5572804802080455,6.082269564403927,0.7176620130188345,,-0.7687061147858074,0.35478743759344955,0.5321811563901744,
5.279777268424817,8.0,190.0,169.0,44.0,5.004427859838508,gastruloid_nuclei,True,123,epoch_098 raw-quaternion compatibility replay plus released daughter-label centroids,all_groundtruth_centers,0.8311119950111022,-0.32814060129854233,-0.44897282493275303,10.374769061504809,0.2973006960416131,,-0.8732960061725275,0.31189143077590264,0.3742697169310832,
5.236644277828899,8.0,258.0,157.0,52.0,5.891482113643778,gastruloid_nuclei,True,124,epoch_098 raw-quaternion compatibility replay plus released daughter-label centroids,all_groundtruth_centers,0.26550898516052074,0.4808135592820901,-0.835657405884444,8.17399322890333,0.8669412141105407,,-0.3621429841700741,-0.45267873021259264,0.8148217143826667,
32.28886341199369,8.0,262.0,56.0,77.0,33.10924347781211,gastruloid_nuclei,True,125,epoch_098 raw-quaternion compatibility replay plus released daughter-label centroids,all_groundtruth_centers,0.7568896762123819,0.37815151650294654,0.5330285626583602,24.3701707596511,1.352968893327308,,0.9486832980505138,0.31622776601683794,0.0,
32.60155177387866,8.0,312.0,80.0,137.0,37.9349562740687,gastruloid_nuclei,True,126,epoch_098 raw-quaternion compatibility replay plus released daughter-label centroids,all_groundtruth_centers,0.6303064278289998,0.776320033457418,-0.006404115092601638,36.649290711707856,5.591093844130928,,-0.48189987357506,-0.6195855517393628,0.6195855517393628,
6.229431449339637,9.0,43.0,147.0,92.0,5.446636549595089,gastruloid_nuclei,True,127,epoch_098 raw-quaternion compatibility replay plus released daughter-label centroids,all_groundtruth_centers,0.28673596032866194,0.34545102454844767,-0.8935581003453708,12.948010359217921,1.9087466649271165,,-0.32478490123081544,-0.25982792098465235,0.9093977234462832,
15.855877537397546,9.0,69.0,135.0,124.0,11.083924762185415,gastruloid_nuclei,True,128,epoch_098 raw-quaternion compatibility replay plus released daughter-label centroids,all_groundtruth_centers,0.8578627718242563,0.5129364067692495,-0.031107994609988494,6.889237006944589,4.806845287550506,,0.8669214468630108,0.47286624374346037,0.15762208124782012,
14.90598533991177,9.0,116.0,118.0,59.0,13.381845785333224,gastruloid_nuclei,True,129,epoch_098 raw-quaternion compatibility replay plus released daughter-label centroids,all_groundtruth_centers,0.8878526483905684,-0.14279731311840282,-0.4374089643708945,28.04912406927465,1.8817203961290314,,-0.7572712299036657,0.20652851724645427,0.6195855517393628,
22.46359415455542,9.0,122.0,86.0,100.0,24.0639657500927,gastruloid_nuclei,True,130,epoch_098 raw-quaternion compatibility replay plus released daughter-label centroids,all_groundtruth_centers,0.43279851364299277,0.7813616710586654,0.44962138026213355,23.015364745155182,2.0352962017841,,0.543305367994433,0.4656903154237997,0.6985354731356995,
22.254326281027836,9.0,140.0,143.0,44.0,20.910812298985892,gastruloid_nuclei,True,131,epoch_098 raw-quaternion compatibility replay plus released daughter-label centroids,all_groundtruth_centers,0.6277527757503031,-0.48397623028692954,0.6096666802893551,38.51728596241714,2.2991475842454787,,0.7001400420140048,-0.14002800840280097,0.7001400420140048,
5.0242580594685675,9.0,172.0,164.0,116.0,5.687041002390356,gastruloid_nuclei,True,132,epoch_098 raw-quaternion compatibility replay plus released daughter-label centroids,all_groundtruth_centers,0.20973217015666698,0.48324873269702573,-0.8499900464994242,7.827600677807525,0.6656760393576379,,-0.12674485010489558,-0.44360697536713456,0.8872139507342691,
13.71405525898934,9.0,197.0,120.0,56.0,18.206034380471984,gastruloid_nuclei,True,133,epoch_098 raw-quaternion compatibility replay plus released daughter-label centroids,all_groundtruth_centers,-0.6114776871279333,0.7909648061461217,-0.021672876664191255,37.418728975699864,4.50078391211597,,0.5973509804399748,-0.7300956427599692,0.331861655799986,
11.872217943870153,9.0,205.0,184.0,135.0,13.10229671749818,gastruloid_nuclei,True,134,epoch_098 raw-quaternion compatibility replay plus released daughter-label centroids,all_groundtruth_centers,0.758175544580509,-0.42560229875536026,0.49399648469822305,24.56975950761058,1.28903179702025,,0.7602859212697055,-0.22808577638091165,0.6082287370157644,
10.927995667510087,9.0,229.0,104.0,152.0,9.774215037031736,gastruloid_nuclei,True,135,epoch_098 raw-quaternion compatibility replay plus released daughter-label centroids,all_groundtruth_centers,-0.0685921634616473,0.9922224150224559,-0.10387393435629608,13.791346792661418,1.5572902688960228,,0.0,-0.9662349396012463,0.25766265056033233,
14.82884935994824,9.0,239.0,221.0,45.0,15.404310362856698,gastruloid_nuclei,True,136,epoch_098 raw-quaternion compatibility replay plus released daughter-label centroids,all_groundtruth_centers,0.9748901153543623,-0.18012628054104357,0.13093428138882232,163.46572825775013,2.28321461201609,,0.9986178293325098,0.052558833122763673,0.0,
4.1765402319556575,9.0,241.0,232.0,74.0,2.40864357986851,gastruloid_nuclei,True,137,epoch_098 raw-quaternion compatibility replay plus released daughter-label centroids,all_groundtruth_centers,0.5167348038342989,0.666103592092358,0.5378579246492387,6.531318802724729,2.183799709433988,,0.5454545454545454,0.6363636363636364,0.5454545454545454,
9.103386711572652,9.0,243.0,49.0,116.0,6.396254378894689,gastruloid_nuclei,True,138,epoch_098 raw-quaternion compatibility replay plus released daughter-label centroids,all_groundtruth_centers,0.7040527819496593,0.30875449664589266,-0.6395157081963564,7.0579652028757325,2.907823170961248,,0.6467616667635546,0.40422604172722165,-0.6467616667635546,
13.798437045072905,9.0,250.0,115.0,62.0,13.025715305437672,gastruloid_nuclei,True,139,epoch_098 raw-quaternion compatibility replay plus released daughter-label centroids,all_groundtruth_centers,0.8981308003378764,0.2886515687734171,-0.3317247915503012,14.09699612726479,1.5633400824558357,,-0.7777777777777778,-0.4444444444444444,0.4444444444444444,
28.419016007908912,9.0,260.0,115.0,77.0,28.219601691779566,gastruloid_nuclei,True,140,epoch_098 raw-quaternion compatibility replay plus released daughter-label centroids,all_groundtruth_centers,-0.4415308465765466,0.8202996057569919,-0.3635368871467128,45.64687500283004,1.1873938006421025,,0.3450327796711771,-0.5520524474738834,0.7590721152765897,
10.580706651667805,9.0,264.0,72.0,132.0,9.864140689179655,gastruloid_nuclei,True,141,epoch_098 raw-quaternion compatibility replay plus released daughter-label centroids,all_groundtruth_centers,0.31055428372624344,0.629356028293198,-0.712367199209994,12.324909421709396,1.6531705997392165,,0.4195906791483446,0.5035088149780135,-0.7552632224670202,
42.17371586429091,9.0,297.0,188.0,85.0,43.7477176012429,gastruloid_nuclei,True,142,epoch_098 raw-quaternion compatibility replay plus released daughter-label centroids,all_groundtruth_centers,-0.6657254846112712,0.7134244923501641,0.21871230613296258,80.07110615614367,2.7384187356161642,,0.7223052915370086,-0.4886004082200742,0.489433046396352,
17.289324011681973,9.0,301.0,168.0,141.0,16.70280648143235,gastruloid_nuclei,True,143,epoch_098 raw-quaternion compatibility replay plus released daughter-label centroids,all_groundtruth_centers,-0.587810144801665,0.30179124879422714,-0.7506006100580165,31.808266472162313,0.6717724591265568,,0.47301616487964016,-0.06757373783994859,0.8784585919193317,
4.330993001361216,9.0,317.0,147.0,88.0,4.627742504528071,gastruloid_nuclei,True,144,epoch_098 raw-quaternion compatibility replay plus released daughter-label centroids,all_groundtruth_centers,0.06150581533116486,0.9499547736567259,-0.306272693342465,7.915233181362678,1.7408496375909874,,-0.05716619504750295,-0.9718253158075502,0.2286647801900118,
9.42325609626203,2.5,274.0,61.5,111.0,7.7470735145484335,gastruloid_nuclei,True,0,epoch_098 raw-quaternion compatibility replay plus released daughter-label centroids,matched_groundtruth_centers,0.7256147048654306,-0.2289617861270502,-0.6488912085831993,15.517825773664018,1.679872985934062,,-0.6288281455225324,0.2286647801900118,0.7431605356175384,
18.534745274110534,3.5,126.0,228.0,62.0,21.685441123260006,gastruloid_nuclei,True,1,epoch_098 raw-quaternion compatibility replay plus released daughter-label centroids,matched_groundtruth_centers,0.6507261859200141,0.4129529836923342,0.6372011175583341,13.645062230659931,3.157188269234,,0.878438127193422,0.18823674154144757,0.439219063596711,
11.872217943870153,9.0,205.0,184.0,135.0,13.10229671749818,gastruloid_nuclei,True,2,epoch_098 raw-quaternion compatibility replay plus released daughter-label centroids,matched_groundtruth_centers,0.758175544580509,-0.42560229875536026,0.49399648469822305,24.56975950761058,1.28903179702025,,0.7602859212697055,-0.22808577638091165,0.6082287370157644,
13.798437045072905,9.0,250.0,115.0,62.0,13.025715305437672,gastruloid_nuclei,True,3,epoch_098 raw-quaternion compatibility replay plus released daughter-label centroids,matched_groundtruth_centers,0.8981308003378764,0.2886515687734171,-0.3317247915503012,14.09699612726479,1.5633400824558357,,-0.7777777777777778,-0.4444444444444444,0.4444444444444444,
6.229431449339637,9.0,43.0,147.0,92.0,5.446636549595089,gastruloid_nuclei,True,4,epoch_098 raw-quaternion compatibility replay plus released daughter-label centroids,matched_groundtruth_centers,0.28673596032866194,0.34545102454844767,-0.8935581003453708,12.948010359217921,1.9087466649271165,,-0.32478490123081544,-0.25982792098465235,0.9093977234462832,
15.855877537397546,9.0,69.0,135.0,124.0,11.083924762185415,gastruloid_nuclei,True,5,epoch_098 raw-quaternion compatibility replay plus released daughter-label centroids,matched_groundtruth_centers,0.8578627718242563,0.5129364067692495,-0.031107994609988494,6.889237006944589,4.806845287550506,,0.8669214468630108,0.47286624374346037,0.15762208124782012,
10.927995667510087,9.0,229.0,104.0,152.0,9.774215037031736,gastruloid_nuclei,True,6,epoch_098 raw-quaternion compatibility replay plus released daughter-label centroids,matched_groundtruth_centers,-0.0685921634616473,0.9922224150224559,-0.10387393435629608,13.791346792661418,1.5572902688960228,,0.0,-0.9662349396012463,0.25766265056033233,
4.1765402319556575,9.0,241.0,232.0,74.0,2.40864357986851,gastruloid_nuclei,True,7,epoch_098 raw-quaternion compatibility replay plus released daughter-label centroids,matched_groundtruth_centers,0.5167348038342989,0.666103592092358,0.5378579246492387,6.531318802724729,2.183799709433988,,0.5454545454545454,0.6363636363636364,0.5454545454545454,
9.103386711572652,9.0,243.0,49.0,116.0,6.396254378894689,gastruloid_nuclei,True,8,epoch_098 raw-quaternion compatibility replay plus released daughter-label centroids,matched_groundtruth_centers,0.7040527819496593,0.30875449664589266,-0.6395157081963564,7.0579652028757325,2.907823170961248,,0.6467616667635546,0.40422604172722165,-0.6467616667635546,
45.48618050687985,7.5,87.0,203.5,59.5,45.25933110438484,gastruloid_nuclei,True,9,epoch_098 raw-quaternion compatibility replay plus released daughter-label centroids,matched_groundtruth_centers,0.21433753728045635,0.5987234358963219,-0.7717445609922053,175.23037131879062,1.8009137842901684,,-0.44360697536713456,0.12674485010489558,0.8872139507342691,
5.0242580594685675,9.0,172.0,164.0,116.0,5.687041002390356,gastruloid_nuclei,True,10,epoch_098 raw-quaternion compatibility replay plus released daughter-label centroids,matched_groundtruth_centers,0.20973217015666698,0.48324873269702573,-0.8499900464994242,7.827600677807525,0.6656760393576379,,-0.12674485010489558,-0.44360697536713456,0.8872139507342691,
10.580706651667805,9.0,264.0,72.0,132.0,9.864140689179655,gastruloid_nuclei,True,11,epoch_098 raw-quaternion compatibility replay plus released daughter-label centroids,matched_groundtruth_centers,0.31055428372624344,0.629356028293198,-0.712367199209994,12.324909421709396,1.6531705997392165,,0.4195906791483446,0.5035088149780135,-0.7552632224670202,
4.330993001361216,9.0,317.0,147.0,88.0,4.627742504528071,gastruloid_nuclei,True,12,epoch_098 raw-quaternion compatibility replay plus released daughter-label centroids,matched_groundtruth_centers,0.06150581533116486,0.9499547736567259,-0.306272693342465,7.915233181362678,1.7408496375909874,,-0.05716619504750295,-0.9718253158075502,0.2286647801900118,
14.90598533991177,9.0,116.0,118.0,59.0,13.381845785333224,gastruloid_nuclei,True,13,epoch_098 raw-quaternion compatibility replay plus released daughter-label centroids,matched_groundtruth_centers,0.8878526483905684,-0.14279731311840282,-0.4374089643708945,28.04912406927465,1.8817203961290314,,-0.7572712299036657,0.20652851724645427,0.6195855517393628,
17.289324011681973,9.0,301.0,168.0,141.0,16.70280648143235,gastruloid_nuclei,True,14,epoch_098 raw-quaternion compatibility replay plus released daughter-label centroids,matched_groundtruth_centers,-0.587810144801665,0.30179124879422714,-0.7506006100580165,31.808266472162313,0.6717724591265568,,0.47301616487964016,-0.06757373783994859,0.8784585919193317,
4.998828701782351,4.0,69.0,92.0,82.0,5.06874288433607,gastruloid_nuclei,True,15,epoch_098 raw-quaternion compatibility replay plus released daughter-label centroids,matched_groundtruth_centers,0.9197397297176623,-0.38287400676154654,-0.08652354896350864,15.342859739102481,0.10747520686992688,,-0.9161573349021892,0.4008188340197078,0.0,
58.4317368916867,3.5,227.0,215.5,61.5,59.16220173665248,gastruloid_nuclei,True,16,epoch_098 raw-quaternion compatibility replay plus released daughter-label centroids,matched_groundtruth_centers,0.7544054548353769,0.5959654095097527,0.275132041722699,75.11148736869366,1.5992616818242764,,0.0,0.4472135954999579,0.8944271909999159,
6.903731954957856,2.0,97.0,132.0,85.0,7.986610022706805,gastruloid_nuclei,True,17,epoch_098 raw-quaternion compatibility replay plus released daughter-label centroids,matched_groundtruth_centers,0.4447421757584589,-0.21762786245765128,0.8688167301472421,22.582894447059118,1.295409955752599,,0.5494422557947561,-0.13736056394868904,0.8241633836921342,
14.176125974526292,2.0,305.0,99.0,52.0,15.260778394725916,gastruloid_nuclei,True,18,epoch_098 raw-quaternion compatibility replay plus released daughter-label centroids,matched_groundtruth_centers,0.2430810552619461,0.4447184063288056,-0.8620540236232913,21.742757959150264,1.514891647752359,,-0.056077215409204434,-0.6168493695012488,0.785081015728862,
7.950720496681237,3.0,272.0,209.0,61.0,8.531270590742675,gastruloid_nuclei,True,19,epoch_098 raw-quaternion compatibility replay plus released daughter-label centroids,matched_groundtruth_centers,0.4917491197009888,-0.41075589005252133,0.7677645485827432,17.2579018904647,0.680764359239149,,0.6109598099719177,-0.4073065399812784,0.6788442333021307,
17.09827472234772,3.0,84.0,234.0,103.0,16.101256536299594,gastruloid_nuclei,True,20,epoch_098 raw-quaternion compatibility replay plus released daughter-label centroids,matched_groundtruth_centers,0.08988985165984993,0.5652818042795728,-0.8199855464085943,21.69958500398564,2.0667135188142773,,-0.07881104062391006,-0.31524416249564025,0.9457324874869207,
5.633779564858494,3.0,319.0,120.0,53.0,1.2642159581244687,gastruloid_nuclei,True,21,epoch_098 raw-quaternion compatibility replay plus released daughter-label centroids,matched_groundtruth_centers,-0.4635415291719916,0.8858798736490077,0.018603768341646502,10.894749701827571,4.770682412681562,,-0.47409982303501746,0.8804710999221753,0.0,
17.971662821239793,2.0,50.0,117.0,113.0,15.800252038268221,gastruloid_nuclei,True,22,epoch_098 raw-quaternion compatibility replay plus released daughter-label centroids,matched_groundtruth_centers,0.6591990964528311,-0.35466490196183637,0.6630756808631817,28.697898576923468,2.1974756681777223,,0.6556100681071858,-0.0936585811581694,0.7492686492653552,
12.877914660882677,6.0,227.0,184.0,148.0,11.93924495099899,gastruloid_nuclei,True,23,epoch_098 raw-quaternion compatibility replay plus released daughter-label centroids,matched_groundtruth_centers,0.9776995997845304,-0.05764527017759546,-0.2019418614535411,163.70196446979875,3.0932503038609025,,-0.9309493362512627,-0.0716114874039433,0.35805743701971643,
22.254326281027836,9.0,140.0,143.0,44.0,20.910812298985892,gastruloid_nuclei,True,24,epoch_098 raw-quaternion compatibility replay plus released daughter-label centroids,matched_groundtruth_centers,0.6277527757503031,-0.48397623028692954,0.6096666802893551,38.51728596241714,2.2991475842454787,,0.7001400420140048,-0.14002800840280097,0.7001400420140048,
32.60155177387866,8.0,312.0,80.0,137.0,37.9349562740687,gastruloid_nuclei,True,25,epoch_098 raw-quaternion compatibility replay plus released daughter-label centroids,matched_groundtruth_centers,0.6303064278289998,0.776320033457418,-0.006404115092601638,36.649290711707856,5.591093844130928,,-0.48189987357506,-0.6195855517393628,0.6195855517393628,
2.4762848936865103,6.0,211.0,98.0,57.0,5.180454605595277,gastruloid_nuclei,True,26,epoch_098 raw-quaternion compatibility replay plus released daughter-label centroids,matched_groundtruth_centers,-0.062117573243725625,0.8376168263803607,-0.5427148968462197,10.60718344551083,2.7061869191763033,,0.15161960871578067,-0.8339078479367937,0.5306686305052324,
35.05967557079784,2.0,167.0,146.0,136.0,35.14318442775254,gastruloid_nuclei,True,27,epoch_098 raw-quaternion compatibility replay plus released daughter-label centroids,matched_groundtruth_centers,0.9090001218756872,-0.11449614068023667,0.40076104126937934,69.48237130574819,0.1447037196930493,,0.5240974256643347,0.0,0.851658316704544,
32.28886341199369,8.0,262.0,56.0,77.0,33.10924347781211,gastruloid_nuclei,True,28,epoch_098 raw-quaternion compatibility replay plus released daughter-label centroids,matched_groundtruth_centers,0.7568896762123819,0.37815151650294654,0.5330285626583602,24.3701707596511,1.352968893327308,,0.9486832980505138,0.31622776601683794,0.0,
14.655457351405214,7.0,265.0,227.0,145.0,14.247249788984456,gastruloid_nuclei,True,29,epoch_098 raw-quaternion compatibility replay plus released daughter-label centroids,matched_groundtruth_centers,0.9322754107466481,-0.17961499500375372,0.3140079809287815,178.12080256402805,0.9054788176448374,,0.9267030948228231,0.06178020632152154,0.37068123792912927,
3.084935419580569,4.0,277.0,108.0,85.0,4.010985261342393,gastruloid_nuclei,True,30,epoch_098 raw-quaternion compatibility replay plus released daughter-label centroids,matched_groundtruth_centers,0.4873986815727141,-0.4730646602064758,0.7339293920159566,7.525647909743619,2.059444626281115,,0.47639306734033093,-0.41684393392278957,0.7741387344280378,
12.25934877135725,5.0,84.0,165.0,93.0,11.280697736855863,gastruloid_nuclei,True,31,epoch_098 raw-quaternion compatibility replay plus released daughter-label centroids,matched_groundtruth_centers,0.5666077509250523,0.6433030755875023,-0.5148949499959329,13.139843197126748,0.9833928870123393,,-0.441054277135977,-0.6064496310619684,0.6615814157039656,
13.71405525898934,9.0,197.0,120.0,56.0,18.206034380471984,gastruloid_nuclei,True,32,epoch_098 raw-quaternion compatibility replay plus released daughter-label centroids,matched_groundtruth_centers,-0.6114776871279333,0.7909648061461217,-0.021672876664191255,37.418728975699864,4.50078391211597,,0.5973509804399748,-0.7300956427599692,0.331861655799986,
25.67789203661932,2.0,139.0,249.0,101.0,26.527879823025046,gastruloid_nuclei,True,33,epoch_098 raw-quaternion compatibility replay plus released daughter-label centroids,matched_groundtruth_centers,0.3166678127971476,-0.4032268222349969,0.8585625348036896,40.4452260120826,0.875153673318076,,0.1414213562373095,0.0,0.9899494936611665,
2.9356899140253154,8.0,166.0,83.0,85.0,3.1868913122967135,gastruloid_nuclei,True,34,epoch_098 raw-quaternion compatibility replay plus released daughter-label centroids,matched_groundtruth_centers,0.7721676078535872,-0.305279628800808,-0.5572804802080455,6.082269564403927,0.7176620130188345,,-0.7687061147858074,0.35478743759344955,0.5321811563901744,
,4.5,281.0,84.0,118.0,,gastruloid_nuclei,False,35,,matched_groundtruth_centers,,,,,,production gather_groundtruth_info found no label pair within per-axis atol=3,,,,
5.236644277828899,8.0,258.0,157.0,52.0,5.891482113643778,gastruloid_nuclei,True,36,epoch_098 raw-quaternion compatibility replay plus released daughter-label centroids,matched_groundtruth_centers,0.26550898516052074,0.4808135592820901,-0.835657405884444,8.17399322890333,0.8669412141105407,,-0.3621429841700741,-0.45267873021259264,0.8148217143826667,
5.194065531917719,7.0,222.0,210.0,101.0,4.883596018464847,gastruloid_nuclei,True,37,epoch_098 raw-quaternion compatibility replay plus released daughter-label centroids,matched_groundtruth_centers,0.7862731704381387,0.38895551096065384,-0.48009177449993273,6.730845596632592,1.3383353630455028,,-0.835169980780651,-0.3579299917631361,0.4175849903903255,
4.146253884165255,3.0,261.0,134.0,33.0,4.329090867711192,gastruloid_nuclei,True,38,epoch_098 raw-quaternion compatibility replay plus released daughter-label centroids,matched_groundtruth_centers,0.8885131291976321,0.4137578716368455,-0.19836542768834425,6.182084472273153,0.1841383979711979,,-0.9113223768657671,-0.39056673294247163,0.13018891098082389,
14.80393813023208,3.0,271.0,90.0,72.0,13.271288328011872,gastruloid_nuclei,True,39,epoch_098 raw-quaternion compatibility replay plus released daughter-label centroids,matched_groundtruth_centers,0.5806066897038573,0.27326937045676886,-0.7669548376803487,14.81346639995952,2.740290839685657,,-0.5229763603684907,-0.06537204504606134,0.8498365855987974,
25.671269368855484,8.0,131.0,249.0,124.0,22.458202434920278,gastruloid_nuclei,True,40,epoch_098 raw-quaternion compatibility replay plus released daughter-label centroids,matched_groundtruth_centers,0.7381619111983242,-0.5588074834069964,0.3779565971700678,42.98809156310526,3.411061445841051,,-0.8320502943378436,0.554700196225229,0.0,
9.934988199892295,7.0,115.0,245.0,66.0,9.023909019357385,gastruloid_nuclei,True,41,epoch_098 raw-quaternion compatibility replay plus released daughter-label centroids,matched_groundtruth_centers,0.9781461675151957,-0.19799538674519696,-0.06346575299289019,18.49302565205759,1.2557123223767066,,-0.9984603532054125,0.05547001962252291,0.0,
6.955164311997319,7.0,226.0,85.0,74.0,5.827618136158538,gastruloid_nuclei,True,42,epoch_098 raw-quaternion compatibility replay plus released daughter-label centroids,matched_groundtruth_centers,-0.1629662310088711,0.9306480036129662,-0.32762219235266005,13.887596011143287,1.264018031337761,,0.10127393670836667,-0.9621023987294833,0.25318484177091666,
10.631760884634502,6.0,221.0,139.0,137.0,11.02722162007339,gastruloid_nuclei,True,43,epoch_098 raw-quaternion compatibility replay plus released daughter-label centroids,matched_groundtruth_centers,-0.3592280500017106,0.6838259606313226,-0.6350883904297236,23.23469631602717,0.708191953158751,,0.5178918038835925,-0.575435337648436,0.6329788714132796,
8.784538537987007,6.0,190.0,148.0,97.0,8.332483141036061,gastruloid_nuclei,True,44,epoch_098 raw-quaternion compatibility replay plus released daughter-label centroids,matched_groundtruth_centers,0.9965590443344201,-0.0046785002266865735,-0.08275374789637105,17.792240040678614,9.264146124448342,,-0.9922778767136677,0.12403473458920847,0.0,
11.813352042374534,7.0,326.0,182.0,102.0,13.710414963456106,gastruloid_nuclei,True,45,epoch_098 raw-quaternion compatibility replay plus released daughter-label centroids,matched_groundtruth_centers,-0.2270667211469383,0.34424092148998703,0.9110098199905987,21.709331140926857,1.9008420303398115,,0.0,0.2873478855663454,0.9578262852211513,
10.677791192604662,5.0,309.0,81.0,109.0,12.155535280406836,gastruloid_nuclei,True,46,epoch_098 raw-quaternion compatibility replay plus released daughter-label centroids,matched_groundtruth_centers,0.5232208122746713,0.8515978327420735,0.03195485677696969,9.986686350819472,2.927396567871231,,-0.6666666666666666,-0.7333333333333333,-0.13333333333333333,
15.171826585750239,2.0,284.0,67.0,136.0,12.980799636765905,gastruloid_nuclei,True,47,epoch_098 raw-quaternion compatibility replay plus released daughter-label centroids,matched_groundtruth_centers,0.6766323248798607,0.5024100658966717,0.5382869333481693,15.93649545866248,2.810549372967034,,0.595879571531124,0.6810052246069989,0.4256282653793743,
22.751528050944284,2.0,44.0,200.0,118.0,21.492241719956315,gastruloid_nuclei,True,48,epoch_098 raw-quaternion compatibility replay plus released daughter-label centroids,matched_groundtruth_centers,0.8519205080243639,0.4342442018638296,0.29268314122127925,15.269336961031588,1.7274078122938539,,0.9805224792651179,0.10894694214056866,0.163420413210853,
8.279649366806945,6.0,211.0,65.0,88.0,7.404464609983722,gastruloid_nuclei,True,49,epoch_098 raw-quaternion compatibility replay plus released daughter-label centroids,matched_groundtruth_centers,0.9346864876855824,0.34804870706854507,-0.07227217476943366,3.3944929095338883,1.6861829119599445,,0.8944271909999159,0.4472135954999579,0.0,
17.501983628491722,2.0,79.0,141.0,43.0,18.404747247086412,gastruloid_nuclei,True,50,epoch_098 raw-quaternion compatibility replay plus released daughter-label centroids,matched_groundtruth_centers,-0.1740186195578236,0.981697259585961,-0.07738223677694821,28.309560731491302,1.1652166615379562,,0.19324698792024925,-0.9018192769611632,0.3864939758404985,
9.640489180896195,2.0,114.0,150.0,57.0,9.072350618140906,gastruloid_nuclei,True,51,epoch_098 raw-quaternion compatibility replay plus released daughter-label centroids,matched_groundtruth_centers,0.8915797521188636,-0.44700569840966786,-0.07260476018106977,17.487584497484363,0.733901101810489,,-0.8221921916437787,0.5692099788303083,0.0,
,4.0,99.0,188.5,49.0,,gastruloid_nuclei,False,52,,matched_groundtruth_centers,,,,,,production gather_groundtruth_info found no label pair within per-axis atol=3,,,,
15.443402369636983,5.0,303.0,108.0,94.0,16.426726320185576,gastruloid_nuclei,True,53,epoch_098 raw-quaternion compatibility replay plus released daughter-label centroids,matched_groundtruth_centers,-0.3267019675801046,0.942139671280381,0.0750910392722318,32.28525343305374,2.1475556394473445,,-0.5734623443633283,0.8192319205190405,0.0,
10.022562657375202,3.0,304.0,219.0,112.0,10.363062218840685,gastruloid_nuclei,True,54,epoch_098 raw-quaternion compatibility replay plus released daughter-label centroids,matched_groundtruth_centers,0.13597448424431824,0.4022478599179186,-0.9053770478789189,23.02754908277372,1.139249800504474,,-0.08058229640253803,-0.24174688920761409,0.9669875568304563,
8.902623785331333,4.0,275.0,160.0,121.0,9.050356214184701,gastruloid_nuclei,True,55,epoch_098 raw-quaternion compatibility replay plus released daughter-label centroids,matched_groundtruth_centers,-0.2911827768058313,0.6762705445559093,-0.6766614670998338,15.255976519947636,0.3944748750014821,,0.3522082237986393,-0.5534700659692904,0.7547319081399414,
13.533419353185794,2.0,208.0,96.0,43.0,13.95158315958645,gastruloid_nuclei,True,56,epoch_098 raw-quaternion compatibility replay plus released daughter-label centroids,matched_groundtruth_centers,-0.6154825648048715,0.7678922547931005,-0.17754632479999427,31.00386319555852,0.5332012778557255,,0.7867957924694432,-0.6052275326688025,0.12104550653376049,
19.00714364381828,2.0,165.0,128.0,76.0,18.554014599632506,gastruloid_nuclei,True,57,epoch_098 raw-quaternion compatibility replay plus released daughter-label centroids,matched_groundtruth_centers,0.7745368419354172,0.36580494093033905,0.5160226987988625,21.369988331449015,0.75744857952848,,0.6553855364152325,0.1638463841038081,0.7373087284671365,
5.279777268424817,8.0,190.0,169.0,44.0,5.004427859838508,gastruloid_nuclei,True,58,epoch_098 raw-quaternion compatibility replay plus released daughter-label centroids,matched_groundtruth_centers,0.8311119950111022,-0.32814060129854233,-0.44897282493275303,10.374769061504809,0.2973006960416131,,-0.8732960061725275,0.31189143077590264,0.3742697169310832,
23.58180883566211,4.0,81.0,174.0,115.0,22.67461446611912,gastruloid_nuclei,True,59,epoch_098 raw-quaternion compatibility replay plus released daughter-label centroids,matched_groundtruth_centers,0.8500451955062205,-0.14514033245832195,-0.5063175382017485,50.64339957063603,2.5001758766403954,,-0.5986710947139654,0.06651901052377393,0.7982281262852872,
10.539480735107816,4.0,141.0,129.0,35.0,8.974845758712366,gastruloid_nuclei,True,60,epoch_098 raw-quaternion compatibility replay plus released daughter-label centroids,matched_groundtruth_centers,0.8740255195682469,-0.48079408142820945,-0.0701173474046209,19.960982540735834,1.5916097808800742,,0.905752918579103,-0.4180398085749706,0.06967330142916177,
10.393127836548388,2.0,184.0,95.0,64.0,8.949322335637442,gastruloid_nuclei,True,61,epoch_098 raw-quaternion compatibility replay plus released daughter-label centroids,matched_groundtruth_centers,0.4382715569210905,0.4400046802936011,-0.7837818087412396,11.060418616408455,1.5592328306180705,,-0.3928371006591931,-0.31426968052735443,0.8642416214502248,
,4.0,26.0,179.5,104.5,,gastruloid_nuclei,False,62,,matched_groundtruth_centers,,,,,,production gather_groundtruth_info found no label pair within per-axis atol=3,,,,
18.385979898930398,4.0,248.0,84.0,92.0,18.134379104020216,gastruloid_nuclei,True,63,epoch_098 raw-quaternion compatibility replay plus released daughter-label centroids,matched_groundtruth_centers,0.8210746952435041,0.36651475442651615,0.4376108769425842,8.721895515778785,0.340904768955282,,0.8808303292720552,0.058722021951470346,0.46977617561176277,
14.82884935994824,9.0,239.0,221.0,45.0,15.404310362856698,gastruloid_nuclei,True,64,epoch_098 raw-quaternion compatibility replay plus released daughter-label centroids,matched_groundtruth_centers,0.9748901153543623,-0.18012628054104357,0.13093428138882232,163.46572825775013,2.28321461201609,,0.9986178293325098,0.052558833122763673,0.0,
5.85331942950293,7.0,94.0,213.0,131.0,2.889101545619837,gastruloid_nuclei,True,65,epoch_098 raw-quaternion compatibility replay plus released daughter-label centroids,matched_groundtruth_centers,0.9371642978121962,-0.05022784746919745,-0.34525388085405234,6.888431707371588,2.967158272539181,,-0.939793423488437,0.0,0.3417430630867044,
15.250369004391965,2.0,279.0,217.0,92.0,13.886549805547741,gastruloid_nuclei,True,66,epoch_098 raw-quaternion compatibility replay plus released daughter-label centroids,matched_groundtruth_centers,0.7127510964955948,0.6340363981757277,-0.29997286582735666,11.214013932276139,2.1316720786164747,,-0.7624928516630234,-0.457495710997814,0.457495710997814,
15.523042625862798,2.0,192.0,212.0,88.0,15.976172195790317,gastruloid_nuclei,True,67,epoch_098 raw-quaternion compatibility replay plus released daughter-label centroids,matched_groundtruth_centers,0.7838104456415853,0.590812742887008,-0.19126287707098263,13.61203419413872,0.5687026844802465,,-0.8869685939836239,-0.35478743759344955,0.2956561979945413,
12.32922657327512,2.0,283.0,188.0,78.0,13.61477431425332,gastruloid_nuclei,True,68,epoch_098 raw-quaternion compatibility replay plus released daughter-label centroids,matched_groundtruth_centers,-0.4724837341707785,0.31374103376087276,0.8236052966553189,24.49362470690858,1.5434280347175975,,-0.26490647141300877,0.26490647141300877,0.9271726499455306,
10.904307762488985,2.0,26.0,154.0,65.0,12.48876281317635,gastruloid_nuclei,True,69,epoch_098 raw-quaternion compatibility replay plus released daughter-label centroids,matched_groundtruth_centers,0.8654265590949073,0.21112681930523633,-0.45438126830141545,17.713184453382194,1.5967650802842166,,-0.7766705596177466,-0.10355607461569954,0.6213364476941973,
59.12925485227614,2.0,141.0,215.0,57.0,57.84545632693835,gastruloid_nuclei,True,70,epoch_098 raw-quaternion compatibility replay plus released daughter-label centroids,matched_groundtruth_centers,0.6515525187473297,-0.711243025961827,0.26384213714771665,11.759294120265626,1.289297507720413,,-0.9718253158075502,-0.05716619504750295,0.2286647801900118,
17.78491570167813,5.0,40.0,126.0,86.0,18.34851815926204,gastruloid_nuclei,True,71,epoch_098 raw-quaternion compatibility replay plus released daughter-label centroids,matched_groundtruth_centers,0.8468672287588079,-0.15051229901958518,-0.5100607264808924,39.360821507915624,0.5642613135958814,,-0.6469966392206304,0.10783277320343841,0.7548294124240689,
1.7413011915411654,3.0,180.0,157.0,64.0,2.8672217091767735,gastruloid_nuclei,True,72,epoch_098 raw-quaternion compatibility replay plus released daughter-label centroids,matched_groundtruth_centers,0.12487345125881633,0.9206140779095879,-0.36996802662580347,7.16267695019096,1.1800541565325484,,-0.07669649888473704,-0.9203579866168444,0.3834824944236852,
16.526359684705795,2.0,248.0,216.0,69.0,14.368803311948218,gastruloid_nuclei,True,73,epoch_098 raw-quaternion compatibility replay plus released daughter-label centroids,matched_groundtruth_centers,0.7046751541995059,-0.21750739853235704,-0.67536912769062,30.047267151675843,2.258115717054299,,-0.51425947722658,0.19284730395996752,0.8356716504931926,
34.79296881104421,4.0,138.0,195.0,40.0,36.06199583825214,gastruloid_nuclei,True,74,epoch_098 raw-quaternion compatibility replay plus released daughter-label centroids,matched_groundtruth_centers,0.7178688778098568,0.634741515072905,-0.28595014130958196,25.058979914201142,1.2756736294338238,,0.7300956427599692,0.5973509804399748,0.331861655799986,
78.60171276952299,3.5,100.5,184.5,108.5,72.86567269180225,gastruloid_nuclei,True,75,epoch_098 raw-quaternion compatibility replay plus released daughter-label centroids,matched_groundtruth_centers,0.018631407841391303,0.7293913294984037,-0.6838429345210777,83.46120314986247,5.757944703043333,,0.8411910241920598,0.07647191129018725,0.5353033790313108,
1.918590979038492,4.0,306.0,174.0,79.0,2.042238328416394,gastruloid_nuclei,True,76,epoch_098 raw-quaternion compatibility replay plus released daughter-label centroids,matched_groundtruth_centers,0.45367942438803494,0.5175543283591943,-0.7254739809831947,2.200515191441259,0.1474018098227008,,-0.4216370213557839,-0.5270462766947299,0.7378647873726218,
7.573591532048978,7.0,156.0,101.0,75.0,7.39649424685265,gastruloid_nuclei,True,77,epoch_098 raw-quaternion compatibility replay plus released daughter-label centroids,matched_groundtruth_centers,0.7529320426513377,-0.653329469967118,0.07908187416449408,14.792911280258792,1.84788113120721,,0.6620847108818944,-0.7448452997421311,0.0827605888602368,
7.869607644689058,7.0,141.0,201.0,109.0,8.76552325314041,gastruloid_nuclei,True,78,epoch_098 raw-quaternion compatibility replay plus released daughter-label centroids,matched_groundtruth_centers,-0.509183772293473,0.7235274601009051,-0.46609001331601346,17.910659999408047,1.632230074328499,,0.6288281455225324,-0.6288281455225324,0.4573295603800236,
3.5766771916902815,3.0,99.0,163.0,140.0,2.9402613974240785,gastruloid_nuclei,True,79,epoch_098 raw-quaternion compatibility replay plus released daughter-label centroids,matched_groundtruth_centers,0.49093729083642096,0.23591538684461313,0.8386444459460468,6.50146301936815,1.1431090759717015,,0.4646063181199804,0.1991169934799916,0.8628403050799636,
9.26037749542184,5.0,273.0,76.0,85.0,9.123695620156115,gastruloid_nuclei,True,80,epoch_098 raw-quaternion compatibility replay plus released daughter-label centroids,matched_groundtruth_centers,0.881760451065622,-0.420827411611762,0.213079319908563,17.757410693235627,1.6660984418630183,,0.8329267300725657,-0.41646336503628284,0.3644054444067475,
55.00616137927529,3.5,166.5,219.0,129.0,54.58639595689585,gastruloid_nuclei,True,81,epoch_098 raw-quaternion compatibility replay plus released daughter-label centroids,matched_groundtruth_centers,-0.14792040366356324,0.8475100948456229,-0.5097511091844448,77.10049700841796,1.1415140813553057,,-0.10101525445522107,0.9091372900969896,0.40406101782088427,
6.312269565319907,4.0,322.0,88.0,78.0,6.323010934129352,gastruloid_nuclei,True,82,epoch_098 raw-quaternion compatibility replay plus released daughter-label centroids,matched_groundtruth_centers,0.7709005613903313,0.5941989075578774,-0.22943404870484474,7.456060606939864,0.019196601525879434,,-0.7300956427599692,-0.5973509804399748,0.331861655799986,
16.244998446193538,2.0,128.0,191.0,58.0,15.724371722367712,gastruloid_nuclei,True,83,epoch_098 raw-quaternion compatibility replay plus released daughter-label centroids,matched_groundtruth_centers,0.9394870068196836,-0.09948338402377642,0.32782193386070074,32.04018790703846,1.5412838378422282,,0.816496580927726,-0.08164965809277261,0.5715476066494082,
23.779914433095207,8.0,144.0,121.0,64.0,24.593215649406034,gastruloid_nuclei,True,84,epoch_098 raw-quaternion compatibility replay plus released daughter-label centroids,matched_groundtruth_centers,0.5745073374155318,0.7231292041538087,-0.38343900865143554,31.54068689603757,1.9573170848981556,,-0.2721655269759087,-0.6804138174397717,0.6804138174397717,
17.109933532949928,4.0,307.0,221.0,87.0,17.757216380556027,gastruloid_nuclei,True,85,epoch_098 raw-quaternion compatibility replay plus released daughter-label centroids,matched_groundtruth_centers,0.2588239395826723,0.3341259899840042,0.9062946491710707,34.34596220198647,0.7522772782199089,,0.4180398085749706,0.06967330142916177,0.905752918579103,
5.076973821730412,2.0,320.0,188.0,55.0,5.081182756978045,gastruloid_nuclei,True,86,epoch_098 raw-quaternion compatibility replay plus released daughter-label centroids,matched_groundtruth_centers,-0.4513377510340376,0.8750666904145835,0.17479279681498502,11.977381094363556,1.1432381356837087,,-0.5111656508223583,0.8519427513705972,0.11359236684941296,
13.236651049520104,4.5,154.0,172.5,93.0,13.224506664909129,gastruloid_nuclei,True,87,epoch_098 raw-quaternion compatibility replay plus released daughter-label centroids,matched_groundtruth_centers,0.7323346597772252,-0.3405868273149265,0.5896495222999236,26.170556728331842,0.6428584089809435,,0.5832118435198043,-0.29160592175990213,0.7581753965757455,
7.959440962980837,3.0,150.0,171.0,42.0,7.00787407778262,gastruloid_nuclei,True,88,epoch_098 raw-quaternion compatibility replay plus released daughter-label centroids,matched_groundtruth_centers,0.9398218789291725,0.32332813732710153,-0.1104253209124929,6.497301060861285,1.544484243032668,,-0.9116846116771036,-0.3418817293789138,0.2279211529192759,
12.676678649580651,4.0,111.0,221.0,55.0,13.67200243551789,gastruloid_nuclei,True,89,epoch_098 raw-quaternion compatibility replay plus released daughter-label centroids,matched_groundtruth_centers,0.15481166739642377,0.9314956383368567,-0.32916443215716806,24.139355711154508,1.4211081131043073,,0.07669649888473704,-0.9203579866168444,0.3834824944236852,
19.835264712627552,5.0,255.0,178.0,66.0,19.36994006133075,gastruloid_nuclei,True,90,epoch_098 raw-quaternion compatibility replay plus released daughter-label centroids,matched_groundtruth_centers,0.9134424305750084,0.3592895325514119,0.1911385827723143,12.007798702372257,1.9015609254278112,,-0.9670962107805762,-0.2275520495954297,0.11377602479771486,
5.024548933813679,3.0,216.0,227.0,106.0,2.103341624332711,gastruloid_nuclei,True,91,epoch_098 raw-quaternion compatibility replay plus released daughter-label centroids,matched_groundtruth_centers,-0.09524276012562283,0.9948934841039727,0.03340317247076165,4.160189730849669,2.9455710712775547,,-0.11043152607484653,0.9938837346736188,0.0,
20.55634198332296,3.0,170.0,68.0,82.0,20.384917714635073,gastruloid_nuclei,True,92,epoch_098 raw-quaternion compatibility replay plus released daughter-label centroids,matched_groundtruth_centers,0.49374123453147556,0.4911221428021495,-0.717647987646283,17.757682052867064,0.32226116439928526,,-0.6645343026631947,-0.1812366279990531,0.7249465119962124,
8.723176168606672,8.0,81.0,84.0,98.0,5.472625553857522,gastruloid_nuclei,True,93,epoch_098 raw-quaternion compatibility replay plus released daughter-label centroids,matched_groundtruth_centers,-0.003518598123561906,0.9954418773860653,-0.09530523707200318,9.391450970058195,5.998232618940206,,0.0,1.0,0.0,
78.93693606019438,5.0,197.0,132.0,38.0,83.29144745883688,gastruloid_nuclei,True,94,epoch_098 raw-quaternion compatibility replay plus released daughter-label centroids,matched_groundtruth_centers,0.002377357132709795,0.8876570228289388,0.46049903148163973,126.78363874044165,5.715289126701433,,0.5178918038835925,-0.287717668824218,0.8056094727078105,
36.390079904513534,6.0,188.0,117.0,39.0,36.07456033006984,gastruloid_nuclei,True,95,epoch_098 raw-quaternion compatibility replay plus released daughter-label centroids,matched_groundtruth_centers,0.16636974495890897,0.6308555250106528,0.7578538213440907,45.20887437448105,0.9444112623063452,,0.16415269654937484,0.054717565516458275,0.984916179296249,
15.604557041690112,2.0,208.0,126.0,125.0,18.36415050191645,gastruloid_nuclei,True,96,epoch_098 raw-quaternion compatibility replay plus released daughter-label centroids,matched_groundtruth_centers,-0.0034095620761036994,0.5427575734959214,-0.839882486601113,28.563436761973538,6.058846011082656,,0.17616606585441102,-0.29361010975735174,0.9395523512235255,
14.80393813023208,5.0,293.0,136.0,92.0,13.623761844700775,gastruloid_nuclei,True,97,epoch_098 raw-quaternion compatibility replay plus released daughter-label centroids,matched_groundtruth_centers,-0.5981997033391413,0.26926836621300865,-0.7547527157168368,55.28938880226681,1.5728208764541984,,0.5229763603684907,-0.06537204504606134,0.8498365855987974,
16.241642570799247,4.0,270.0,183.0,41.0,16.326436828486028,gastruloid_nuclei,True,98,epoch_098 raw-quaternion compatibility replay plus released daughter-label centroids,matched_groundtruth_centers,0.44672248670663967,0.8621778502770715,0.2389317357787446,16.46885541854574,0.8667007609724647,,0.6237828615518053,0.6861611477069858,0.3742697169310832,
3.371717209891981,5.0,228.0,165.0,115.0,2.460250682637639,gastruloid_nuclei,True,99,epoch_098 raw-quaternion compatibility replay plus released daughter-label centroids,matched_groundtruth_centers,0.09025066347540546,0.5556571126049227,0.8264986333647559,6.882752421682465,0.973049556025935,,0.058025885318565944,0.5802588531856595,0.8123623944599232,
10.953077505530308,3.0,192.0,82.0,78.0,12.194883859960582,gastruloid_nuclei,True,100,epoch_098 raw-quaternion compatibility replay plus released daughter-label centroids,matched_groundtruth_centers,-0.587482082420341,0.7091959346765793,0.38975111170242066,23.938698009054466,1.2422347725422038,,-0.5178918038835925,0.6329788714132796,0.575435337648436,
13.713263652860189,4.0,91.0,109.0,63.0,13.340505469322975,gastruloid_nuclei,True,101,epoch_098 raw-quaternion compatibility replay plus released daughter-label centroids,matched_groundtruth_centers,0.8486469596570128,0.43312376232126204,0.3036480600589822,8.674151965245306,3.3728215405142605,,0.8543576577167609,0.5126145946300565,0.0854357657716761,
13.328362681943432,4.0,78.0,205.0,93.0,11.641565528808902,gastruloid_nuclei,True,102,epoch_098 raw-quaternion compatibility replay plus released daughter-label centroids,matched_groundtruth_centers,0.06058550592161535,0.7758714175306224,-0.6279752701589804,17.76479671059516,2.753170313269817,,0.12469593727770992,-0.717001639346832,0.6858276550274045,
4.441432821910336,3.0,72.0,227.0,116.0,1.928940174751901,gastruloid_nuclei,True,103,epoch_098 raw-quaternion compatibility replay plus released daughter-label centroids,matched_groundtruth_centers,0.3586897127707996,0.6740246315182008,0.6457805246824613,7.586975936816714,2.5465432461788517,,0.3333333333333333,0.6666666666666666,0.6666666666666666,
3.432384370887498,2.0,188.0,167.0,76.0,2.4926713523669863,gastruloid_nuclei,True,104,epoch_098 raw-quaternion compatibility replay plus released daughter-label centroids,matched_groundtruth_centers,-0.1709989831737079,0.9565347843898889,0.23622140886411325,5.109163068663004,0.96872618039887,,-0.16692446522239718,0.9459053029269173,0.2782074420373286,
24.49579159434691,7.0,285.0,191.0,114.0,22.14612573922437,gastruloid_nuclei,True,105,epoch_098 raw-quaternion compatibility replay plus released daughter-label centroids,matched_groundtruth_centers,0.6747633244767115,0.4196052510091406,0.6071456903138588,32.662575604456045,2.479442418875099,,0.50709255283711,0.1690308509457033,0.8451542547285166,
18.064864955390625,7.0,43.0,99.0,83.0,18.99903064626468,gastruloid_nuclei,True,106,epoch_098 raw-quaternion compatibility replay plus released daughter-label centroids,matched_groundtruth_centers,0.30430752759685514,0.7884209172527522,0.5345927289874208,23.53950875027499,0.9343120790498234,,0.2821382463434393,0.5642764926868786,0.775880177444458,
29.826892632913342,7.0,38.0,124.0,142.0,28.571249702004696,gastruloid_nuclei,True,107,epoch_098 raw-quaternion compatibility replay plus released daughter-label centroids,matched_groundtruth_centers,0.3948545803585575,-0.4815160616774461,0.7824526456703366,45.394808573027305,1.2571018084820684,,0.2286647801900118,-0.05716619504750295,0.9718253158075502,
11.93355532665882,5.0,136.0,79.0,105.0,10.345625709304146,gastruloid_nuclei,True,108,epoch_098 raw-quaternion compatibility replay plus released daughter-label centroids,matched_groundtruth_centers,0.47189594283448244,0.7015424934187692,-0.5339965815097799,17.832744840805248,2.1165344492021725,,-0.34874291623145787,-0.813733471206735,0.46499055497527714,
12.05512978536201,6.0,270.0,114.0,65.0,12.60337838231567,gastruloid_nuclei,True,109,epoch_098 raw-quaternion compatibility replay plus released daughter-label centroids,matched_groundtruth_centers,0.4523534356011231,0.5550290654528875,-0.6980824491436199,15.267176748902251,0.9605050173905243,,-0.29617443887954614,-0.47387910220727386,0.8292884288627292,
9.798510758306682,7.0,115.0,71.0,96.0,8.395126238864616,gastruloid_nuclei,True,110,epoch_098 raw-quaternion compatibility replay plus released daughter-label centroids,matched_groundtruth_centers,0.6652776311444544,0.5732322785737054,0.4783413303280631,12.891311283125544,1.4611882797153344,,0.6013168224022631,0.5261522196019802,0.6013168224022631,
16.267115311109976,7.0,199.0,114.0,88.0,17.295186127082946,gastruloid_nuclei,True,111,epoch_098 raw-quaternion compatibility replay plus released daughter-label centroids,matched_groundtruth_centers,0.5489280864098511,0.5383757927764627,-0.639397733576476,19.621795179365602,1.7278834569440749,,-0.4437601569801833,-0.3328201177351375,0.8320502943378437,
12.07705717981234,4.0,208.0,152.0,119.0,11.077356221674304,gastruloid_nuclei,True,112,epoch_098 raw-quaternion compatibility replay plus released daughter-label centroids,matched_groundtruth_centers,0.11855316137932245,0.9262837812142316,0.35769191294525204,13.597599172408206,1.0921641186270976,,0.2407717061715384,0.8427009716003844,0.4815434123430768,
16.632548838141656,7.0,162.0,89.0,134.0,16.27921978016301,gastruloid_nuclei,True,113,epoch_098 raw-quaternion compatibility replay plus released daughter-label centroids,matched_groundtruth_centers,0.2137576398152769,0.18102498653254526,0.9599675128208737,34.97367205088966,0.4573891568310823,,0.061898446059017294,-0.12379689211803459,-0.9903751369442767,
10.07415623982199,5.0,92.0,61.0,92.0,10.390754930423782,gastruloid_nuclei,True,114,epoch_098 raw-quaternion compatibility replay plus released daughter-label centroids,matched_groundtruth_centers,0.7444076740088095,-0.6158958666982763,0.25793312362078114,19.377094924108718,1.0311560018887975,,0.7249465119962124,-0.5437098839971592,0.42288546533112387,
21.965761181561888,5.0,209.0,67.0,147.0,21.19537423784904,gastruloid_nuclei,True,115,epoch_098 raw-quaternion compatibility replay plus released daughter-label centroids,matched_groundtruth_centers,0.9734481068192685,0.16126642441737238,0.1624559130521815,11.980982423308486,0.9726998546689843,,0.8451542547285166,0.1690308509457033,0.50709255283711,
7.7941677177642035,6.0,108.0,169.0,52.0,6.257234039244915,gastruloid_nuclei,True,116,epoch_098 raw-quaternion compatibility replay plus released daughter-label centroids,matched_groundtruth_centers,0.4726469286541986,0.420069450445216,-0.7746912531043624,6.738088826475767,1.9609698100372006,,-0.4190581774617469,-0.3492151478847891,0.8381163549234938,
8.183751051662643,5.0,234.0,106.0,46.0,8.692317744728177,gastruloid_nuclei,True,117,epoch_098 raw-quaternion compatibility replay plus released daughter-label centroids,matched_groundtruth_centers,0.7324315715589006,-0.6668552783014122,0.1372881305332153,16.51691951691134,2.2927145213660496,,-0.7808688094430304,0.6246950475544243,0.0,
15.05781761903995,3.0,63.0,84.0,120.0,15.6355296098738,gastruloid_nuclei,True,118,epoch_098 raw-quaternion compatibility replay plus released daughter-label centroids,matched_groundtruth_centers,0.6767876001607736,-0.5638563608895406,-0.4733123160800118,27.2048429851572,0.6474924272005345,,-0.5144957554275265,0.5144957554275265,0.6859943405700353,
3.343942591552132,4.0,300.0,124.0,59.0,1.1043895709491183,gastruloid_nuclei,True,119,epoch_098 raw-quaternion compatibility replay plus released daughter-label centroids,matched_groundtruth_centers,0.7811078771962335,-0.4056001973313636,-0.4747198796203427,5.869759553009083,2.24481628662218,,-0.7929823205461077,0.39649116027305387,0.46257302031856284,
4.040593035511655,2.0,123.0,227.0,86.0,2.4886835438998536,gastruloid_nuclei,True,120,epoch_098 raw-quaternion compatibility replay plus released daughter-label centroids,matched_groundtruth_centers,0.7073842680339926,0.2864937468122585,-0.646164708395225,2.6094123769431903,1.5528058802746727,,-0.6767155423319645,-0.29002094671369905,0.6767155423319645,
4.288867401743579,6.0,158.0,67.0,115.0,5.827036818975701,gastruloid_nuclei,True,121,epoch_098 raw-quaternion compatibility replay plus released daughter-label centroids,matched_groundtruth_centers,0.38999223264846317,-0.49878682481876435,0.7740269774762908,11.912596635595085,1.6760506410615257,,0.4082482904638631,-0.4082482904638631,0.8164965809277261,
11.08887363703433,2.0,232.0,199.0,115.0,11.92423288586498,gastruloid_nuclei,True,122,epoch_098 raw-quaternion compatibility replay plus released daughter-label centroids,matched_groundtruth_centers,0.8222088329928272,-0.5498412382774872,0.1471300364917125,24.077096903741346,1.1427776955162678,,0.7590721152765897,-0.5520524474738834,0.3450327796711771,
6.163578317483242,2.0,170.0,220.0,91.0,3.1366405226669394,gastruloid_nuclei,True,123,epoch_098 raw-quaternion compatibility replay plus released daughter-label centroids,matched_groundtruth_centers,0.44124165271991134,0.6455885717700772,0.6233146877018646,5.512010247244713,3.452028145797716,,0.441054277135977,0.6064496310619684,0.6615814157039656,
8.503157631060459,2.0,275.0,62.0,112.0,6.843724021844671,gastruloid_nuclei,True,0,epoch_098 raw-quaternion compatibility replay plus released daughter-label centroids,predicted_centers,0.7096874898120187,-0.2510893011606811,-0.6582536210663462,13.32728936833163,1.7275113782901157,,-0.6288281455225324,0.2286647801900118,0.7431605356175384,
14.083804173494515,3.0,126.0,229.0,63.0,14.823706127781184,gastruloid_nuclei,True,1,epoch_098 raw-quaternion compatibility replay plus released daughter-label centroids,predicted_centers,0.9090042543058793,0.34377188855512153,0.23565261359267253,10.136811797726727,1.194673568734218,,0.878438127193422,0.18823674154144757,0.439219063596711,
11.404902173387566,9.0,205.0,184.0,136.0,11.726539937019194,gastruloid_nuclei,True,2,epoch_098 raw-quaternion compatibility replay plus released daughter-label centroids,predicted_centers,0.7544740308812816,-0.4089401489355437,0.5133584433067468,22.00636772150115,0.6717816019401333,,0.7602859212697055,-0.22808577638091165,0.6082287370157644,
14.267676664281689,9.0,249.0,114.0,64.0,13.40239323968906,gastruloid_nuclei,True,3,epoch_098 raw-quaternion compatibility replay plus released daughter-label centroids,predicted_centers,0.8453578833045329,0.48464113958092325,-0.22470650849626886,12.927287265879833,0.8922541182421725,,-0.7777777777777778,-0.4444444444444444,0.4444444444444444,
6.229431449339637,9.0,44.0,148.0,91.0,6.499806146673637,gastruloid_nuclei,True,4,epoch_098 raw-quaternion compatibility replay plus released daughter-label centroids,predicted_centers,0.25175528795873514,0.34637019640830596,-0.9036852117993776,10.634501332178628,0.2716239153340171,,-0.32478490123081544,-0.25982792098465235,0.9093977234462832,
15.831809461791227,9.0,69.0,135.0,122.0,10.080121676264152,gastruloid_nuclei,True,5,epoch_098 raw-quaternion compatibility replay plus released daughter-label centroids,predicted_centers,0.8506693583880403,0.5256208350585397,-0.00918588330228659,5.429728138472539,5.794826321347553,,0.8669214468630108,0.47286624374346037,0.15762208124782012,
11.193121965572043,9.0,230.0,105.0,153.0,8.608553160500017,gastruloid_nuclei,True,6,epoch_098 raw-quaternion compatibility replay plus released daughter-label centroids,predicted_centers,-0.024410871352648425,0.9934007503267654,-0.1120672057741421,13.119955224085826,3.7581781549318856,,0.0,-0.9662349396012463,0.25766265056033233,
9.89879989157297,9.0,243.0,230.0,74.0,9.368575444166654,gastruloid_nuclei,True,7,epoch_098 raw-quaternion compatibility replay plus released daughter-label centroids,predicted_centers,0.4399870869905925,0.6028409371124224,0.6655780704192026,9.148500939462195,1.914694297207739,,0.5454545454545454,0.6363636363636364,0.5454545454545454,
8.670798405358731,9.0,242.0,51.0,118.0,6.4410509006588486,gastruloid_nuclei,True,8,epoch_098 raw-quaternion compatibility replay plus released daughter-label centroids,predicted_centers,0.6321925358498256,0.31197559390714036,-0.7092276266630158,5.495639131881018,2.5380350371657445,,0.6467616667635546,0.40422604172722165,-0.6467616667635546,
7.109403459153257,7.0,85.0,204.0,62.0,6.84338112546182,gastruloid_nuclei,True,9,epoch_098 raw-quaternion compatibility replay plus released daughter-label centroids,predicted_centers,-0.5445032732991586,0.1450744086600043,0.8261171837690171,12.367999538104693,2.245836975994479,,-0.44360697536713456,0.12674485010489558,0.8872139507342691,
84.11273667601976,8.0,172.0,164.0,119.0,88.87466789660542,gastruloid_nuclei,True,10,epoch_098 raw-quaternion compatibility replay plus released daughter-label centroids,predicted_centers,0.9201665825929696,-0.3828234462067864,-0.08209548899626166,154.4913264717746,5.491019402690953,,-0.12674485010489558,-0.44360697536713456,0.8872139507342691,
0.914688837829622,9.0,266.0,73.0,134.0,1.094042468786944,gastruloid_nuclei,True,11,epoch_098 raw-quaternion compatibility replay plus released daughter-label centroids,predicted_centers,0.4023664731228273,0.5055069834427592,-0.7632587444617316,1.62058287413131,1.9954173568805111,,0.4195906791483446,0.5035088149780135,-0.7552632224670202,
3.0979939112371584,9.0,318.0,147.0,91.0,3.375025275561555,gastruloid_nuclei,True,12,epoch_098 raw-quaternion compatibility replay plus released daughter-label centroids,predicted_centers,0.0615124089757758,0.9833372006997679,-0.17106774465673316,6.530344562839299,2.0110885655216992,,-0.05716619504750295,-0.9718253158075502,0.2286647801900118,
12.804571399884363,9.0,116.0,119.0,62.0,12.644418520071,gastruloid_nuclei,True,13,epoch_098 raw-quaternion compatibility replay plus released daughter-label centroids,predicted_centers,0.8815940525955138,-0.1620722510988454,-0.4433108523958908,28.446360824187483,0.34183408961589584,,-0.7572712299036657,0.20652851724645427,0.6195855517393628,
4.917448630148775,9.0,302.0,168.0,144.0,5.913570600569723,gastruloid_nuclei,True,14,epoch_098 raw-quaternion compatibility replay plus released daughter-label centroids,predicted_centers,0.5293311869215879,-0.1430202003341441,0.8362737092893475,10.332366934746537,1.9946030625163629,,0.47301616487964016,-0.06757373783994859,0.8784585919193317,
5.037665772015648,4.0,70.0,93.0,82.0,5.957075079543678,gastruloid_nuclei,True,15,epoch_098 raw-quaternion compatibility replay plus released daughter-label centroids,predicted_centers,0.9093269647944137,-0.40295850566798164,-0.10367696854946318,16.527156375721283,1.164067906599032,,-0.9161573349021892,0.4008188340197078,0.0,
10.830030732421395,3.0,226.0,215.0,67.0,9.646835760972138,gastruloid_nuclei,True,16,epoch_098 raw-quaternion compatibility replay plus released daughter-label centroids,predicted_centers,0.041635910262101526,0.5860729833572399,0.8091878083333872,14.163500374887828,3.3281113128667204,,0.0,0.4472135954999579,0.8944271909999159,
6.701839834110754,2.0,98.0,132.0,85.0,7.683524069522489,gastruloid_nuclei,True,17,epoch_098 raw-quaternion compatibility replay plus released daughter-label centroids,predicted_centers,0.588065876579608,-0.25286285057936225,0.768270072044679,13.556504396666961,1.0080360558684496,,0.5494422557947561,-0.13736056394868904,0.8241633836921342,
5.816526872053925,2.0,305.0,100.0,54.0,6.285765529708451,gastruloid_nuclei,True,18,epoch_098 raw-quaternion compatibility replay plus released daughter-label centroids,predicted_centers,0.1311215495360897,0.5481766065471395,-0.8260203068216406,8.658278985856855,1.4221626066192685,,-0.056077215409204434,-0.6168493695012488,0.785081015728862,
6.9203914738207075,3.0,272.0,209.0,62.0,5.863477980766659,gastruloid_nuclei,True,19,epoch_098 raw-quaternion compatibility replay plus released daughter-label centroids,predicted_centers,0.5271224781326952,-0.43053493595191167,0.7326537804257408,13.858061994181973,1.2967632100642634,,0.6109598099719177,-0.4073065399812784,0.6788442333021307,
19.26512362153539,3.0,85.0,233.0,104.0,18.713338300691476,gastruloid_nuclei,True,20,epoch_098 raw-quaternion compatibility replay plus released daughter-label centroids,predicted_centers,0.01874551393452791,0.5996611007314614,-0.8000344804924738,25.222391342418046,6.484427007583574,,-0.07881104062391006,-0.31524416249564025,0.9457324874869207,
5.138006525378842,3.0,320.0,121.0,54.0,2.0873523189709706,gastruloid_nuclei,True,21,epoch_098 raw-quaternion compatibility replay plus released daughter-label centroids,predicted_centers,-0.49303687897004306,0.86952060243237,0.029130017527072997,5.157394471869627,3.2776921199097155,,-0.47409982303501746,0.8804710999221753,0.0,
13.276015391151743,2.0,51.0,117.0,114.0,12.20979578789835,gastruloid_nuclei,True,22,epoch_098 raw-quaternion compatibility replay plus released daughter-label centroids,predicted_centers,0.6815036168535626,-0.29007514258932504,0.6718699516032065,22.25385139187381,3.0512881794039286,,0.6556100681071858,-0.0936585811581694,0.7492686492653552,
1.7485085229260766,6.0,228.0,185.0,147.0,1.7841618433793556,gastruloid_nuclei,True,23,epoch_098 raw-quaternion compatibility replay plus released daughter-label centroids,predicted_centers,0.9355996733514752,0.041742648560831784,-0.3505863695521261,87.48832042162437,3.4238260547635284,,-0.9309493362512627,-0.0716114874039433,0.35805743701971643,
5.372042895828479,9.0,142.0,145.0,47.0,3.0971209662653023,gastruloid_nuclei,True,24,epoch_098 raw-quaternion compatibility replay plus released daughter-label centroids,predicted_centers,0.6646346372743911,-0.17020638052308848,0.7275235989054707,8.781788406644006,2.339031295973718,,0.7001400420140048,-0.14002800840280097,0.7001400420140048,
18.679951108537498,8.0,310.0,79.0,137.0,18.092162947584807,gastruloid_nuclei,True,25,epoch_098 raw-quaternion compatibility replay plus released daughter-label centroids,predicted_centers,0.5708920930193627,0.7449049589003542,-0.3452518216224685,20.54263713429858,0.5999172544896881,,-0.48189987357506,-0.6195855517393628,0.6195855517393628,
3.2109941974222442,6.0,211.0,99.0,57.0,5.8129292899047655,gastruloid_nuclei,True,26,epoch_098 raw-quaternion compatibility replay plus released daughter-label centroids,predicted_centers,-0.07654018429156122,0.8027929168940589,-0.5913248961217027,9.274696009158195,2.6040288047981592,,0.15161960871578067,-0.8339078479367937,0.5306686305052324,
32.338907947931034,2.0,165.0,147.0,138.0,31.652099010446882,gastruloid_nuclei,True,27,epoch_098 raw-quaternion compatibility replay plus released daughter-label centroids,predicted_centers,0.6690795417515458,0.45480532688169334,0.5877794496659251,141.0714714361219,0.9974057756472402,,0.5240974256643347,0.0,0.851658316704544,
36.90427808394609,8.0,263.0,57.0,78.0,37.65771624818659,gastruloid_nuclei,True,28,epoch_098 raw-quaternion compatibility replay plus released daughter-label centroids,predicted_centers,0.732762510912901,0.305207428181706,0.6082002370793104,22.460065152091776,1.4330226740627106,,0.9486832980505138,0.31622776601683794,0.0,
19.247347202680945,7.0,265.0,226.0,146.0,18.724887012903505,gastruloid_nuclei,True,29,epoch_098 raw-quaternion compatibility replay plus released daughter-label centroids,predicted_centers,0.7867811256345689,0.30362326647126564,0.5373903352336358,19.001246627821935,0.6420059570182396,,0.9267030948228231,0.06178020632152154,0.37068123792912927,
9.02720295449812,4.0,278.0,109.0,86.0,7.836954906346474,gastruloid_nuclei,True,30,epoch_098 raw-quaternion compatibility replay plus released daughter-label centroids,predicted_centers,0.5675056298679014,-0.46089849491982093,0.6822828866744939,13.636457818577885,1.2970147864193804,,0.47639306734033093,-0.41684393392278957,0.7741387344280378,
7.1528098545274466,5.0,85.0,164.0,94.0,7.403011621673809,gastruloid_nuclei,True,31,epoch_098 raw-quaternion compatibility replay plus released daughter-label centroids,predicted_centers,0.5280898092216991,0.6301780136579674,-0.5692071894295504,7.973079480735023,0.5350485597875166,,-0.441054277135977,-0.6064496310619684,0.6615814157039656,
4.042676755371957,9.0,199.0,121.0,61.0,4.623385562678358,gastruloid_nuclei,True,32,epoch_098 raw-quaternion compatibility replay plus released daughter-label centroids,predicted_centers,-0.5375516501816028,0.7818302976094882,-0.3158791052394809,13.143148597398605,1.2249306081766829,,0.5973509804399748,-0.7300956427599692,0.331861655799986,
20.408748156414827,2.0,140.0,248.0,104.0,21.94289847408848,gastruloid_nuclei,True,33,epoch_098 raw-quaternion compatibility replay plus released daughter-label centroids,predicted_centers,0.04096060712354281,0.3623996898511281,0.9311222763202891,176.66796674487108,4.204633733604161,,0.1414213562373095,0.0,0.9899494936611665,
8.912196915178885,8.0,166.0,85.0,85.0,9.172455167515082,gastruloid_nuclei,True,34,epoch_098 raw-quaternion compatibility replay plus released daughter-label centroids,predicted_centers,0.829235730733504,-0.2073537643077888,-0.5190110974750556,17.651638280034625,0.7131015131798073,,-0.7687061147858074,0.35478743759344955,0.5321811563901744,
,4.0,282.0,83.0,121.0,,gastruloid_nuclei,False,35,,predicted_centers,,,,,,production gather_groundtruth_info found no label pair within per-axis atol=3,,,,
5.467249566906822,8.0,259.0,159.0,53.0,5.534758892260089,gastruloid_nuclei,True,36,epoch_098 raw-quaternion compatibility replay plus released daughter-label centroids,predicted_centers,0.334805388001652,0.3745997887708398,-0.864627289887328,8.152521417373203,1.8229596295421737,,-0.3621429841700741,-0.45267873021259264,0.8148217143826667,
6.288986125376634,7.0,223.0,210.0,104.0,7.125662636139118,gastruloid_nuclei,True,37,epoch_098 raw-quaternion compatibility replay plus released daughter-label centroids,predicted_centers,0.795076187697691,0.4703478769601138,-0.3829186994588014,4.217512298527436,1.768203090045307,,-0.835169980780651,-0.3579299917631361,0.4175849903903255,
9.29434717987533,3.0,260.0,134.0,35.0,9.95706486468107,gastruloid_nuclei,True,38,epoch_098 raw-quaternion compatibility replay plus released daughter-label centroids,predicted_centers,0.8469522584736767,0.45260866348155937,-0.27895746917366254,10.19502841050093,1.6388153888871642,,-0.9113223768657671,-0.39056673294247163,0.13018891098082389,
10.312852406751524,3.0,272.0,91.0,72.0,10.48700764883135,gastruloid_nuclei,True,39,epoch_098 raw-quaternion compatibility replay plus released daughter-label centroids,predicted_centers,0.5667721377936832,0.23256396651037164,-0.7903691196534319,18.133323854420084,0.9713492958157132,,-0.5229763603684907,-0.06537204504606134,0.8498365855987974,
20.8155893944659,8.0,132.0,248.0,122.0,20.63839648746974,gastruloid_nuclei,True,40,epoch_098 raw-quaternion compatibility replay plus released daughter-label centroids,predicted_centers,0.7934776585694132,-0.49686339235690546,0.35145408617170676,39.89961620818293,1.8338905845143711,,-0.8320502943378436,0.554700196225229,0.0,
8.840346812294372,7.0,117.0,246.0,66.0,8.888994295692104,gastruloid_nuclei,True,41,epoch_098 raw-quaternion compatibility replay plus released daughter-label centroids,predicted_centers,0.9788120492501192,-0.19261829839413827,-0.06946339587530201,23.96442790371501,0.9186237477696816,,-0.9984603532054125,0.05547001962252291,0.0,
5.2864823547131445,7.0,227.0,85.0,77.0,4.228570298076979,gastruloid_nuclei,True,42,epoch_098 raw-quaternion compatibility replay plus released daughter-label centroids,predicted_centers,-0.158133121813397,0.9420893963238098,-0.2957388799596513,6.3367906338443944,1.600490216514425,,0.10127393670836667,-0.9621023987294833,0.25318484177091666,
9.343606550151215,6.0,223.0,140.0,136.0,9.340876411086045,gastruloid_nuclei,True,43,epoch_098 raw-quaternion compatibility replay plus released daughter-label centroids,predicted_centers,0.6329418835238195,-0.5756246988974348,0.5177265476103743,18.08383306127652,0.3935760135578957,,0.5178918038835925,-0.575435337648436,0.6329788714132796,
5.650080168259978,7.0,191.0,148.0,98.0,6.293958643929693,gastruloid_nuclei,True,44,epoch_098 raw-quaternion compatibility replay plus released daughter-label centroids,predicted_centers,0.998449889994327,-0.02606353493056425,-0.04917834195293414,94.32393168578896,4.669152373511634,,-0.9922778767136677,0.12403473458920847,0.0,
11.813352042374534,7.0,326.0,183.0,102.0,13.507709395288353,gastruloid_nuclei,True,45,epoch_098 raw-quaternion compatibility replay plus released daughter-label centroids,predicted_centers,-0.21356704179266217,0.3699986359240668,0.9041516067973673,22.153442907693044,2.237458816080948,,0.0,0.2873478855663454,0.9578262852211513,
14.23949406427634,5.0,309.0,81.0,107.0,14.228784195532052,gastruloid_nuclei,True,46,epoch_098 raw-quaternion compatibility replay plus released daughter-label centroids,predicted_centers,0.4794902632195315,0.8757790590187873,0.055678786461559285,13.158754591624977,1.9162816889022225,,-0.6666666666666666,-0.7333333333333333,-0.13333333333333333,
7.137539742070114,2.0,284.0,68.0,139.0,5.878042197538854,gastruloid_nuclei,True,47,epoch_098 raw-quaternion compatibility replay plus released daughter-label centroids,predicted_centers,0.6749669339994253,0.6243947205870426,0.39312958539194726,11.886755430453887,1.2595015484376162,,0.595879571531124,0.6810052246069989,0.4256282653793743,
25.760193542181444,2.0,44.0,200.0,121.0,26.24096704047934,gastruloid_nuclei,True,48,epoch_098 raw-quaternion compatibility replay plus released daughter-label centroids,predicted_centers,0.792637211643609,0.33395455193644835,0.5100986257173908,13.241396883705425,0.4814421169004701,,0.9805224792651179,0.10894694214056866,0.163420413210853,
8.279649366806945,6.0,211.0,66.0,91.0,8.145402359049912,gastruloid_nuclei,True,49,epoch_098 raw-quaternion compatibility replay plus released daughter-label centroids,predicted_centers,0.9284753703902585,0.35655909838765815,-0.1039186986814817,4.533246323534015,0.3775127117686869,,0.8944271909999159,0.4472135954999579,0.0,
10.71818066155452,2.0,79.0,141.0,45.0,11.14101169394356,gastruloid_nuclei,True,50,epoch_098 raw-quaternion compatibility replay plus released daughter-label centroids,predicted_centers,-0.1463780473964778,0.9667595215679495,-0.20964134777782653,17.521598577963637,0.4230804795642984,,0.19324698792024925,-0.9018192769611632,0.3864939758404985,
7.781917975967469,2.0,115.0,150.0,59.0,4.925156817921875,gastruloid_nuclei,True,51,epoch_098 raw-quaternion compatibility replay plus released daughter-label centroids,predicted_centers,0.8635328121886402,-0.5030090325951646,-0.035958245247166,12.215100404308963,3.630016880973708,,-0.8221921916437787,0.5692099788303083,0.0,
,4.0,100.0,188.0,54.0,,gastruloid_nuclei,False,52,,predicted_centers,,,,,,production gather_groundtruth_info found no label pair within per-axis atol=3,,,,
30.0267733596628,5.0,301.0,108.0,97.0,33.98844594310898,gastruloid_nuclei,True,53,epoch_098 raw-quaternion compatibility replay plus released daughter-label centroids,predicted_centers,-0.018482236030503578,0.9991693848639687,-0.036317314078426526,66.07350812055417,5.451746993931754,,-0.5734623443633283,0.8192319205190405,0.0,
11.910292668082482,3.0,306.0,218.0,114.0,8.439809346588943,gastruloid_nuclei,True,54,epoch_098 raw-quaternion compatibility replay plus released daughter-label centroids,predicted_centers,-0.048637308404620716,0.30997640375542845,-0.9494993635311219,12.369399253609371,4.647457390848128,,-0.08058229640253803,-0.24174688920761409,0.9669875568304563,
6.3478857897816034,4.0,276.0,163.0,123.0,6.2250965032388645,gastruloid_nuclei,True,55,epoch_098 raw-quaternion compatibility replay plus released daughter-label centroids,predicted_centers,0.4512905523486243,-0.5347121619425076,0.7144366600557696,10.411167892278426,0.423531276190443,,0.3522082237986393,-0.5534700659692904,0.7547319081399414,
10.734068549491106,2.0,209.0,97.0,46.0,7.958511000232983,gastruloid_nuclei,True,56,epoch_098 raw-quaternion compatibility replay plus released daughter-label centroids,predicted_centers,-0.6945569887855477,0.7089220112498065,-0.1225568084387077,17.93511607014124,3.2193413327255676,,0.7867957924694432,-0.6052275326688025,0.12104550653376049,
13.548561261890617,2.0,164.0,129.0,79.0,12.954836951192245,gastruloid_nuclei,True,57,epoch_098 raw-quaternion compatibility replay plus released daughter-label centroids,predicted_centers,0.646846093673438,0.37673473104555644,0.6630694334105939,15.202810519278461,3.508281584059512,,0.6553855364152325,0.1638463841038081,0.7373087284671365,
2.597028337935108,8.0,189.0,170.0,47.0,3.0576380917617176,gastruloid_nuclei,True,58,epoch_098 raw-quaternion compatibility replay plus released daughter-label centroids,predicted_centers,0.8467497768756769,-0.349823191372473,-0.40079739287945687,5.9382357521131555,0.4781336890660908,,-0.8732960061725275,0.31189143077590264,0.3742697169310832,
20.569205105853243,4.0,82.0,175.0,118.0,19.917497502374545,gastruloid_nuclei,True,59,epoch_098 raw-quaternion compatibility replay plus released daughter-label centroids,predicted_centers,0.8353913318385838,-0.06261704130693801,-0.5460773103022339,42.56561316467427,2.7145148538545136,,-0.5986710947139654,0.06651901052377393,0.7982281262852872,
4.712479727024082,4.0,141.0,129.0,38.0,4.1195628808149936,gastruloid_nuclei,True,60,epoch_098 raw-quaternion compatibility replay plus released daughter-label centroids,predicted_centers,0.8773100854240891,-0.46590807147798496,0.11513766953018642,9.88103006337946,1.6432743491472999,,0.905752918579103,-0.4180398085749706,0.06967330142916177,
6.454975663060327,2.0,182.0,95.0,66.0,6.661618599984568,gastruloid_nuclei,True,61,epoch_098 raw-quaternion compatibility replay plus released daughter-label centroids,predicted_centers,0.32368120548639,0.40710068719486975,-0.8541074333480199,9.481133638037678,1.2360799005350123,,-0.3928371006591931,-0.31426968052735443,0.8642416214502248,
,4.0,26.0,178.0,108.0,,gastruloid_nuclei,False,62,,predicted_centers,,,,,,production gather_groundtruth_info found no label pair within per-axis atol=3,,,,
8.96417099726359,4.0,249.0,84.0,95.0,7.5714167319310235,gastruloid_nuclei,True,63,epoch_098 raw-quaternion compatibility replay plus released daughter-label centroids,predicted_centers,0.8390562986611492,0.17556617799780788,0.5149379038488956,8.247565861948681,1.413540369597024,,0.8808303292720552,0.058722021951470346,0.46977617561176277,
11.841187145225836,8.0,241.0,221.0,47.0,13.829127655066536,gastruloid_nuclei,True,64,epoch_098 raw-quaternion compatibility replay plus released daughter-label centroids,predicted_centers,0.9793359153851836,-0.1326021765903303,0.15270176030475607,161.8379780747444,2.116830249579339,,0.9986178293325098,0.052558833122763673,0.0,
7.797603792330439,7.0,95.0,214.0,134.0,4.277044876711005,gastruloid_nuclei,True,65,epoch_098 raw-quaternion compatibility replay plus released daughter-label centroids,predicted_centers,0.9524772594457523,-0.0596437857828806,-0.2987133894826189,8.745334212985716,3.5214454677694538,,-0.939793423488437,0.0,0.3417430630867044,
13.94187984910651,2.0,278.0,216.0,95.0,13.257465413423997,gastruloid_nuclei,True,66,epoch_098 raw-quaternion compatibility replay plus released daughter-label centroids,predicted_centers,0.7505592353706354,0.6002133043444349,-0.27641422446716074,9.775829400799577,1.2688817911699737,,-0.7624928516630234,-0.457495710997814,0.457495710997814,
7.76741761950375,2.0,195.0,214.0,90.0,7.729062749611459,gastruloid_nuclei,True,67,epoch_098 raw-quaternion compatibility replay plus released daughter-label centroids,predicted_centers,0.881089740723965,0.2623044319271927,-0.393544474973705,4.944903884868127,0.2929679448724352,,-0.8869685939836239,-0.35478743759344955,0.2956561979945413,
5.861656607944049,2.0,284.0,188.0,81.0,6.895056924677168,gastruloid_nuclei,True,68,epoch_098 raw-quaternion compatibility replay plus released daughter-label centroids,predicted_centers,-0.3509854026289524,0.18134556679994185,0.9186528357020405,11.538963579684248,1.1581290324165319,,-0.26490647141300877,0.26490647141300877,0.9271726499455306,
9.382897040840213,2.0,27.0,154.0,67.0,8.26369750358413,gastruloid_nuclei,True,69,epoch_098 raw-quaternion compatibility replay plus released daughter-label centroids,predicted_centers,0.8563830313441256,0.11942394055360325,-0.5023405478840979,10.592110864358045,1.738723792932613,,-0.7766705596177466,-0.10355607461569954,0.6213364476941973,
9.270492637312525,2.0,139.0,215.0,60.0,6.022841641842495,gastruloid_nuclei,True,70,epoch_098 raw-quaternion compatibility replay plus released daughter-label centroids,predicted_centers,0.9531928838107345,-0.015783956492699112,-0.3019506465798874,113.55357041301097,4.236334328617582,,-0.9718253158075502,-0.05716619504750295,0.2286647801900118,
12.20828502490312,5.0,42.0,126.0,88.0,12.404884150047405,gastruloid_nuclei,True,71,epoch_098 raw-quaternion compatibility replay plus released daughter-label centroids,predicted_centers,0.7854525642540924,-0.16088884626779068,-0.5976445837228764,25.018153642422725,1.2873307533661975,,-0.6469966392206304,0.10783277320343841,0.7548294124240689,
1.5908403980431483,3.0,181.0,157.0,67.0,0.13906577377276225,gastruloid_nuclei,True,72,epoch_098 raw-quaternion compatibility replay plus released daughter-label centroids,predicted_centers,0.07468252319354922,0.9199805467172404,-0.38478346429036203,1.62058287413131,1.6844667392573782,,-0.07669649888473704,-0.9203579866168444,0.3834824944236852,
7.442485047301091,2.0,247.0,216.0,72.0,6.788339748234963,gastruloid_nuclei,True,73,epoch_098 raw-quaternion compatibility replay plus released daughter-label centroids,predicted_centers,-0.6117103797242323,0.18698477214773165,0.7686657962486013,13.869908626855985,1.0999840838336044,,-0.51425947722658,0.19284730395996752,0.8356716504931926,
16.84825838891148,4.0,136.0,196.0,43.0,17.27966832300827,gastruloid_nuclei,True,74,epoch_098 raw-quaternion compatibility replay plus released daughter-label centroids,predicted_centers,0.6697070135557723,0.7389446772282711,0.07384632685662076,12.833163369003335,2.2719904846722034,,0.7300956427599692,0.5973509804399748,0.331861655799986,
74.83390747592208,4.0,104.0,185.0,102.0,76.65075769096622,gastruloid_nuclei,True,75,epoch_098 raw-quaternion compatibility replay plus released daughter-label centroids,predicted_centers,-0.5651475783899268,0.7470427192207233,0.3500505539194431,114.36015392918247,1.8169319414211091,,0.8411910241920598,0.07647191129018725,0.5353033790313108,
1.918590979038492,4.0,306.0,174.0,81.0,2.9814007211974984,gastruloid_nuclei,True,76,epoch_098 raw-quaternion compatibility replay plus released daughter-label centroids,predicted_centers,0.46531925326596985,0.49973715244572126,-0.7305756435889732,4.40746368984279,1.2779471942300213,,-0.4216370213557839,-0.5270462766947299,0.7378647873726218,
1.5197422109513778,7.0,156.0,103.0,78.0,4.423480995826708,gastruloid_nuclei,True,77,epoch_098 raw-quaternion compatibility replay plus released daughter-label centroids,predicted_centers,-0.6488738681466973,0.7608494253168768,-0.008417554949087096,8.133236116085163,5.289925140144226,,0.6620847108818944,-0.7448452997421311,0.0827605888602368,
50.42908904139505,6.0,143.0,203.0,108.0,49.94030905529322,gastruloid_nuclei,True,78,epoch_098 raw-quaternion compatibility replay plus released daughter-label centroids,predicted_centers,0.14368958616915692,0.9382244723927567,-0.3147826904864204,109.53652465788555,1.6747606615623085,,0.6288281455225324,-0.6288281455225324,0.4573295603800236,
9.618758998704704,3.0,101.0,162.0,143.0,8.873130460921146,gastruloid_nuclei,True,79,epoch_098 raw-quaternion compatibility replay plus released daughter-label centroids,predicted_centers,0.47796316477334294,0.34335076298532524,0.8084933312509418,9.20943830185473,1.3764661217413867,,0.4646063181199804,0.1991169934799916,0.8628403050799636,
4.24873931863522,5.0,273.0,78.0,88.0,3.739105931597411,gastruloid_nuclei,True,80,epoch_098 raw-quaternion compatibility replay plus released daughter-label centroids,predicted_centers,0.8598109888133457,-0.3570147945516462,0.3650554752185789,7.875313574250166,1.258252203025649,,0.8329267300725657,-0.41646336503628284,0.3644054444067475,
38.89025562297296,5.0,160.0,220.0,131.0,36.84010376074192,gastruloid_nuclei,True,81,epoch_098 raw-quaternion compatibility replay plus released daughter-label centroids,predicted_centers,0.677297073658269,-0.6686962653842328,-0.30678001674673194,65.3543382224625,2.070157623187186,,-0.10101525445522107,0.9091372900969896,0.40406101782088427,
13.66126747299635,4.0,323.0,86.0,82.0,14.90673547967089,gastruloid_nuclei,True,82,epoch_098 raw-quaternion compatibility replay plus released daughter-label centroids,predicted_centers,0.7637428380998402,0.6407539547058337,-0.0783022782557169,11.451979802511762,1.3784147926891566,,-0.7300956427599692,-0.5973509804399748,0.331861655799986,
18.76393011543357,2.0,127.0,191.0,62.0,16.705417118828414,gastruloid_nuclei,True,83,epoch_098 raw-quaternion compatibility replay plus released daughter-label centroids,predicted_centers,0.9416869504643897,-0.12399202759707972,0.3128125068110979,35.198161242287576,2.079563952099605,,0.816496580927726,-0.08164965809277261,0.5715476066494082,
22.009478701519416,8.0,142.0,120.0,64.0,23.170562710427653,gastruloid_nuclei,True,84,epoch_098 raw-quaternion compatibility replay plus released daughter-label centroids,predicted_centers,0.6026044462651153,0.656795032920885,-0.4533080255984524,30.635794597789967,1.197891457872657,,-0.2721655269759087,-0.6804138174397717,0.6804138174397717,
34.13613890712356,4.0,306.0,221.0,91.0,32.36763073169044,gastruloid_nuclei,True,85,epoch_098 raw-quaternion compatibility replay plus released daughter-label centroids,predicted_centers,0.6266532489164023,0.490511098688855,0.6055613657471636,41.34889165467431,1.9384983665534659,,0.4180398085749706,0.06967330142916177,0.905752918579103,
14.038866931239143,2.0,318.0,188.0,59.0,13.965881913335046,gastruloid_nuclei,True,86,epoch_098 raw-quaternion compatibility replay plus released daughter-label centroids,predicted_centers,-0.296071003394426,0.9531234872000734,0.0624305942354317,29.262533961377304,1.1195196524946553,,-0.5111656508223583,0.8519427513705972,0.11359236684941296,
33.68637405044858,5.0,146.0,163.0,97.0,36.36507512398965,gastruloid_nuclei,True,87,epoch_098 raw-quaternion compatibility replay plus released daughter-label centroids,predicted_centers,-0.04633458250321906,0.6079360529897486,-0.7926328670573142,83.47171636924976,3.1047163618480753,,0.5832118435198043,-0.29160592175990213,0.7581753965757455,
16.243372988851604,3.0,150.0,174.0,45.0,15.644943857197825,gastruloid_nuclei,True,88,epoch_098 raw-quaternion compatibility replay plus released daughter-label centroids,predicted_centers,0.7684029978506239,0.508512823732205,-0.3885505642694056,6.994622089733364,1.781508465064724,,-0.9116846116771036,-0.3418817293789138,0.2279211529192759,
10.966280935726651,4.0,110.0,221.0,59.0,9.963087167148583,gastruloid_nuclei,True,89,epoch_098 raw-quaternion compatibility replay plus released daughter-label centroids,predicted_centers,0.06927544320001876,0.9529194775104267,-0.29520396736950544,18.88516119114068,1.1495954476102987,,0.07669649888473704,-0.9203579866168444,0.3834824944236852,
2.4034509926010315,5.0,257.0,180.0,69.0,3.2565222137366128,gastruloid_nuclei,True,90,epoch_098 raw-quaternion compatibility replay plus released daughter-label centroids,predicted_centers,0.9599406501918876,0.269628278797309,-0.07625312703080948,1.62058287413131,0.8577573915970655,,-0.9670962107805762,-0.2275520495954297,0.11377602479771486,
14.901579368064496,3.0,219.0,226.0,109.0,14.423464896557741,gastruloid_nuclei,True,91,epoch_098 raw-quaternion compatibility replay plus released daughter-label centroids,predicted_centers,0.13910341221048678,0.9898971069667316,-0.02745830166442724,32.88701036020893,2.6268855106185662,,-0.11043152607484653,0.9938837346736188,0.0,
18.996463515558595,2.0,171.0,66.0,87.0,16.94837337423208,gastruloid_nuclei,True,92,epoch_098 raw-quaternion compatibility replay plus released daughter-label centroids,predicted_centers,0.6342477691190727,0.45647243869739995,-0.6239893268935999,13.985863891310064,2.989598360993797,,-0.6645343026631947,-0.1812366279990531,0.7249465119962124,
14.807245290130279,8.0,81.0,86.0,102.0,15.01482548878505,gastruloid_nuclei,True,93,epoch_098 raw-quaternion compatibility replay plus released daughter-label centroids,predicted_centers,0.2125108480176825,0.9658588235960642,-0.1481751408179946,25.327957616249524,1.8254910212282864,,0.0,1.0,0.0,
8.31444423729304,5.0,199.0,135.0,41.0,8.04893057889416,gastruloid_nuclei,True,94,epoch_098 raw-quaternion compatibility replay plus released daughter-label centroids,predicted_centers,0.6317786207459076,-0.2757729549158946,0.724434297714675,14.06138037352606,0.6737524025413559,,0.5178918038835925,-0.287717668824218,0.8056094727078105,
40.816455513579704,6.0,191.0,116.0,43.0,38.91892776893309,gastruloid_nuclei,True,95,epoch_098 raw-quaternion compatibility replay plus released daughter-label centroids,predicted_centers,-0.008359977395707213,0.655772020079984,0.7549126892947027,55.67087904937872,5.904797743352083,,0.16415269654937484,0.054717565516458275,0.984916179296249,
6.917275628177627,2.0,208.0,128.0,129.0,7.5093487238405565,gastruloid_nuclei,True,96,epoch_098 raw-quaternion compatibility replay plus released daughter-label centroids,predicted_centers,0.15671535098126493,-0.4155697932438467,0.8959587299145455,11.649352476029089,0.9589177423461901,,0.17616606585441102,-0.29361010975735174,0.9395523512235255,
9.095768489118342,5.0,292.0,138.0,96.0,8.016465727478337,gastruloid_nuclei,True,97,epoch_098 raw-quaternion compatibility replay plus released daughter-label centroids,predicted_centers,0.6212281414265315,-0.12853251776027366,0.7730168097641488,13.987150713010328,2.349355331357138,,0.5229763603684907,-0.06537204504606134,0.8498365855987974,
10.282277580871908,4.0,272.0,182.0,46.0,9.630408195466554,gastruloid_nuclei,True,98,epoch_098 raw-quaternion compatibility replay plus released daughter-label centroids,predicted_centers,0.517911681725825,0.7981731310833567,0.3077127601327553,10.808320356812033,0.701826175206576,,0.6237828615518053,0.6861611477069858,0.3742697169310832,
5.523620790996735,5.0,229.0,164.0,120.0,6.393052015751324,gastruloid_nuclei,True,99,epoch_098 raw-quaternion compatibility replay plus released daughter-label centroids,predicted_centers,0.08119046447842487,0.6644112695651251,0.7429439907238206,12.556646619315698,1.7082873401205592,,0.058025885318565944,0.5802588531856595,0.8123623944599232,
11.981182827423284,3.0,192.0,85.0,82.0,11.464191782856028,gastruloid_nuclei,True,100,epoch_098 raw-quaternion compatibility replay plus released daughter-label centroids,predicted_centers,0.6714202686363353,-0.5826190040368827,-0.45798462747059765,23.100031174819538,0.6767728322327854,,-0.5178918038835925,0.6329788714132796,0.575435337648436,
27.344871874977578,3.0,97.0,108.0,63.0,27.809605338140653,gastruloid_nuclei,True,101,epoch_098 raw-quaternion compatibility replay plus released daughter-label centroids,predicted_centers,0.6559409311534479,0.6850580325937495,-0.3169179496594174,21.222073314982,2.406012072258981,,0.8543576577167609,0.5126145946300565,0.0854357657716761,
14.17896341910861,4.0,80.0,203.0,96.0,10.105886726113056,gastruloid_nuclei,True,102,epoch_098 raw-quaternion compatibility replay plus released daughter-label centroids,predicted_centers,0.026565588424920916,0.7817960237698403,-0.6229680944713822,17.825305229708984,4.2778081863096995,,0.12469593727770992,-0.717001639346832,0.6858276550274045,
68.11741168164411,4.0,73.0,225.0,116.0,64.47416762613183,gastruloid_nuclei,True,103,epoch_098 raw-quaternion compatibility replay plus released daughter-label centroids,predicted_centers,0.6752051613630206,-0.31879900363779784,-0.6651805659730933,104.50768874939533,3.6512826930365305,,0.3333333333333333,0.6666666666666666,0.6666666666666666,
11.808087789261391,2.0,188.0,168.0,81.0,11.224370694613178,gastruloid_nuclei,True,104,epoch_098 raw-quaternion compatibility replay plus released daughter-label centroids,predicted_centers,-0.12445675635014543,0.987953252985905,0.0919722007639729,17.456033775805167,0.8551217699490341,,-0.16692446522239718,0.9459053029269173,0.2782074420373286,
27.894616767242876,7.0,289.0,189.0,113.0,28.31179598552209,gastruloid_nuclei,True,105,epoch_098 raw-quaternion compatibility replay plus released daughter-label centroids,predicted_centers,-0.7504612094207631,0.19713462387643424,-0.6308295437151167,142.30189879659684,0.7685437565002009,,0.50709255283711,0.1690308509457033,0.8451542547285166,
3.622367240962336,7.0,43.0,98.0,88.0,2.5867078396533865,gastruloid_nuclei,True,106,epoch_098 raw-quaternion compatibility replay plus released daughter-label centroids,predicted_centers,0.25196462040596335,0.5952809163081244,0.7629904722491878,5.074224032862044,1.0368624065688168,,0.2821382463434393,0.5642764926868786,0.775880177444458,
85.10416553745482,7.0,35.0,129.0,141.0,84.29025747764211,gastruloid_nuclei,True,107,epoch_098 raw-quaternion compatibility replay plus released daughter-label centroids,predicted_centers,-0.2896560679463786,0.9302486914494703,0.22524816172033718,133.69395887304108,1.1056508871529023,,0.2286647801900118,-0.05716619504750295,0.9718253158075502,
17.47406799660712,5.0,135.0,81.0,110.0,15.559348757430332,gastruloid_nuclei,True,108,epoch_098 raw-quaternion compatibility replay plus released daughter-label centroids,predicted_centers,0.5195121051473213,0.8155497479822619,-0.25492308873750097,22.204409871703913,2.2407327436244078,,-0.34874291623145787,-0.813733471206735,0.46499055497527714,
80.37639180862045,7.0,267.0,114.0,71.0,76.51441792028454,gastruloid_nuclei,True,109,epoch_098 raw-quaternion compatibility replay plus released daughter-label centroids,predicted_centers,-0.5202327609963405,0.8537695933950383,0.020865181048711528,104.13696945457458,4.426146780802727,,-0.29617443887954614,-0.47387910220727386,0.8292884288627292,
52.87826915076117,8.0,118.0,78.0,99.0,53.559481420109975,gastruloid_nuclei,True,110,epoch_098 raw-quaternion compatibility replay plus released daughter-label centroids,predicted_centers,0.7657324174038428,-0.35734136268080824,0.5347532285590149,164.96552052731332,0.6886547042740102,,0.6013168224022631,0.5261522196019802,0.6013168224022631,
28.982385503365883,6.0,201.0,113.0,92.0,28.73156460673629,gastruloid_nuclei,True,111,epoch_098 raw-quaternion compatibility replay plus released daughter-label centroids,predicted_centers,0.5578776543930333,0.6714627203847418,-0.48776053331778435,29.374844408210286,0.283934688916441,,-0.4437601569801833,-0.3328201177351375,0.8320502943378437,
30.82084470548348,3.0,209.0,150.0,123.0,33.198711080454075,gastruloid_nuclei,True,112,epoch_098 raw-quaternion compatibility replay plus released daughter-label centroids,predicted_centers,-0.14277295971599116,0.9862580492947497,0.0831320766927608,41.71252116260704,2.463578902530878,,0.2407717061715384,0.8427009716003844,0.4815434123430768,
61.91185781551337,6.0,160.0,83.0,140.0,63.187028914454196,gastruloid_nuclei,True,113,epoch_098 raw-quaternion compatibility replay plus released daughter-label centroids,predicted_centers,-0.6267289140875196,0.5396855579117257,-0.5620946244434186,166.32912004674264,2.552348051348054,,0.061898446059017294,-0.12379689211803459,-0.9903751369442767,
0.4870762139254914,4.0,90.0,64.0,92.0,2.074365377856032,gastruloid_nuclei,True,114,epoch_098 raw-quaternion compatibility replay plus released daughter-label centroids,predicted_centers,0.7298424117143422,-0.5171907487326697,0.4470389060119189,5.195857956187704,2.306716786899213,,0.7249465119962124,-0.5437098839971592,0.42288546533112387,
25.135936606710096,4.0,211.0,68.0,148.0,25.36851041124855,gastruloid_nuclei,True,115,epoch_098 raw-quaternion compatibility replay plus released daughter-label centroids,predicted_centers,0.7856688392381784,0.5462959674042764,0.29031911932898746,17.177375259047093,0.8559896968476352,,0.8451542547285166,0.1690308509457033,0.50709255283711,
79.16290336345928,7.0,112.0,165.0,47.0,79.1155889203127,gastruloid_nuclei,True,116,epoch_098 raw-quaternion compatibility replay plus released daughter-label centroids,predicted_centers,0.8324774307604552,0.41708351060321275,0.3647227336722671,66.54004180109727,0.4846218525627966,,-0.4190581774617469,-0.3492151478847891,0.8381163549234938,
27.693772726870147,5.0,234.0,111.0,45.0,29.854944328911365,gastruloid_nuclei,True,117,epoch_098 raw-quaternion compatibility replay plus released daughter-label centroids,predicted_centers,-0.43282173312875544,0.8473117998792346,0.3077792408802653,113.82123282552872,3.2918754912619823,,-0.7808688094430304,0.6246950475544243,0.0,
66.58955315168227,3.0,64.0,84.0,125.0,65.28738696159613,gastruloid_nuclei,True,118,epoch_098 raw-quaternion compatibility replay plus released daughter-label centroids,predicted_centers,0.07987206189515457,0.9938970265913464,-0.07608649197786213,105.63257621258435,1.3023041240556728,,-0.5144957554275265,0.5144957554275265,0.6859943405700353,
86.9568286889049,3.0,294.0,117.0,60.0,86.6786722590424,gastruloid_nuclei,True,119,epoch_098 raw-quaternion compatibility replay plus released daughter-label centroids,predicted_centers,0.6537207223303516,0.5207625460879064,0.5490497134030075,147.0644933146666,1.259899046819809,,-0.7929823205461077,0.39649116027305387,0.46257302031856284,
75.01559217057857,4.0,122.0,224.0,98.0,73.35402613523301,gastruloid_nuclei,True,120,epoch_098 raw-quaternion compatibility replay plus released daughter-label centroids,predicted_centers,-0.5166073037033057,0.8168169864797621,0.2567623499629969,127.54456369637519,1.788333676438063,,-0.6767155423319645,-0.29002094671369905,0.6767155423319645,
57.68440807707248,4.0,161.0,72.0,112.0,58.59108657487742,gastruloid_nuclei,True,121,epoch_098 raw-quaternion compatibility replay plus released daughter-label centroids,predicted_centers,0.45626054072754585,0.7377738740578806,-0.49750982877992866,92.7392496206111,1.3035639010153006,,0.4082482904638631,-0.4082482904638631,0.8164965809277261,
72.74517558474564,3.0,241.0,198.0,109.0,76.65151713119094,gastruloid_nuclei,True,122,epoch_098 raw-quaternion compatibility replay plus released daughter-label centroids,predicted_centers,-0.6487195047340326,0.0018602236536657902,0.7610253239844189,141.28441514286948,6.296162385324663,,0.7590721152765897,-0.5520524474738834,0.3450327796711771,
81.069146406469,2.0,170.0,225.0,106.0,80.51645916244408,gastruloid_nuclei,True,123,epoch_098 raw-quaternion compatibility replay plus released daughter-label centroids,predicted_centers,0.6041693713432128,0.1439192231996909,-0.7837516366326419,92.18686148165305,2.0509227235536946,,0.441054277135977,0.6064496310619684,0.6615814157039656,
,2.0,78.0,855.0,5.0,76.71889790582709,neural_tube_membrane,True,0,released raw prediction quaternion plus independently decoded released ground-truth line raster,all_groundtruth_centers,0.17786328969695528,0.5536503565507324,0.8135329943336188,36.951834943002936,,,0.99546426521178,0.09513620071440251,0.0,0
,2.0,289.0,131.0,4.0,10.766012412099535,neural_tube_membrane,True,1,released raw prediction quaternion plus independently decoded released ground-truth line raster,all_groundtruth_centers,-0.3754871962549649,0.9228505135915701,0.0857688463975149,18.256786140979056,,,0.24972706139264317,-0.9672127506622105,0.046215687430090524,0
,2.0,442.0,817.0,4.0,55.055365502238615,neural_tube_membrane,True,2,released raw prediction quaternion plus independently decoded released ground-truth line raster,all_groundtruth_centers,-0.44306974571469826,0.7856259836612766,0.43183447549792076,66.927677000245,,,0.4004572209881028,0.9131594412866014,0.07598584702184963,0
,2.0,614.0,380.0,4.0,81.25670636153242,neural_tube_membrane,True,3,released raw prediction quaternion plus independently decoded released ground-truth line raster,all_groundtruth_centers,-0.5306306206073224,0.7007299211974106,0.4768739057786227,76.5300526654727,,,0.8896054866466695,0.45672976488087835,0.0,0
,2.0,982.0,372.0,4.0,32.48612710181979,neural_tube_membrane,True,4,released raw prediction quaternion plus independently decoded released ground-truth line raster,all_groundtruth_centers,0.3871208039616855,0.9126210684319782,0.13137834141947793,57.70980527025985,,,-0.16005352918334176,0.9862490831682629,0.04117783075537131,0
,3.0,292.0,570.0,4.0,84.18166447382104,neural_tube_membrane,True,5,released raw prediction quaternion plus independently decoded released ground-truth line raster,all_groundtruth_centers,-0.5488935042515191,0.7609530777406007,0.3459282215541178,66.36771231743883,,,0.8694849388713106,0.4939594528662787,0.0,0
,3.0,659.0,13.0,4.0,9.217289551161334,neural_tube_membrane,True,6,released raw prediction quaternion plus independently decoded released ground-truth line raster,all_groundtruth_centers,0.9091925880379609,-0.4051218355438971,-0.09615163140778413,17.90320319502383,,,-0.8534430738499926,0.5211860701299259,-0.0,0
,3.0,661.0,611.0,5.0,20.90766319356672,neural_tube_membrane,True,7,released raw prediction quaternion plus independently decoded released ground-truth line raster,all_groundtruth_centers,-0.6352519248640386,0.685408112924055,0.3559082897242205,38.49058985564563,,,-0.6590248496378378,0.7521211654778939,-0.0,0
,3.0,914.0,40.0,4.0,35.253969108670304,neural_tube_membrane,True,8,released raw prediction quaternion plus independently decoded released ground-truth line raster,all_groundtruth_centers,-0.9036584580413485,0.32634264419351544,0.2773118637763575,100.44523634931065,,,0.9828843447281058,0.17751737563805997,0.04925389563251081,0
,3.0,974.0,543.0,4.0,33.96390258902476,neural_tube_membrane,True,9,released raw prediction quaternion plus independently decoded released ground-truth line raster,all_groundtruth_centers,0.10921323280626863,0.8457353047835771,0.5223066762187077,37.14467311530172,,,0.35514349618684854,0.9348117976984361,0.0,0
,4.0,84.0,216.0,4.0,28.030781919204635,neural_tube_membrane,True,10,released raw prediction quaternion plus independently decoded released ground-truth line raster,all_groundtruth_centers,-0.3327751615973268,0.8853850504872436,0.32458281562272234,39.06268732861008,,,0.050655672759566756,0.9974307021716102,0.05065567275956676,0
,4.0,240.0,404.0,4.0,41.65882125087746,neural_tube_membrane,True,11,released raw prediction quaternion plus independently decoded released ground-truth line raster,all_groundtruth_centers,0.19240869136304445,0.8055899120315017,0.5603604100229048,34.187477791998624,,,0.7182922899887686,0.6890881365505866,0.0959881566024203,0
,4.0,322.0,625.0,4.0,39.75647308340106,neural_tube_membrane,True,12,released raw prediction quaternion plus independently decoded released ground-truth line raster,all_groundtruth_centers,-0.8510658850180396,0.4687849483659758,0.23649002419546236,100.10064534632367,,,-0.9848089533440141,-0.1687072351646577,0.041099807986953646,0
,4.0,649.0,420.0,4.0,30.10944870982944,neural_tube_membrane,True,13,released raw prediction quaternion plus independently decoded released ground-truth line raster,all_groundtruth_centers,-0.044033387271356146,0.8947518468512625,0.44438743609790043,37.18576118960255,,,0.2120422260760534,0.9772605048607622,0.0,0
,4.0,741.0,404.0,4.0,36.22222167017887,neural_tube_membrane,True,14,released raw prediction quaternion plus independently decoded released ground-truth line raster,all_groundtruth_centers,0.8160182335197352,-0.5036850483995396,-0.283576470430965,91.0906299642,,,0.9914291491695423,-0.06060754222348569,0.11573663206861526,0
,4.0,890.0,266.0,4.0,43.266485072604,neural_tube_membrane,True,15,released raw prediction quaternion plus independently decoded released ground-truth line raster,all_groundtruth_centers,-0.45051878681580676,0.8417518802634105,0.29746696421456076,63.50855019779392,,,-0.16349453945168052,-0.9828237474684854,0.08559799636373316,0
,5.0,60.0,426.0,4.0,29.410249597733422,neural_tube_membrane,True,16,released raw prediction quaternion plus independently decoded released ground-truth line raster,all_groundtruth_centers,-0.7412319775014928,0.6096482164090145,0.2808989280124329,82.09661835297304,,,-0.9734352833033304,0.22439432399884535,0.04550754417968607,0
,5.0,325.0,715.0,4.0,52.1165545257943,neural_tube_membrane,True,17,released raw prediction quaternion plus independently decoded released ground-truth line raster,all_groundtruth_centers,0.1188199959031899,0.7897568689333371,0.6018022071629331,43.94844512830708,,,0.8204496681350396,0.5574860234091443,0.12677411313262013,0
,5.0,553.0,176.0,4.0,64.74014542166995,neural_tube_membrane,True,18,released raw prediction quaternion plus independently decoded released ground-truth line raster,all_groundtruth_centers,-0.3258501770575429,0.835733453218659,0.44200820951966907,45.35726471772344,,,0.6663216626421545,0.7439912700834674,0.04992426197134927,0
,5.0,631.0,514.0,4.0,56.52809087947493,neural_tube_membrane,True,19,released raw prediction quaternion plus independently decoded released ground-truth line raster,all_groundtruth_centers,0.7137486846867085,-0.6646466213024639,-0.2209246113478823,127.68637430486412,,,-0.9726865805199569,-0.22843576444250432,0.04120579570839658,0
,5.0,699.0,246.0,4.0,10.61789769833519,neural_tube_membrane,True,20,released raw prediction quaternion plus independently decoded released ground-truth line raster,all_groundtruth_centers,0.8477566029997567,-0.5023855995530677,-0.17005131999492806,33.43200143753873,,,-0.8947588693533178,0.44654962290161254,-0.0,0
,5.0,981.0,63.0,4.0,84.7102582497899,neural_tube_membrane,True,21,released raw prediction quaternion plus independently decoded released ground-truth line raster,all_groundtruth_centers,0.39463904183396825,0.8863461797876652,0.24217860400163266,166.5581842376633,,,-0.950364595484477,0.308860465690558,0.037581223809744234,0
,6.0,156.0,167.0,4.0,54.42291403378185,neural_tube_membrane,True,22,released raw prediction quaternion plus independently decoded released ground-truth line raster,all_groundtruth_centers,-0.3091633067336872,0.7916313671203834,0.5270083759871421,55.80099187284402,,,0.4918737907791545,0.8657936580199929,0.09198649725315239,0
,6.0,192.0,742.0,4.0,22.429986584811566,neural_tube_membrane,True,23,released raw prediction quaternion plus independently decoded released ground-truth line raster,all_groundtruth_centers,-0.8105785730375353,0.5242918787099494,0.2609222160936566,74.89211010884146,,,0.940202903287145,-0.33630939997874715,0.0539859994476229,0
,6.0,236.0,705.0,4.0,36.958892897727985,neural_tube_membrane,True,24,released raw prediction quaternion plus independently decoded released ground-truth line raster,all_groundtruth_centers,0.28998858968006624,0.7994130837097975,0.5261609444352162,33.44097856702399,,,-0.5456027764873865,-0.8363808799473383,0.052769630923202686,0
,6.0,400.0,688.0,4.0,78.84023136004622,neural_tube_membrane,True,25,released raw prediction quaternion plus independently decoded released ground-truth line raster,all_groundtruth_centers,-0.4185428218630605,0.7032555500002787,0.5746768984922848,63.84687662090189,,,0.7434143625004364,0.6658155892568167,0.06344041874600258,0
,6.0,735.0,37.0,4.0,82.60914683044349,neural_tube_membrane,True,26,released raw prediction quaternion plus independently decoded released ground-truth line raster,all_groundtruth_centers,-0.42716337653870146,0.7921106896662877,0.4359955333033283,59.13287165098228,,,0.9389812006581525,0.3439684648489953,0.0,0
,6.0,935.0,14.0,5.0,15.74258397410905,neural_tube_membrane,True,27,released raw prediction quaternion plus independently decoded released ground-truth line raster,all_groundtruth_centers,0.7598543755448756,-0.606134255081065,-0.2349948782051,34.137030915980255,,,-0.8611018472248705,0.5084325016223057,-0.0,0
,7.0,35.0,349.0,4.0,48.82517094200935,neural_tube_membrane,True,28,released raw prediction quaternion plus independently decoded released ground-truth line raster,all_groundtruth_centers,-0.7633198275150657,0.3069533503445727,0.5684386348891253,56.19811593544266,,,0.9790016026956182,0.19770324801066744,0.04969192736696362,0
,7.0,422.0,114.0,4.0,23.472219160524872,neural_tube_membrane,True,29,released raw prediction quaternion plus independently decoded released ground-truth line raster,all_groundtruth_centers,0.05528046160459459,0.8923549338141225,0.44793609216312996,34.45468295693791,,,0.257439466595001,0.960934197541123,0.10163852141427221,0
,7.0,600.0,129.0,5.0,43.68121889522004,neural_tube_membrane,True,30,released raw prediction quaternion plus independently decoded released ground-truth line raster,all_groundtruth_centers,0.8137377375562126,-0.4214697803826901,-0.4002425748231481,116.98851101229212,,,0.983218852801931,0.18242995229636744,0.0,0
,7.0,851.0,403.0,4.0,56.30529468223936,neural_tube_membrane,True,31,released raw prediction quaternion plus independently decoded released ground-truth line raster,all_groundtruth_centers,-0.039004391612996986,0.8014050499896761,0.5968488948519086,50.85148131420344,,,0.7210104862194676,0.6912257745369365,0.04848512532085815,0
,8.0,157.0,557.0,5.0,27.229958744685874,neural_tube_membrane,True,32,released raw prediction quaternion plus independently decoded released ground-truth line raster,all_groundtruth_centers,0.6833553548386436,-0.6347561784747952,-0.3607077111754411,48.57553001301566,,,-0.4930821150406544,0.8699827744427099,-0.0,0
,8.0,338.0,750.0,4.0,32.69448196518376,neural_tube_membrane,True,33,released raw prediction quaternion plus independently decoded released ground-truth line raster,all_groundtruth_centers,-0.5587444683396153,0.6844537630305219,0.4683243164445328,77.71611127746947,,,-0.8383064678031674,0.545199290204396,-0.0,0
,8.0,557.0,146.0,4.0,19.329699698794823,neural_tube_membrane,True,34,released raw prediction quaternion plus independently decoded released ground-truth line raster,all_groundtruth_centers,0.18969810035589188,0.9684204862788517,0.16179120024524926,20.69479045915277,,,-0.4459803991608275,-0.8940568055954753,0.04199895156743547,0
,8.0,836.0,439.0,4.0,33.28282940316607,neural_tube_membrane,True,35,released raw prediction quaternion plus independently decoded released ground-truth line raster,all_groundtruth_centers,0.02220919848797188,0.8863449167241124,0.46249263788718636,35.950063121388496,,,0.4182081754863822,0.9070179871882863,0.04919647216275797,0
,8.0,903.0,377.0,4.0,18.332562216648544,neural_tube_membrane,True,36,released raw prediction quaternion plus independently decoded released ground-truth line raster,all_groundtruth_centers,-0.21520398954316536,0.8875172894242467,0.4074313486438459,29.34012552638057,,,-0.19095410626092116,0.9762434886908337,0.10239716837316899,0
,8.0,925.0,540.0,4.0,18.335148379980676,neural_tube_membrane,True,37,released raw prediction quaternion plus independently decoded released ground-truth line raster,all_groundtruth_centers,0.8408121618158086,-0.48734662957610164,-0.23564416220954962,59.94556218997893,,,-0.9630230017513538,0.26620525253453764,0.04149050036858151,0
,9.0,196.0,200.0,4.0,19.635038450550855,neural_tube_membrane,True,38,released raw prediction quaternion plus independently decoded released ground-truth line raster,all_groundtruth_centers,0.7315707993221671,-0.6260147608253065,-0.2700179342339315,51.54412054156452,,,0.8306937767369296,-0.5546239810627772,0.04837446558477224,0
,9.0,536.0,84.0,4.0,11.477285845653043,neural_tube_membrane,True,39,released raw prediction quaternion plus independently decoded released ground-truth line raster,all_groundtruth_centers,-0.6732791395663922,0.7226415482414105,0.156474895686163,22.08406514405723,,,-0.5456027764873868,0.8363808799473382,0.05276963092320269,0
,9.0,607.0,91.0,4.0,26.471669875242622,neural_tube_membrane,True,40,released raw prediction quaternion plus independently decoded released ground-truth line raster,all_groundtruth_centers,0.89748024278007,-0.3056599227966421,-0.31796418888827316,120.57165052139302,,,0.9999716900421347,0.007524567381380445,0.0,0
,9.0,730.0,530.0,4.0,29.479618012982346,neural_tube_membrane,True,41,released raw prediction quaternion plus independently decoded released ground-truth line raster,all_groundtruth_centers,-0.22657978972215317,0.8881685241031907,0.399772775063316,42.45320933734031,,,0.12207504200054034,0.9915523006714535,0.04383741727923594,0
,9.0,822.0,527.0,4.0,18.82787703413377,neural_tube_membrane,True,42,released raw prediction quaternion plus independently decoded released ground-truth line raster,all_groundtruth_centers,-0.5423141681903647,0.8203994655286124,0.18121826602293659,31.36181504585553,,,0.38586701976823956,-0.918261312577642,0.08889772144640874,0
,9.0,998.0,477.0,4.0,26.41410379529776,neural_tube_membrane,True,43,released raw prediction quaternion plus independently decoded released ground-truth line raster,all_groundtruth_centers,-0.3890813160008364,0.8101408283058253,0.43850606364223566,40.06260703241182,,,-0.13295023454516133,0.9857247036715129,0.10330074397648317,0
,10.0,295.0,80.0,4.0,15.279953945859198,neural_tube_membrane,True,44,released raw prediction quaternion plus independently decoded released ground-truth line raster,all_groundtruth_centers,-0.38578115807481295,0.9169735379100825,0.10164855555846712,25.352105247411988,,,-0.15074545308759904,0.9885726115836988,0.0,0
,10.0,396.0,458.0,4.0,26.415594852457012,neural_tube_membrane,True,45,released raw prediction quaternion plus independently decoded released ground-truth line raster,all_groundtruth_centers,0.6692845645943525,-0.6494385442721138,-0.3609539427814383,45.94083013073344,,,-0.38409057893403326,0.9151400089634265,0.12244668704599208,0
,10.0,516.0,660.0,4.0,13.365411862531195,neural_tube_membrane,True,46,released raw prediction quaternion plus independently decoded released ground-truth line raster,all_groundtruth_centers,0.7745568125886447,-0.5741460901465859,-0.26536392226884903,33.27752321777317,,,-0.8241825997071445,0.5650372607809929,0.03815673294564267,0
,10.0,827.0,656.0,4.0,21.78777708690536,neural_tube_membrane,True,47,released raw prediction quaternion plus independently decoded released ground-truth line raster,all_groundtruth_centers,-0.5568341423395406,0.7434836039225804,0.3703618077276325,43.84709492807026,,,-0.5781640997381756,0.8159205070188792,-0.0,0
,11.0,114.0,551.0,4.0,38.712406281901615,neural_tube_membrane,True,48,released raw prediction quaternion plus independently decoded released ground-truth line raster,all_groundtruth_centers,0.4077584721014202,0.6534254759422773,0.6377838002169103,29.12253270018452,,,0.7062817565605343,0.706281756560534,0.048292449715591435,0
,11.0,174.0,621.0,4.0,16.5856767534877,neural_tube_membrane,True,49,released raw prediction quaternion plus independently decoded released ground-truth line raster,all_groundtruth_centers,0.6883242529433309,-0.6489065831867004,-0.3242375195855153,31.28252451347537,,,-0.7216771755528278,0.6910251870381274,0.04081966640008264,0
,11.0,348.0,479.0,4.0,43.513538798242294,neural_tube_membrane,True,50,released raw prediction quaternion plus independently decoded released ground-truth line raster,all_groundtruth_centers,-0.5011860366991837,0.7487583751799753,0.4337896405120894,70.79298120038307,,,0.04543882589537978,0.9989671231333138,0.0,0
,11.0,410.0,314.0,4.0,36.90813884730769,neural_tube_membrane,True,51,released raw prediction quaternion plus independently decoded released ground-truth line raster,all_groundtruth_centers,-0.36462072265959494,0.9208047375332131,0.13845708339982155,54.02689549170174,,,-0.23913415595054124,-0.9699161729593192,0.04557930330501235,0
,11.0,533.0,411.0,4.0,12.09235863181122,neural_tube_membrane,True,52,released raw prediction quaternion plus independently decoded released ground-truth line raster,all_groundtruth_centers,0.716649908626579,-0.6336397498911258,-0.2913993408081553,22.950517397922074,,,-0.6334884627666397,0.7600727809196433,0.14485073436693324,0
,11.0,590.0,239.0,4.0,9.422590904540437,neural_tube_membrane,True,53,released raw prediction quaternion plus independently decoded released ground-truth line raster,all_groundtruth_centers,0.7586849123576025,-0.6323362210694121,-0.15667835614593542,20.181343788739504,,,-0.7365041305850613,0.6764330459337001,-0.0,0
,11.0,690.0,72.0,4.0,76.82932013404225,neural_tube_membrane,True,54,released raw prediction quaternion plus independently decoded released ground-truth line raster,all_groundtruth_centers,-0.10100610738234438,0.648557103860453,0.7544345228736606,38.470116896683955,,,0.8732245063603904,0.48731813170828403,0.0,0
,11.0,693.0,298.0,4.0,32.887015195550084,neural_tube_membrane,True,55,released raw prediction quaternion plus independently decoded released ground-truth line raster,all_groundtruth_centers,-0.5782072951773998,0.6233134818809817,0.5264566716350383,87.34917071304852,,,-0.8580760733760184,0.5113453250991588,0.04723781111386663,0
,12.0,112.0,400.0,4.0,20.201920738129804,neural_tube_membrane,True,56,released raw prediction quaternion plus independently decoded released ground-truth line raster,all_groundtruth_centers,-0.6867089247215898,0.6923692823150924,0.2214850550583531,35.349646680602206,,,-0.4507809538931523,0.8909776678620053,0.05436291914864393,0
,12.0,171.0,335.0,4.0,15.359820234302704,neural_tube_membrane,True,57,released raw prediction quaternion plus independently decoded released ground-truth line raster,all_groundtruth_centers,0.9094800271994034,-0.3482667625895278,-0.22706021712484548,38.527001104317534,,,-0.8745811702310201,0.4848791361538867,-0.0,0
,12.0,217.0,409.0,4.0,26.006828527111594,neural_tube_membrane,True,58,released raw prediction quaternion plus independently decoded released ground-truth line raster,all_groundtruth_centers,-0.49757453533149654,0.7823680386521518,0.3745928908631748,43.011282036158654,,,-0.3127684945527874,0.9498293893195677,-0.0,0
,12.0,719.0,713.0,4.0,24.94529171025984,neural_tube_membrane,True,59,released raw prediction quaternion plus independently decoded released ground-truth line raster,all_groundtruth_centers,-0.41717670091819326,0.7905437119175438,0.448334963792301,40.60730808547075,,,-0.3498898722067762,0.9356071572950616,0.047077856210535535,0
,12.0,933.0,279.0,4.0,6.696857017621792,neural_tube_membrane,True,60,released raw prediction quaternion plus independently decoded released ground-truth line raster,all_groundtruth_centers,-0.6833915058342562,0.7207012022005733,0.11647242978591986,13.620349316859885,,,-0.6922931600462403,0.7216163666056854,-0.0,0
,13.0,316.0,519.0,4.0,74.47301984498249,neural_tube_membrane,True,61,released raw prediction quaternion plus independently decoded released ground-truth line raster,all_groundtruth_centers,-0.3935984413458687,0.7441405973948619,0.5397546093169752,73.26709599753384,,,-0.6679796920554627,-0.7430305902783886,0.041336096961841096,0
,13.0,426.0,649.0,4.0,37.7654796025927,neural_tube_membrane,True,62,released raw prediction quaternion plus independently decoded released ground-truth line raster,all_groundtruth_centers,0.879287001048767,-0.42468866551944817,-0.2156244586450615,120.33908057381687,,,0.9843003117120075,0.17650183104898667,0.0,0
,13.0,440.0,295.0,4.0,40.61008091954234,neural_tube_membrane,True,63,released raw prediction quaternion plus independently decoded released ground-truth line raster,all_groundtruth_centers,-0.2811934288752241,0.8885296106176169,0.36255397751659024,47.59986250222845,,,-0.24340561554552168,-0.9661782988930242,0.08516572708013284,0
,13.0,651.0,390.0,4.0,57.28636918096971,neural_tube_membrane,True,64,released raw prediction quaternion plus independently decoded released ground-truth line raster,all_groundtruth_centers,-0.0614876465181084,0.9155631298506173,0.39744612790138717,34.67277641614325,,,0.7668848322731545,0.6417847411939426,0.0,0
,13.0,673.0,106.0,4.0,45.6897165382347,neural_tube_membrane,True,65,released raw prediction quaternion plus independently decoded released ground-truth line raster,all_groundtruth_centers,0.1464549997751199,0.9833225093121739,0.10783216459331287,28.934672806409445,,,0.8072904743563147,0.5901542933958513,0.0,0
,14.0,61.0,137.0,4.0,12.80920406766613,neural_tube_membrane,True,66,released raw prediction quaternion plus independently decoded released ground-truth line raster,all_groundtruth_centers,-0.5742451504267014,0.8102184045693483,0.11742505741329111,40.544799013346456,,,-0.7222788749557985,0.6916019279850122,-0.0,0
,14.0,386.0,264.0,4.0,10.371183988756473,neural_tube_membrane,True,67,released raw prediction quaternion plus independently decoded released ground-truth line raster,all_groundtruth_centers,0.8735573972463236,-0.43705960590009085,-0.2141877088132886,19.904751431248954,,,-0.8261921959627971,0.5566081165004919,0.08714275630220608,0
,14.0,561.0,36.0,4.0,55.9619814447569,neural_tube_membrane,True,68,released raw prediction quaternion plus independently decoded released ground-truth line raster,all_groundtruth_centers,0.0919677773418307,0.8811404191156721,0.4638248481177579,33.20832522927249,,,0.865305529298527,0.49043677987312456,0.10352828557006313,0
,14.0,654.0,350.0,4.0,33.26825010732866,neural_tube_membrane,True,69,released raw prediction quaternion plus independently decoded released ground-truth line raster,all_groundtruth_centers,-0.14649798967229316,0.9070442436081834,0.3947265878544733,39.536594238175994,,,0.3831075562951412,0.9065373585936334,0.1772529767976927,0
,14.0,775.0,454.0,4.0,45.81129418351117,neural_tube_membrane,True,70,released raw prediction quaternion plus independently decoded released ground-truth line raster,all_groundtruth_centers,-0.771575747377933,0.5313904274837578,0.34970713409482096,90.8720262557933,,,-0.9867469064743505,-0.15423450163860722,0.05042083961607302,0
,14.0,940.0,581.0,4.0,24.407987142026933,neural_tube_membrane,True,71,released raw prediction quaternion plus independently decoded released ground-truth line raster,all_groundtruth_centers,-0.642547309351354,0.6856662612966177,0.3420449288687873,41.94443530850544,,,-0.4825931782091425,0.8758446348217238,-0.0,0
,15.0,27.0,394.0,4.0,34.446905559172876,neural_tube_membrane,True,72,released raw prediction quaternion plus independently decoded released ground-truth line raster,all_groundtruth_centers,0.07345157265110307,0.8621835519755942,0.5012428445153383,36.22074464218871,,,0.44598039916082755,0.8940568055954751,0.041998951567435466,0
,15.0,66.0,249.0,4.0,44.63827155575569,neural_tube_membrane,True,73,released raw prediction quaternion plus independently decoded released ground-truth line raster,all_groundtruth_centers,0.10140795861092157,0.8187614001264888,0.565107242559567,38.24169400624876,,,0.6082741499796542,0.7937270050001632,0.0,0
,15.0,245.0,103.0,5.0,16.671301720799875,neural_tube_membrane,True,74,released raw prediction quaternion plus independently decoded released ground-truth line raster,all_groundtruth_centers,0.8744640689198562,-0.4231839992265281,-0.23712421843154477,55.36609562489362,,,-0.9600185877293416,0.2799362627709397,-0.0,0
,15.0,246.0,691.0,4.0,20.835398567084404,neural_tube_membrane,True,75,released raw prediction quaternion plus independently decoded released ground-truth line raster,all_groundtruth_centers,-0.555852540909029,0.7757771515774372,0.2986599468549039,47.56184328937467,,,-0.7349104413170005,0.6781641713060722,-0.0,0
,15.0,263.0,437.0,4.0,87.97881204265575,neural_tube_membrane,True,76,released raw prediction quaternion plus independently decoded released ground-truth line raster,all_groundtruth_centers,-0.3817904942884977,0.6047194003981514,0.6989638511776163,65.45129285469517,,,0.8182189241752743,0.5749067681993809,0.0,0
,15.0,315.0,288.0,4.0,24.689943355810495,neural_tube_membrane,True,77,released raw prediction quaternion plus independently decoded released ground-truth line raster,all_groundtruth_centers,-0.4868633957193964,0.8421348911457089,0.23188975618509622,36.81450674878261,,,-0.11242021002098576,0.9897938807087775,0.08757722358179489,0
,15.0,902.0,12.0,4.0,21.799745889075282,neural_tube_membrane,True,78,released raw prediction quaternion plus independently decoded released ground-truth line raster,all_groundtruth_centers,0.3355078371599437,0.9294379152896516,0.15355667626737401,21.96375625991787,,,-0.5721532233470367,-0.8117647519383162,0.11695587426085123,0
,15.0,1000.0,625.0,4.0,35.4161957265578,neural_tube_membrane,True,79,released raw prediction quaternion plus independently decoded released ground-truth line raster,all_groundtruth_centers,-0.4393069228305332,0.8119215375128939,0.38443834938240284,85.97833885525627,,,-0.8332461447032196,0.5529022176996773,-0.0,0
,16.0,54.0,787.0,4.0,89.07529976191695,neural_tube_membrane,True,80,released raw prediction quaternion plus independently decoded released ground-truth line raster,all_groundtruth_centers,-0.16919948216099576,0.5868568841192402,0.7918147086271559,38.0482075851035,,,0.9678457287535753,0.25154451958542184,0.0,0
,16.0,360.0,241.0,4.0,8.872069874383,neural_tube_membrane,True,81,released raw prediction quaternion plus independently decoded released ground-truth line raster,all_groundtruth_centers,-0.5986017260394912,0.7624869375585404,0.24553949506167105,26.066404782845886,,,-0.6251744857233021,0.7748462927345656,0.0936487321649622,0
,16.0,475.0,73.0,4.0,29.239793904187387,neural_tube_membrane,True,82,released raw prediction quaternion plus independently decoded released ground-truth line raster,all_groundtruth_centers,-0.04972822079016379,0.9603876363180385,0.2741946244266938,62.54987551682073,,,-0.49139241837165526,0.8696593685591947,0.04718128701168566,0
,16.0,530.0,146.0,4.0,85.4809389243492,neural_tube_membrane,True,83,released raw prediction quaternion plus independently decoded released ground-truth line raster,all_groundtruth_centers,-0.3592353638100951,0.6473560607002623,0.6722202645434507,49.27033973377066,,,0.9210638437512374,0.38941160195119545,0.0,0
,16.0,568.0,183.0,4.0,18.55301616662219,neural_tube_membrane,True,84,released raw prediction quaternion plus independently decoded released ground-truth line raster,all_groundtruth_centers,0.810318068894766,-0.5785960419363403,0.09279680747880299,34.38839242972324,,,0.5887378129816476,-0.8072272315173322,0.042094943430892935,0
,16.0,700.0,419.0,4.0,54.60874093496374,neural_tube_membrane,True,85,released raw prediction quaternion plus independently decoded released ground-truth line raster,all_groundtruth_centers,-0.5993197687433693,0.38263675016430476,0.7031393405414702,15.400201002736914,,,0.9987148488840567,0.05068185689668248,0.0,0
,17.0,76.0,82.0,4.0,49.1623820381889,neural_tube_membrane,True,86,released raw prediction quaternion plus independently decoded released ground-truth line raster,all_groundtruth_centers,-0.17191739548114102,0.936623096398698,0.30525658784618576,40.50890828769847,,,0.608330544978696,0.7917422460726488,0.055481202490214244,0
,17.0,173.0,30.0,4.0,72.49969543282477,neural_tube_membrane,True,87,released raw prediction quaternion plus independently decoded released ground-truth line raster,all_groundtruth_centers,-0.765445974313875,0.5146358574012345,0.3863190322564745,102.57834074830697,,,0.7980235771647844,0.6026262276810739,0.0,0
,17.0,178.0,527.0,4.0,6.27811472332906,neural_tube_membrane,True,88,released raw prediction quaternion plus independently decoded released ground-truth line raster,all_groundtruth_centers,0.7859440049137133,-0.5985755988963433,-0.15491698921059946,13.912781286940422,,,-0.8036026427589054,0.5933107232637447,0.046959325071338404,0
,17.0,806.0,202.0,4.0,11.525812708963233,neural_tube_membrane,True,89,released raw prediction quaternion plus independently decoded released ground-truth line raster,all_groundtruth_centers,-0.6176625289566992,0.773677442740043,0.14112482034724497,20.500737294212566,,,-0.5058465461482894,0.8626234820301651,-0.0,0
,17.0,972.0,598.0,4.0,19.628949355985625,neural_tube_membrane,True,90,released raw prediction quaternion plus independently decoded released ground-truth line raster,all_groundtruth_centers,-0.4314503957496549,0.827059757126784,0.36030919242901827,38.23011773464549,,,-0.5513658679470366,0.8332437205364329,0.041238111615517485,0
,18.0,220.0,243.0,4.0,15.024599781582646,neural_tube_membrane,True,91,released raw prediction quaternion plus independently decoded released ground-truth line raster,all_groundtruth_centers,0.7585296018099738,-0.6247220097875367,-0.18535170262240283,27.867163384906036,,,-0.6074070445016031,0.7925798972540343,0.05360773039974831,0
,18.0,332.0,528.0,5.0,73.83788864873195,neural_tube_membrane,True,92,released raw prediction quaternion plus independently decoded released ground-truth line raster,all_groundtruth_centers,-0.24420991977292875,0.9143862644837041,0.3228920476073035,74.81889740136857,,,0.8619287866256965,0.4572561136291887,0.2190790116252246,0
,18.0,352.0,198.0,4.0,12.760439246794219,neural_tube_membrane,True,93,released raw prediction quaternion plus independently decoded released ground-truth line raster,all_groundtruth_centers,0.7331213302313824,-0.6621211799287438,-0.1553340215456241,24.696342285410328,,,0.6811918517644183,-0.7304167040101821,0.04969003514453288,0
,18.0,486.0,109.0,4.0,63.71317978971385,neural_tube_membrane,True,94,released raw prediction quaternion plus independently decoded released ground-truth line raster,all_groundtruth_centers,-0.47508363972176704,0.6320375941602331,0.612228727549486,44.33556781063637,,,0.998747493983744,0.05003442076402323,0.0,0
,18.0,524.0,685.0,4.0,26.896541024858404,neural_tube_membrane,True,95,released raw prediction quaternion plus independently decoded released ground-truth line raster,all_groundtruth_centers,-0.08439504083366228,0.9428451021499893,0.32236716711610197,33.26118360868023,,,-0.20232440588376407,-0.9784107937212935,0.04215629862132641,0
,18.0,582.0,688.0,4.0,10.465828229593289,neural_tube_membrane,True,96,released raw prediction quaternion plus independently decoded released ground-truth line raster,all_groundtruth_centers,-0.11344272028896832,0.9920310252378285,-0.05481965139456536,15.310988295048118,,,0.0,-0.9961236577393472,-0.08796396132498786,0
,18.0,616.0,253.0,4.0,71.06144281188456,neural_tube_membrane,True,97,released raw prediction quaternion plus independently decoded released ground-truth line raster,all_groundtruth_centers,-0.4258449966949423,0.5360020889805163,0.7289429328818595,40.28786823917848,,,0.9843003117120075,0.17650183104898667,0.0,0
,18.0,726.0,342.0,4.0,45.403938410180444,neural_tube_membrane,True,98,released raw prediction quaternion plus independently decoded released ground-truth line raster,all_groundtruth_centers,-0.3394580592281256,0.8076638651169042,0.48212789486763513,61.58476770429159,,,0.2812041713664592,0.9584106291778727,0.04871632051969305,0
,19.0,6.0,831.0,4.0,40.88251182575989,neural_tube_membrane,True,99,released raw prediction quaternion plus independently decoded released ground-truth line raster,all_groundtruth_centers,0.3159827701124229,0.6868855337419733,0.6544792987773441,41.7109771566961,,,0.41028099097886717,0.9119591594152662,0.0,0
,19.0,27.0,481.0,4.0,70.29331368326164,neural_tube_membrane,True,100,released raw prediction quaternion plus independently decoded released ground-truth line raster,all_groundtruth_centers,0.02749687842410844,0.7089217719202208,0.7047509084594529,45.8459854445383,,,0.9223127369954708,0.3820381909233974,0.05818965416550831,0
,19.0,44.0,845.0,4.0,26.09226784024297,neural_tube_membrane,True,101,released raw prediction quaternion plus independently decoded released ground-truth line raster,all_groundtruth_centers,-0.3454400018685502,0.8370615783104084,0.424263030708008,51.13328303607505,,,-0.4966814117841938,0.8679329324251156,-0.0,0
,19.0,398.0,548.0,4.0,24.533216601210277,neural_tube_membrane,True,102,released raw prediction quaternion plus independently decoded released ground-truth line raster,all_groundtruth_centers,-0.6579371560842343,0.6536633011953278,0.3739558627889344,42.82516237710326,,,-0.49479473386791534,0.8678331110667405,0.0452090994469202,0
,19.0,440.0,186.0,5.0,45.55305642569646,neural_tube_membrane,True,103,released raw prediction quaternion plus independently decoded released ground-truth line raster,all_groundtruth_centers,-0.12384451850154897,0.9238734819834675,0.3621054052687743,47.69831155094855,,,0.5543812482949214,0.8322628380139082,0.0,0
,19.0,449.0,128.0,4.0,84.48361969978984,neural_tube_membrane,True,104,released raw prediction quaternion plus independently decoded released ground-truth line raster,all_groundtruth_centers,-0.6938233823790244,0.7194320372580455,0.032041501694964794,87.80171349908137,,,0.6499982306369059,0.758184393962205,0.05156282499103104,0
,19.0,617.0,403.0,4.0,47.204338402539285,neural_tube_membrane,True,105,released raw prediction quaternion plus independently decoded released ground-truth line raster,all_groundtruth_centers,-0.15743377514313273,0.7880025584030491,0.5952029690739375,47.709976225023595,,,0.41121066601690537,0.910436021634598,0.04485575396868037,0
,19.0,671.0,578.0,4.0,47.04984854495919,neural_tube_membrane,True,106,released raw prediction quaternion plus independently decoded released ground-truth line raster,all_groundtruth_centers,-0.6058900217828666,0.7373771745373449,0.2986171193606948,69.32542764312863,,,0.08775611922427624,0.996141989647407,0.0,0
,20.0,6.0,511.0,4.0,29.577608999302083,neural_tube_membrane,True,107,released raw prediction quaternion plus independently decoded released ground-truth line raster,all_groundtruth_centers,0.0993657304871957,0.886903224707917,0.45114201933254217,33.18990911367949,,,0.3315250695376511,0.9434464098548765,0.0,0
,20.0,76.0,464.0,4.0,46.100462671830726,neural_tube_membrane,True,108,released raw prediction quaternion plus independently decoded released ground-truth line raster,all_groundtruth_centers,0.1259284772265736,0.8138129493787775,0.5673186953087407,40.290814861620426,,,-0.545282088871418,-0.8329961186562475,0.09372784996813835,0
,20.0,118.0,741.0,4.0,42.553236206804186,neural_tube_membrane,True,109,released raw prediction quaternion plus independently decoded released ground-truth line raster,all_groundtruth_centers,0.13894894422071585,0.7751644472990498,0.6162899240970173,42.35452106707556,,,0.652548393214739,0.7505586628954803,0.10412630822905035,0
,20.0,147.0,482.0,4.0,31.957044303519456,neural_tube_membrane,True,110,released raw prediction quaternion plus independently decoded released ground-truth line raster,all_groundtruth_centers,0.08100293561116842,0.9341307055354223,0.34761810855918723,30.5487532778202,,,0.5275796824295688,0.8486920549509491,0.03716819272779712,0
,20.0,156.0,203.0,4.0,5.9838739832410575,neural_tube_membrane,True,111,released raw prediction quaternion plus independently decoded released ground-truth line raster,all_groundtruth_centers,0.8512140651857062,-0.5102290634239434,-0.12288579278154933,29.460475353888413,,,-0.8196571747914173,0.5711462645489134,0.04420475432320131,0
,20.0,170.0,726.0,4.0,19.978276586320824,neural_tube_membrane,True,112,released raw prediction quaternion plus independently decoded released ground-truth line raster,all_groundtruth_centers,0.7773972750819427,-0.5368547317204502,-0.3277811369260499,38.910708115454085,,,-0.7605771365387832,0.6492475794136358,-0.0,0
,20.0,220.0,94.0,4.0,26.715888199385684,neural_tube_membrane,True,113,released raw prediction quaternion plus independently decoded released ground-truth line raster,all_groundtruth_centers,-0.16511195175623566,0.96015386895465,0.22548301780547242,32.416050540135096,,,0.2786537642711509,0.9554998460515844,0.0968097301561999,0
,20.0,341.0,637.0,4.0,9.676312124163209,neural_tube_membrane,True,114,released raw prediction quaternion plus independently decoded released ground-truth line raster,all_groundtruth_centers,0.8107932225794984,-0.5665814871984298,-0.1469685972688295,26.904498225735743,,,-0.8641325240916766,0.5032643249893121,-0.0,0
,20.0,363.0,665.0,5.0,83.65260794693728,neural_tube_membrane,True,115,released raw prediction quaternion plus independently decoded released ground-truth line raster,all_groundtruth_centers,0.4792642155584043,0.8554011999966452,0.19645508069145662,142.1793847116962,,,-0.8117257202011622,0.5840388301850354,-0.0,0
,20.0,398.0,301.0,4.0,16.969381043606234,neural_tube_membrane,True,116,released raw prediction quaternion plus independently decoded released ground-truth line raster,all_groundtruth_centers,-0.6761835893111988,0.681524566982673,0.2798214040156753,38.25795736906315,,,-0.8196283531547593,0.5709777272545421,0.04683799402253294,0
,20.0,460.0,560.0,4.0,46.06973072664373,neural_tube_membrane,True,117,released raw prediction quaternion plus independently decoded released ground-truth line raster,all_groundtruth_centers,-0.8599356517574119,0.44611532040850715,0.24797539340299482,104.16267394567647,,,0.9571014504706044,0.28975302156675664,0.0,0
,20.0,507.0,509.0,4.0,27.609207211762037,neural_tube_membrane,True,118,released raw prediction quaternion plus independently decoded released ground-truth line raster,all_groundtruth_centers,-0.6318704803936499,0.7154417566202683,0.2981321668173412,46.24407768188234,,,-0.3056725163781407,0.951221996991496,0.041725593711363064,0
,20.0,725.0,578.0,4.0,17.795104777161647,neural_tube_membrane,True,119,released raw prediction quaternion plus independently decoded released ground-truth line raster,all_groundtruth_centers,0.9452922177411397,-0.20493240221485884,-0.25382146008658385,39.46106838865038,,,-0.9993308309987152,0.03657718162211714,-0.0,0
,20.0,910.0,679.0,4.0,17.92132194784514,neural_tube_membrane,True,120,released raw prediction quaternion plus independently decoded released ground-truth line raster,all_groundtruth_centers,0.6642519157298709,-0.6620787356791513,-0.3470174926580692,33.35597360700674,,,-0.6757598623876447,0.7357733734670282,0.04456625722203571,0
,20.0,965.0,361.0,4.0,32.94816898864731,neural_tube_membrane,True,121,released raw prediction quaternion plus independently decoded released ground-truth line raster,all_groundtruth_centers,0.33094912902744433,0.7737694857376652,0.5401420710676451,35.67153066252137,,,0.46166924004523474,0.8870521477320572,0.0,0
,10.5,395.5,457.5,4.034296028880866,26.415594852457012,neural_tube_membrane,True,0,released raw prediction quaternion plus independently decoded released ground-truth line raster,matched_groundtruth_centers,0.6692845645943525,-0.6494385442721138,-0.3609539427814383,45.94083013073344,,,-0.38409057893403326,0.9151400089634265,0.12244668704599208,0
,20.0,910.0,679.0,4.034296028880866,17.92132194784514,neural_tube_membrane,True,1,released raw prediction quaternion plus independently decoded released ground-truth line raster,matched_groundtruth_centers,0.6642519157298709,-0.6620787356791513,-0.3470174926580692,33.35597360700674,,,-0.6757598623876447,0.7357733734670282,0.04456625722203571,0
,20.0,170.0,726.0,4.352153667054715,19.978276586320824,neural_tube_membrane,True,2,released raw prediction quaternion plus independently decoded released ground-truth line raster,matched_groundtruth_centers,0.7773972750819427,-0.5368547317204502,-0.3277811369260499,38.910708115454085,,,-0.7605771365387832,0.6492475794136358,-0.0,0
,20.0,220.0,94.0,4.352153667054715,26.715888199385684,neural_tube_membrane,True,3,released raw prediction quaternion plus independently decoded released ground-truth line raster,matched_groundtruth_centers,-0.16511195175623566,0.96015386895465,0.22548301780547242,32.416050540135096,,,0.2786537642711509,0.9554998460515844,0.0968097301561999,0
,20.0,725.0,578.0,4.352153667054715,17.795104777161647,neural_tube_membrane,True,4,released raw prediction quaternion plus independently decoded released ground-truth line raster,matched_groundtruth_centers,0.9452922177411397,-0.20493240221485884,-0.25382146008658385,39.46106838865038,,,-0.9993308309987152,0.03657718162211714,-0.0,0
,4.0,649.0,420.0,4.352153667054715,30.10944870982944,neural_tube_membrane,True,5,released raw prediction quaternion plus independently decoded released ground-truth line raster,matched_groundtruth_centers,-0.044033387271356146,0.8947518468512625,0.44438743609790043,37.18576118960255,,,0.2120422260760534,0.9772605048607622,0.0,0
,20.0,507.0,509.0,4.034296028880866,27.609207211762037,neural_tube_membrane,True,6,released raw prediction quaternion plus independently decoded released ground-truth line raster,matched_groundtruth_centers,-0.6318704803936499,0.7154417566202683,0.2981321668173412,46.24407768188234,,,-0.3056725163781407,0.951221996991496,0.041725593711363064,0
,20.0,460.0,560.0,4.352153667054715,46.06973072664373,neural_tube_membrane,True,7,released raw prediction quaternion plus independently decoded released ground-truth line raster,matched_groundtruth_centers,-0.8599356517574119,0.44611532040850715,0.24797539340299482,104.16267394567647,,,0.9571014504706044,0.28975302156675664,0.0,0
,15.0,902.0,12.0,4.352153667054715,21.799745889075282,neural_tube_membrane,True,8,released raw prediction quaternion plus independently decoded released ground-truth line raster,matched_groundtruth_centers,0.3355078371599437,0.9294379152896516,0.15355667626737401,21.96375625991787,,,-0.5721532233470367,-0.8117647519383162,0.11695587426085123,0
,20.0,341.0,637.0,4.034296028880866,9.676312124163209,neural_tube_membrane,True,9,released raw prediction quaternion plus independently decoded released ground-truth line raster,matched_groundtruth_centers,0.8107932225794984,-0.5665814871984298,-0.1469685972688295,26.904498225735743,,,-0.8641325240916766,0.5032643249893121,-0.0,0
,17.0,178.0,527.0,4.034296028880866,6.27811472332906,neural_tube_membrane,True,10,released raw prediction quaternion plus independently decoded released ground-truth line raster,matched_groundtruth_centers,0.7859440049137133,-0.5985755988963433,-0.15491698921059946,13.912781286940422,,,-0.8036026427589054,0.5933107232637447,0.046959325071338404,0
,18.0,524.0,685.0,4.034296028880866,26.896541024858404,neural_tube_membrane,True,11,released raw prediction quaternion plus independently decoded released ground-truth line raster,matched_groundtruth_centers,-0.08439504083366228,0.9428451021499893,0.32236716711610197,33.26118360868023,,,-0.20232440588376407,-0.9784107937212935,0.04215629862132641,0
,11.0,533.0,411.0,4.352153667054715,12.09235863181122,neural_tube_membrane,True,12,released raw prediction quaternion plus independently decoded released ground-truth line raster,matched_groundtruth_centers,0.716649908626579,-0.6336397498911258,-0.2913993408081553,22.950517397922074,,,-0.6334884627666397,0.7600727809196433,0.14485073436693324,0
,20.0,76.0,464.0,4.034296028880866,46.100462671830726,neural_tube_membrane,True,13,released raw prediction quaternion plus independently decoded released ground-truth line raster,matched_groundtruth_centers,0.1259284772265736,0.8138129493787775,0.5673186953087407,40.290814861620426,,,-0.545282088871418,-0.8329961186562475,0.09372784996813835,0
,7.0,851.0,403.0,4.352153667054715,56.30529468223936,neural_tube_membrane,True,14,released raw prediction quaternion plus independently decoded released ground-truth line raster,matched_groundtruth_centers,-0.039004391612996986,0.8014050499896761,0.5968488948519086,50.85148131420344,,,0.7210104862194676,0.6912257745369365,0.04848512532085815,0
,5.0,981.0,63.0,4.034296028880866,84.7102582497899,neural_tube_membrane,True,15,released raw prediction quaternion plus independently decoded released ground-truth line raster,matched_groundtruth_centers,0.39463904183396825,0.8863461797876652,0.24217860400163266,166.5581842376633,,,-0.950364595484477,0.308860465690558,0.037581223809744234,0
,9.0,536.0,84.0,4.352153667054715,11.477285845653043,neural_tube_membrane,True,16,released raw prediction quaternion plus independently decoded released ground-truth line raster,matched_groundtruth_centers,-0.6732791395663922,0.7226415482414105,0.156474895686163,22.08406514405723,,,-0.5456027764873868,0.8363808799473382,0.05276963092320269,0
,15.0,263.0,437.0,4.352153667054715,87.97881204265575,neural_tube_membrane,True,17,released raw prediction quaternion plus independently decoded released ground-truth line raster,matched_groundtruth_centers,-0.3817904942884977,0.6047194003981514,0.6989638511776163,65.45129285469517,,,0.8182189241752743,0.5749067681993809,0.0,0
,4.0,322.0,625.0,4.352153667054715,39.75647308340106,neural_tube_membrane,True,18,released raw prediction quaternion plus independently decoded released ground-truth line raster,matched_groundtruth_centers,-0.8510658850180396,0.4687849483659758,0.23649002419546236,100.10064534632367,,,-0.9848089533440141,-0.1687072351646577,0.041099807986953646,0
,13.0,426.0,649.0,4.352153667054715,37.7654796025927,neural_tube_membrane,True,19,released raw prediction quaternion plus independently decoded released ground-truth line raster,matched_groundtruth_centers,0.879287001048767,-0.42468866551944817,-0.2156244586450615,120.33908057381687,,,0.9843003117120075,0.17650183104898667,0.0,0
,16.0,568.0,183.0,4.034296028880866,18.55301616662219,neural_tube_membrane,True,20,released raw prediction quaternion plus independently decoded released ground-truth line raster,matched_groundtruth_centers,0.810318068894766,-0.5785960419363403,0.09279680747880299,34.38839242972324,,,0.5887378129816476,-0.8072272315173322,0.042094943430892935,0
,17.0,972.0,598.0,4.034296028880866,19.628949355985625,neural_tube_membrane,True,21,released raw prediction quaternion plus independently decoded released ground-truth line raster,matched_groundtruth_centers,-0.4314503957496549,0.827059757126784,0.36030919242901827,38.23011773464549,,,-0.5513658679470366,0.8332437205364329,0.041238111615517485,0
,19.0,398.0,548.0,4.352153667054715,24.533216601210277,neural_tube_membrane,True,22,released raw prediction quaternion plus independently decoded released ground-truth line raster,matched_groundtruth_centers,-0.6579371560842343,0.6536633011953278,0.3739558627889344,42.82516237710326,,,-0.49479473386791534,0.8678331110667405,0.0452090994469202,0
,19.0,671.0,578.0,4.352153667054715,47.04984854495919,neural_tube_membrane,True,23,released raw prediction quaternion plus independently decoded released ground-truth line raster,matched_groundtruth_centers,-0.6058900217828666,0.7373771745373449,0.2986171193606948,69.32542764312863,,,0.08775611922427624,0.996141989647407,0.0,0
,6.0,236.0,705.0,4.352153667054715,36.958892897727985,neural_tube_membrane,True,24,released raw prediction quaternion plus independently decoded released ground-truth line raster,matched_groundtruth_centers,0.28998858968006624,0.7994130837097975,0.5261609444352162,33.44097856702399,,,-0.5456027764873865,-0.8363808799473383,0.052769630923202686,0
,12.0,933.0,279.0,4.352153667054715,6.696857017621792,neural_tube_membrane,True,25,released raw prediction quaternion plus independently decoded released ground-truth line raster,matched_groundtruth_centers,-0.6833915058342562,0.7207012022005733,0.11647242978591986,13.620349316859885,,,-0.6922931600462403,0.7216163666056854,-0.0,0
,20.0,965.0,361.0,4.352153667054715,32.94816898864731,neural_tube_membrane,True,26,released raw prediction quaternion plus independently decoded released ground-truth line raster,matched_groundtruth_centers,0.33094912902744433,0.7737694857376652,0.5401420710676451,35.67153066252137,,,0.46166924004523474,0.8870521477320572,0.0,0
,14.0,561.0,36.0,4.034296028880866,55.9619814447569,neural_tube_membrane,True,27,released raw prediction quaternion plus independently decoded released ground-truth line raster,matched_groundtruth_centers,0.0919677773418307,0.8811404191156721,0.4638248481177579,33.20832522927249,,,0.865305529298527,0.49043677987312456,0.10352828557006313,0
,11.0,690.0,72.0,4.352153667054715,76.82932013404225,neural_tube_membrane,True,28,released raw prediction quaternion plus independently decoded released ground-truth line raster,matched_groundtruth_centers,-0.10100610738234438,0.648557103860453,0.7544345228736606,38.470116896683955,,,0.8732245063603904,0.48731813170828403,0.0,0
,11.0,410.0,314.0,4.034296028880866,36.90813884730769,neural_tube_membrane,True,29,released raw prediction quaternion plus independently decoded released ground-truth line raster,matched_groundtruth_centers,-0.36462072265959494,0.9208047375332131,0.13845708339982155,54.02689549170174,,,-0.23913415595054124,-0.9699161729593192,0.04557930330501235,0
,2.0,289.0,131.0,4.352153667054715,10.766012412099535,neural_tube_membrane,True,30,released raw prediction quaternion plus independently decoded released ground-truth line raster,matched_groundtruth_centers,-0.3754871962549649,0.9228505135915701,0.0857688463975149,18.256786140979056,,,0.24972706139264317,-0.9672127506622105,0.046215687430090524,0
,4.0,240.0,404.0,4.034296028880866,41.65882125087746,neural_tube_membrane,True,31,released raw prediction quaternion plus independently decoded released ground-truth line raster,matched_groundtruth_centers,0.19240869136304445,0.8055899120315017,0.5603604100229048,34.187477791998624,,,0.7182922899887686,0.6890881365505866,0.0959881566024203,0
,16.0,700.0,419.0,4.352153667054715,54.60874093496374,neural_tube_membrane,True,32,released raw prediction quaternion plus independently decoded released ground-truth line raster,matched_groundtruth_centers,-0.5993197687433693,0.38263675016430476,0.7031393405414702,15.400201002736914,,,0.9987148488840567,0.05068185689668248,0.0,0
,8.0,836.0,439.0,4.352153667054715,33.28282940316607,neural_tube_membrane,True,33,released raw prediction quaternion plus independently decoded released ground-truth line raster,matched_groundtruth_centers,0.02220919848797188,0.8863449167241124,0.46249263788718636,35.950063121388496,,,0.4182081754863822,0.9070179871882863,0.04919647216275797,0
,20.0,147.0,482.0,4.034296028880866,31.957044303519456,neural_tube_membrane,True,34,released raw prediction quaternion plus independently decoded released ground-truth line raster,matched_groundtruth_centers,0.08100293561116842,0.9341307055354223,0.34761810855918723,30.5487532778202,,,0.5275796824295688,0.8486920549509491,0.03716819272779712,0
,14.0,654.0,350.0,4.352153667054715,33.26825010732866,neural_tube_membrane,True,35,released raw prediction quaternion plus independently decoded released ground-truth line raster,matched_groundtruth_centers,-0.14649798967229316,0.9070442436081834,0.3947265878544733,39.536594238175994,,,0.3831075562951412,0.9065373585936334,0.1772529767976927,0
,16.0,54.0,787.0,4.352153667054715,89.07529976191695,neural_tube_membrane,True,36,released raw prediction quaternion plus independently decoded released ground-truth line raster,matched_groundtruth_centers,-0.16919948216099576,0.5868568841192402,0.7918147086271559,38.0482075851035,,,0.9678457287535753,0.25154451958542184,0.0,0
,11.0,114.0,551.0,4.352153667054715,38.712406281901615,neural_tube_membrane,True,37,released raw prediction quaternion plus independently decoded released ground-truth line raster,matched_groundtruth_centers,0.4077584721014202,0.6534254759422773,0.6377838002169103,29.12253270018452,,,0.7062817565605343,0.706281756560534,0.048292449715591435,0
,9.0,607.0,91.0,4.352153667054715,26.471669875242622,neural_tube_membrane,True,38,released raw prediction quaternion plus independently decoded released ground-truth line raster,matched_groundtruth_centers,0.89748024278007,-0.3056599227966421,-0.31796418888827316,120.57165052139302,,,0.9999716900421347,0.007524567381380445,0.0,0
,13.0,316.0,519.0,4.034296028880866,74.47301984498249,neural_tube_membrane,True,39,released raw prediction quaternion plus independently decoded released ground-truth line raster,matched_groundtruth_centers,-0.3935984413458687,0.7441405973948619,0.5397546093169752,73.26709599753384,,,-0.6679796920554627,-0.7430305902783886,0.041336096961841096,0
,14.0,386.0,264.0,4.034296028880866,10.371183988756473,neural_tube_membrane,True,40,released raw prediction quaternion plus independently decoded released ground-truth line raster,matched_groundtruth_centers,0.8735573972463236,-0.43705960590009085,-0.2141877088132886,19.904751431248954,,,-0.8261921959627971,0.5566081165004919,0.08714275630220608,0
,20.0,398.0,301.0,4.352153667054715,16.969381043606234,neural_tube_membrane,True,41,released raw prediction quaternion plus independently decoded released ground-truth line raster,matched_groundtruth_centers,-0.6761835893111988,0.681524566982673,0.2798214040156753,38.25795736906315,,,-0.8196283531547593,0.5709777272545421,0.04683799402253294,0
,12.0,217.0,409.0,4.352153667054715,26.006828527111594,neural_tube_membrane,True,42,released raw prediction quaternion plus independently decoded released ground-truth line raster,matched_groundtruth_centers,-0.49757453533149654,0.7823680386521518,0.3745928908631748,43.011282036158654,,,-0.3127684945527874,0.9498293893195677,-0.0,0
,13.0,673.0,106.0,4.352153667054715,45.6897165382347,neural_tube_membrane,True,43,released raw prediction quaternion plus independently decoded released ground-truth line raster,matched_groundtruth_centers,0.1464549997751199,0.9833225093121739,0.10783216459331287,28.934672806409445,,,0.8072904743563147,0.5901542933958513,0.0,0
,6.0,400.0,688.0,4.352153667054715,78.84023136004622,neural_tube_membrane,True,44,released raw prediction quaternion plus independently decoded released ground-truth line raster,matched_groundtruth_centers,-0.4185428218630605,0.7032555500002787,0.5746768984922848,63.84687662090189,,,0.7434143625004364,0.6658155892568167,0.06344041874600258,0
,15.0,245.0,103.0,4.647846332945285,16.671301720799875,neural_tube_membrane,True,45,released raw prediction quaternion plus independently decoded released ground-truth line raster,matched_groundtruth_centers,0.8744640689198562,-0.4231839992265281,-0.23712421843154477,55.36609562489362,,,-0.9600185877293416,0.2799362627709397,-0.0,0
,9.0,730.0,530.0,4.034296028880866,29.479618012982346,neural_tube_membrane,True,46,released raw prediction quaternion plus independently decoded released ground-truth line raster,matched_groundtruth_centers,-0.22657978972215317,0.8881685241031907,0.399772775063316,42.45320933734031,,,0.12207504200054034,0.9915523006714535,0.04383741727923594,0
,4.0,84.0,216.0,4.034296028880866,28.030781919204635,neural_tube_membrane,True,47,released raw prediction quaternion plus independently decoded released ground-truth line raster,matched_groundtruth_centers,-0.3327751615973268,0.8853850504872436,0.32458281562272234,39.06268732861008,,,0.050655672759566756,0.9974307021716102,0.05065567275956676,0
,7.0,422.0,114.0,4.034296028880866,23.472219160524872,neural_tube_membrane,True,48,released raw prediction quaternion plus independently decoded released ground-truth line raster,matched_groundtruth_centers,0.05528046160459459,0.8923549338141225,0.44793609216312996,34.45468295693791,,,0.257439466595001,0.960934197541123,0.10163852141427221,0
,12.0,112.0,400.0,4.352153667054715,20.201920738129804,neural_tube_membrane,True,49,released raw prediction quaternion plus independently decoded released ground-truth line raster,matched_groundtruth_centers,-0.6867089247215898,0.6923692823150924,0.2214850550583531,35.349646680602206,,,-0.4507809538931523,0.8909776678620053,0.05436291914864393,0
,18.0,582.0,688.0,4.034296028880866,10.465828229593289,neural_tube_membrane,True,50,released raw prediction quaternion plus independently decoded released ground-truth line raster,matched_groundtruth_centers,-0.11344272028896832,0.9920310252378285,-0.05481965139456536,15.310988295048118,,,0.0,-0.9961236577393472,-0.08796396132498786,0
,11.0,693.0,298.0,4.034296028880866,32.887015195550084,neural_tube_membrane,True,51,released raw prediction quaternion plus independently decoded released ground-truth line raster,matched_groundtruth_centers,-0.5782072951773998,0.6233134818809817,0.5264566716350383,87.34917071304852,,,-0.8580760733760184,0.5113453250991588,0.04723781111386663,0
,18.0,616.0,253.0,4.352153667054715,71.06144281188456,neural_tube_membrane,True,52,released raw prediction quaternion plus independently decoded released ground-truth line raster,matched_groundtruth_centers,-0.4258449966949423,0.5360020889805163,0.7289429328818595,40.28786823917848,,,0.9843003117120075,0.17650183104898667,0.0,0
,17.0,806.0,202.0,4.034296028880866,11.525812708963233,neural_tube_membrane,True,53,released raw prediction quaternion plus independently decoded released ground-truth line raster,matched_groundtruth_centers,-0.6176625289566992,0.773677442740043,0.14112482034724497,20.500737294212566,,,-0.5058465461482894,0.8626234820301651,-0.0,0
,12.0,719.0,713.0,4.352153667054715,24.94529171025984,neural_tube_membrane,True,54,released raw prediction quaternion plus independently decoded released ground-truth line raster,matched_groundtruth_centers,-0.41717670091819326,0.7905437119175438,0.448334963792301,40.60730808547075,,,-0.3498898722067762,0.9356071572950616,0.047077856210535535,0
,19.0,27.0,481.0,4.034296028880866,70.29331368326164,neural_tube_membrane,True,55,released raw prediction quaternion plus independently decoded released ground-truth line raster,matched_groundtruth_centers,0.02749687842410844,0.7089217719202208,0.7047509084594529,45.8459854445383,,,0.9223127369954708,0.3820381909233974,0.05818965416550831,0
,15.0,1000.0,625.0,4.352153667054715,35.4161957265578,neural_tube_membrane,True,56,released raw prediction quaternion plus independently decoded released ground-truth line raster,matched_groundtruth_centers,-0.4393069228305332,0.8119215375128939,0.38443834938240284,85.97833885525627,,,-0.8332461447032196,0.5529022176996773,-0.0,0
,8.0,157.0,557.0,4.647846332945285,27.229958744685874,neural_tube_membrane,True,57,released raw prediction quaternion plus independently decoded released ground-truth line raster,matched_groundtruth_centers,0.6833553548386436,-0.6347561784747952,-0.3607077111754411,48.57553001301566,,,-0.4930821150406544,0.8699827744427099,-0.0,0
,11.0,348.0,479.0,4.352153667054715,43.513538798242294,neural_tube_membrane,True,58,released raw prediction quaternion plus independently decoded released ground-truth line raster,matched_groundtruth_centers,-0.5011860366991837,0.7487583751799753,0.4337896405120894,70.79298120038307,,,0.04543882589537978,0.9989671231333138,0.0,0
,18.0,220.0,243.0,4.034296028880866,15.024599781582646,neural_tube_membrane,True,59,released raw prediction quaternion plus independently decoded released ground-truth line raster,matched_groundtruth_centers,0.7585296018099738,-0.6247220097875367,-0.18535170262240283,27.867163384906036,,,-0.6074070445016031,0.7925798972540343,0.05360773039974831,0
,17.0,76.0,82.0,4.352153667054715,49.1623820381889,neural_tube_membrane,True,60,released raw prediction quaternion plus independently decoded released ground-truth line raster,matched_groundtruth_centers,-0.17191739548114102,0.936623096398698,0.30525658784618576,40.50890828769847,,,0.608330544978696,0.7917422460726488,0.055481202490214244,0
,19.0,617.0,403.0,4.034296028880866,47.204338402539285,neural_tube_membrane,True,61,released raw prediction quaternion plus independently decoded released ground-truth line raster,matched_groundtruth_centers,-0.15743377514313273,0.7880025584030491,0.5952029690739375,47.709976225023595,,,0.41121066601690537,0.910436021634598,0.04485575396868037,0
,13.0,440.0,295.0,4.034296028880866,40.61008091954234,neural_tube_membrane,True,62,released raw prediction quaternion plus independently decoded released ground-truth line raster,matched_groundtruth_centers,-0.2811934288752241,0.8885296106176169,0.36255397751659024,47.59986250222845,,,-0.24340561554552168,-0.9661782988930242,0.08516572708013284,0
,8.0,925.0,540.0,4.034296028880866,18.335148379980676,neural_tube_membrane,True,63,released raw prediction quaternion plus independently decoded released ground-truth line raster,matched_groundtruth_centers,0.8408121618158086,-0.48734662957610164,-0.23564416220954962,59.94556218997893,,,-0.9630230017513538,0.26620525253453764,0.04149050036858151,0
,20.0,156.0,203.0,4.034296028880866,5.9838739832410575,neural_tube_membrane,True,64,released raw prediction quaternion plus independently decoded released ground-truth line raster,matched_groundtruth_centers,0.8512140651857062,-0.5102290634239434,-0.12288579278154933,29.460475353888413,,,-0.8196571747914173,0.5711462645489134,0.04420475432320131,0
,7.0,35.0,349.0,4.034296028880866,48.82517094200935,neural_tube_membrane,True,65,released raw prediction quaternion plus independently decoded released ground-truth line raster,matched_groundtruth_centers,-0.7633198275150657,0.3069533503445727,0.5684386348891253,56.19811593544266,,,0.9790016026956182,0.19770324801066744,0.04969192736696362,0
,16.0,360.0,241.0,4.034296028880866,8.872069874383,neural_tube_membrane,True,66,released raw prediction quaternion plus independently decoded released ground-truth line raster,matched_groundtruth_centers,-0.5986017260394912,0.7624869375585404,0.24553949506167105,26.066404782845886,,,-0.6251744857233021,0.7748462927345656,0.0936487321649622,0
,11.0,174.0,621.0,4.352153667054715,16.5856767534877,neural_tube_membrane,True,67,released raw prediction quaternion plus independently decoded released ground-truth line raster,matched_groundtruth_centers,0.6883242529433309,-0.6489065831867004,-0.3242375195855153,31.28252451347537,,,-0.7216771755528278,0.6910251870381274,0.04081966640008264,0
,3.0,292.0,570.0,4.352153667054715,84.18166447382104,neural_tube_membrane,True,68,released raw prediction quaternion plus independently decoded released ground-truth line raster,matched_groundtruth_centers,-0.5488935042515191,0.7609530777406007,0.3459282215541178,66.36771231743883,,,0.8694849388713106,0.4939594528662787,0.0,0
,18.0,726.0,342.0,4.034296028880866,45.403938410180444,neural_tube_membrane,True,69,released raw prediction quaternion plus independently decoded released ground-truth line raster,matched_groundtruth_centers,-0.3394580592281256,0.8076638651169042,0.48212789486763513,61.58476770429159,,,0.2812041713664592,0.9584106291778727,0.04871632051969305,0
,18.0,486.0,109.0,4.352153667054715,63.71317978971385,neural_tube_membrane,True,70,released raw prediction quaternion plus independently decoded released ground-truth line raster,matched_groundtruth_centers,-0.47508363972176704,0.6320375941602331,0.612228727549486,44.33556781063637,,,0.998747493983744,0.05003442076402323,0.0,0
,18.0,352.0,198.0,4.034296028880866,12.760439246794219,neural_tube_membrane,True,71,released raw prediction quaternion plus independently decoded released ground-truth line raster,matched_groundtruth_centers,0.7331213302313824,-0.6621211799287438,-0.1553340215456241,24.696342285410328,,,0.6811918517644183,-0.7304167040101821,0.04969003514453288,0
,14.0,775.0,454.0,4.034296028880866,45.81129418351117,neural_tube_membrane,True,72,released raw prediction quaternion plus independently decoded released ground-truth line raster,matched_groundtruth_centers,-0.771575747377933,0.5313904274837578,0.34970713409482096,90.8720262557933,,,-0.9867469064743505,-0.15423450163860722,0.05042083961607302,0
,15.0,246.0,691.0,4.352153667054715,20.835398567084404,neural_tube_membrane,True,73,released raw prediction quaternion plus independently decoded released ground-truth line raster,matched_groundtruth_centers,-0.555852540909029,0.7757771515774372,0.2986599468549039,47.56184328937467,,,-0.7349104413170005,0.6781641713060722,-0.0,0
,3.0,974.0,543.0,4.352153667054715,33.96390258902476,neural_tube_membrane,True,74,released raw prediction quaternion plus independently decoded released ground-truth line raster,matched_groundtruth_centers,0.10921323280626863,0.8457353047835771,0.5223066762187077,37.14467311530172,,,0.35514349618684854,0.9348117976984361,0.0,0
,6.0,735.0,37.0,4.352153667054715,82.60914683044349,neural_tube_membrane,True,75,released raw prediction quaternion plus independently decoded released ground-truth line raster,matched_groundtruth_centers,-0.42716337653870146,0.7921106896662877,0.4359955333033283,59.13287165098228,,,0.9389812006581525,0.3439684648489953,0.0,0
,8.0,903.0,377.0,4.034296028880866,18.332562216648544,neural_tube_membrane,True,76,released raw prediction quaternion plus independently decoded released ground-truth line raster,matched_groundtruth_centers,-0.21520398954316536,0.8875172894242467,0.4074313486438459,29.34012552638057,,,-0.19095410626092116,0.9762434886908337,0.10239716837316899,0
,11.0,590.0,239.0,4.034296028880866,9.422590904540437,neural_tube_membrane,True,77,released raw prediction quaternion plus independently decoded released ground-truth line raster,matched_groundtruth_centers,0.7586849123576025,-0.6323362210694121,-0.15667835614593542,20.181343788739504,,,-0.7365041305850613,0.6764330459337001,-0.0,0
,10.0,827.0,656.0,4.352153667054715,21.78777708690536,neural_tube_membrane,True,78,released raw prediction quaternion plus independently decoded released ground-truth line raster,matched_groundtruth_centers,-0.5568341423395406,0.7434836039225804,0.3703618077276325,43.84709492807026,,,-0.5781640997381756,0.8159205070188792,-0.0,0
,5.0,325.0,715.0,4.034296028880866,52.1165545257943,neural_tube_membrane,True,79,released raw prediction quaternion plus independently decoded released ground-truth line raster,matched_groundtruth_centers,0.1188199959031899,0.7897568689333371,0.6018022071629331,43.94844512830708,,,0.8204496681350396,0.5574860234091443,0.12677411313262013,0
,5.0,699.0,246.0,4.352153667054715,10.61789769833519,neural_tube_membrane,True,80,released raw prediction quaternion plus independently decoded released ground-truth line raster,matched_groundtruth_centers,0.8477566029997567,-0.5023855995530677,-0.17005131999492806,33.43200143753873,,,-0.8947588693533178,0.44654962290161254,-0.0,0
,19.0,440.0,186.0,4.647846332945285,45.55305642569646,neural_tube_membrane,True,81,released raw prediction quaternion plus independently decoded released ground-truth line raster,matched_groundtruth_centers,-0.12384451850154897,0.9238734819834675,0.3621054052687743,47.69831155094855,,,0.5543812482949214,0.8322628380139082,0.0,0
,5.0,60.0,426.0,4.352153667054715,29.410249597733422,neural_tube_membrane,True,82,released raw prediction quaternion plus independently decoded released ground-truth line raster,matched_groundtruth_centers,-0.7412319775014928,0.6096482164090145,0.2808989280124329,82.09661835297304,,,-0.9734352833033304,0.22439432399884535,0.04550754417968607,0
,5.0,553.0,176.0,4.034296028880866,64.74014542166995,neural_tube_membrane,True,83,released raw prediction quaternion plus independently decoded released ground-truth line raster,matched_groundtruth_centers,-0.3258501770575429,0.835733453218659,0.44200820951966907,45.35726471772344,,,0.6663216626421545,0.7439912700834674,0.04992426197134927,0
,9.0,822.0,527.0,4.034296028880866,18.82787703413377,neural_tube_membrane,True,84,released raw prediction quaternion plus independently decoded released ground-truth line raster,matched_groundtruth_centers,-0.5423141681903647,0.8203994655286124,0.18121826602293659,31.36181504585553,,,0.38586701976823956,-0.918261312577642,0.08889772144640874,0
,9.0,998.0,477.0,4.034296028880866,26.41410379529776,neural_tube_membrane,True,85,released raw prediction quaternion plus independently decoded released ground-truth line raster,matched_groundtruth_centers,-0.3890813160008364,0.8101408283058253,0.43850606364223566,40.06260703241182,,,-0.13295023454516133,0.9857247036715129,0.10330074397648317,0
,2.0,442.0,817.0,4.352153667054715,55.055365502238615,neural_tube_membrane,True,86,released raw prediction quaternion plus independently decoded released ground-truth line raster,matched_groundtruth_centers,-0.44306974571469826,0.7856259836612766,0.43183447549792076,66.927677000245,,,0.4004572209881028,0.9131594412866014,0.07598584702184963,0
,5.0,631.0,514.0,4.034296028880866,56.52809087947493,neural_tube_membrane,True,87,released raw prediction quaternion plus independently decoded released ground-truth line raster,matched_groundtruth_centers,0.7137486846867085,-0.6646466213024639,-0.2209246113478823,127.68637430486412,,,-0.9726865805199569,-0.22843576444250432,0.04120579570839658,0
,2.0,614.0,380.0,4.034296028880866,81.25670636153242,neural_tube_membrane,True,88,released raw prediction quaternion plus independently decoded released ground-truth line raster,matched_groundtruth_centers,-0.5306306206073224,0.7007299211974106,0.4768739057786227,76.5300526654727,,,0.8896054866466695,0.45672976488087835,0.0,0
,12.0,171.0,335.0,4.034296028880866,15.359820234302704,neural_tube_membrane,True,89,released raw prediction quaternion plus independently decoded released ground-truth line raster,matched_groundtruth_centers,0.9094800271994034,-0.3482667625895278,-0.22706021712484548,38.527001104317534,,,-0.8745811702310201,0.4848791361538867,-0.0,0
,19.0,44.0,845.0,4.352153667054715,26.09226784024297,neural_tube_membrane,True,90,released raw prediction quaternion plus independently decoded released ground-truth line raster,matched_groundtruth_centers,-0.3454400018685502,0.8370615783104084,0.424263030708008,51.13328303607505,,,-0.4966814117841938,0.8679329324251156,-0.0,0
,7.0,600.0,129.0,4.647846332945285,43.68121889522004,neural_tube_membrane,True,91,released raw prediction quaternion plus independently decoded released ground-truth line raster,matched_groundtruth_centers,0.8137377375562126,-0.4214697803826901,-0.4002425748231481,116.98851101229212,,,0.983218852801931,0.18242995229636744,0.0,0
,20.0,118.0,741.0,4.034296028880866,42.553236206804186,neural_tube_membrane,True,92,released raw prediction quaternion plus independently decoded released ground-truth line raster,matched_groundtruth_centers,0.13894894422071585,0.7751644472990498,0.6162899240970173,42.35452106707556,,,0.652548393214739,0.7505586628954803,0.10412630822905035,0
,3.0,661.0,611.0,4.647846332945285,20.90766319356672,neural_tube_membrane,True,93,released raw prediction quaternion plus independently decoded released ground-truth line raster,matched_groundtruth_centers,-0.6352519248640386,0.685408112924055,0.3559082897242205,38.49058985564563,,,-0.6590248496378378,0.7521211654778939,-0.0,0
,14.0,61.0,137.0,4.034296028880866,12.80920406766613,neural_tube_membrane,True,94,released raw prediction quaternion plus independently decoded released ground-truth line raster,matched_groundtruth_centers,-0.5742451504267014,0.8102184045693483,0.11742505741329111,40.544799013346456,,,-0.7222788749557985,0.6916019279850122,-0.0,0
,3.0,914.0,40.0,4.352153667054715,35.253969108670304,neural_tube_membrane,True,95,released raw prediction quaternion plus independently decoded released ground-truth line raster,matched_groundtruth_centers,-0.9036584580413485,0.32634264419351544,0.2773118637763575,100.44523634931065,,,0.9828843447281058,0.17751737563805997,0.04925389563251081,0
,14.0,940.0,581.0,4.352153667054715,24.407987142026933,neural_tube_membrane,True,96,released raw prediction quaternion plus independently decoded released ground-truth line raster,matched_groundtruth_centers,-0.642547309351354,0.6856662612966177,0.3420449288687873,41.94443530850544,,,-0.4825931782091425,0.8758446348217238,-0.0,0
,16.0,530.0,146.0,4.034296028880866,85.4809389243492,neural_tube_membrane,True,97,released raw prediction quaternion plus independently decoded released ground-truth line raster,matched_groundtruth_centers,-0.3592353638100951,0.6473560607002623,0.6722202645434507,49.27033973377066,,,0.9210638437512374,0.38941160195119545,0.0,0
,6.0,192.0,742.0,4.352153667054715,22.429986584811566,neural_tube_membrane,True,98,released raw prediction quaternion plus independently decoded released ground-truth line raster,matched_groundtruth_centers,-0.8105785730375353,0.5242918787099494,0.2609222160936566,74.89211010884146,,,0.940202903287145,-0.33630939997874715,0.0539859994476229,0
,4.0,741.0,404.0,4.034296028880866,36.22222167017887,neural_tube_membrane,True,99,released raw prediction quaternion plus independently decoded released ground-truth line raster,matched_groundtruth_centers,0.8160182335197352,-0.5036850483995396,-0.283576470430965,91.0906299642,,,0.9914291491695423,-0.06060754222348569,0.11573663206861526,0
,8.0,557.0,146.0,4.034296028880866,19.329699698794823,neural_tube_membrane,True,100,released raw prediction quaternion plus independently decoded released ground-truth line raster,matched_groundtruth_centers,0.18969810035589188,0.9684204862788517,0.16179120024524926,20.69479045915277,,,-0.4459803991608275,-0.8940568055954753,0.04199895156743547,0
,4.0,890.0,266.0,4.034296028880866,43.266485072604,neural_tube_membrane,True,101,released raw prediction quaternion plus independently decoded released ground-truth line raster,matched_groundtruth_centers,-0.45051878681580676,0.8417518802634105,0.29746696421456076,63.50855019779392,,,-0.16349453945168052,-0.9828237474684854,0.08559799636373316,0
,6.0,935.0,14.0,4.965703971119134,15.74258397410905,neural_tube_membrane,True,102,released raw prediction quaternion plus independently decoded released ground-truth line raster,matched_groundtruth_centers,0.7598543755448756,-0.606134255081065,-0.2349948782051,34.137030915980255,,,-0.8611018472248705,0.5084325016223057,-0.0,0
,20.0,5.5290037831021435,511.0,4.372005044136191,29.577608999302083,neural_tube_membrane,True,103,released raw prediction quaternion plus independently decoded released ground-truth line raster,matched_groundtruth_centers,0.0993657304871957,0.886903224707917,0.45114201933254217,33.18990911367949,,,0.3315250695376511,0.9434464098548765,0.0,0
,10.0,516.0,660.0,4.034296028880866,13.365411862531195,neural_tube_membrane,True,104,released raw prediction quaternion plus independently decoded released ground-truth line raster,matched_groundtruth_centers,0.7745568125886447,-0.5741460901465859,-0.26536392226884903,33.27752321777317,,,-0.8241825997071445,0.5650372607809929,0.03815673294564267,0
,15.0,315.0,288.0,4.034296028880866,24.689943355810495,neural_tube_membrane,True,105,released raw prediction quaternion plus independently decoded released ground-truth line raster,matched_groundtruth_centers,-0.4868633957193964,0.8421348911457089,0.23188975618509622,36.81450674878261,,,-0.11242021002098576,0.9897938807087775,0.08757722358179489,0
,15.0,27.0,394.0,4.352153667054715,34.446905559172876,neural_tube_membrane,True,106,released raw prediction quaternion plus independently decoded released ground-truth line raster,matched_groundtruth_centers,0.07345157265110307,0.8621835519755942,0.5012428445153383,36.22074464218871,,,0.44598039916082755,0.8940568055954751,0.041998951567435466,0
,19.0,449.0,128.0,4.352153667054715,84.48361969978984,neural_tube_membrane,True,107,released raw prediction quaternion plus independently decoded released ground-truth line raster,matched_groundtruth_centers,-0.6938233823790244,0.7194320372580455,0.032041501694964794,87.80171349908137,,,0.6499982306369059,0.758184393962205,0.05156282499103104,0
,9.0,196.0,200.0,4.034296028880866,19.635038450550855,neural_tube_membrane,True,108,released raw prediction quaternion plus independently decoded released ground-truth line raster,matched_groundtruth_centers,0.7315707993221671,-0.6260147608253065,-0.2700179342339315,51.54412054156452,,,0.8306937767369296,-0.5546239810627772,0.04837446558477224,0
,13.0,651.0,390.0,4.352153667054715,57.28636918096971,neural_tube_membrane,True,109,released raw prediction quaternion plus independently decoded released ground-truth line raster,matched_groundtruth_centers,-0.0614876465181084,0.9155631298506173,0.39744612790138717,34.67277641614325,,,0.7668848322731545,0.6417847411939426,0.0,0
,3.0,659.0,13.0,4.352153667054715,9.217289551161334,neural_tube_membrane,True,110,released raw prediction quaternion plus independently decoded released ground-truth line raster,matched_groundtruth_centers,0.9091925880379609,-0.4051218355438971,-0.09615163140778413,17.90320319502383,,,-0.8534430738499926,0.5211860701299259,-0.0,0
,15.0,66.0,249.0,4.352153667054715,44.63827155575569,neural_tube_membrane,True,111,released raw prediction quaternion plus independently decoded released ground-truth line raster,matched_groundtruth_centers,0.10140795861092157,0.8187614001264888,0.565107242559567,38.24169400624876,,,0.6082741499796542,0.7937270050001632,0.0,0
,6.0,156.0,167.0,4.352153667054715,54.42291403378185,neural_tube_membrane,True,112,released raw prediction quaternion plus independently decoded released ground-truth line raster,matched_groundtruth_centers,-0.3091633067336872,0.7916313671203834,0.5270083759871421,55.80099187284402,,,0.4918737907791545,0.8657936580199929,0.09198649725315239,0
,2.0,982.0,372.0,4.352153667054715,32.48612710181979,neural_tube_membrane,True,113,released raw prediction quaternion plus independently decoded released ground-truth line raster,matched_groundtruth_centers,0.3871208039616855,0.9126210684319782,0.13137834141947793,57.70980527025985,,,-0.16005352918334176,0.9862490831682629,0.04117783075537131,0
,10.0,396.0,455.0,5.0,28.81252148531252,neural_tube_membrane,True,0,released raw prediction quaternion plus independently decoded released ground-truth line raster,predicted_centers,0.6652234416632369,-0.623238228585234,-0.4111591943416293,48.821470838759666,,,-0.38409057893403326,0.9151400089634265,0.12244668704599208,0
,20.0,910.0,679.0,5.0,21.795245905544306,neural_tube_membrane,True,1,released raw prediction quaternion plus independently decoded released ground-truth line raster,predicted_centers,-0.6254504488959977,0.6625639009542773,0.41209320927193815,40.070357200193484,,,-0.6757598623876447,0.7357733734670282,0.04456625722203571,0
,20.0,170.0,726.0,4.0,19.978276586320824,neural_tube_membrane,True,2,released raw prediction quaternion plus independently decoded released ground-truth line raster,predicted_centers,0.7773972750819427,-0.5368547317204502,-0.3277811369260499,38.910708115454085,,,-0.7605771365387832,0.6492475794136358,-0.0,0
,19.0,217.0,95.0,4.0,52.14599274658374,neural_tube_membrane,True,3,released raw prediction quaternion plus independently decoded released ground-truth line raster,predicted_centers,-0.5701545469094211,0.7834581060789602,0.24721890837409968,77.21556520565034,,,0.2786537642711509,0.9554998460515844,0.0968097301561999,1
,20.0,725.0,577.0,4.0,88.87059327308612,neural_tube_membrane,True,4,released raw prediction quaternion plus independently decoded released ground-truth line raster,predicted_centers,0.02028073620459723,0.015216467454774656,0.9996785237551107,178.91327751738794,,,-0.9993308309987152,0.03657718162211714,-0.0,0
,4.0,649.0,420.0,4.0,30.10944870982944,neural_tube_membrane,True,5,released raw prediction quaternion plus independently decoded released ground-truth line raster,predicted_centers,-0.044033387271356146,0.8947518468512625,0.44438743609790043,37.18576118960255,,,0.2120422260760534,0.9772605048607622,0.0,0
,20.0,505.0,508.0,4.0,28.288216046162937,neural_tube_membrane,True,6,released raw prediction quaternion plus independently decoded released ground-truth line raster,predicted_centers,-0.6330829788809863,0.7086249244052434,0.31153917628901784,47.40614857953989,,,-0.3056725163781407,0.951221996991496,0.041725593711363064,0
,20.0,461.0,563.0,5.0,76.27059035458137,neural_tube_membrane,True,7,released raw prediction quaternion plus independently decoded released ground-truth line raster,predicted_centers,-0.4650979160367065,0.7171938454220657,0.5189575286928815,58.0436861689187,,,0.9571014504706044,0.28975302156675664,0.0,0
,14.0,901.0,12.0,4.0,32.872663179461895,neural_tube_membrane,True,8,released raw prediction quaternion plus independently decoded released ground-truth line raster,predicted_centers,0.13943546499591777,0.9670468802829918,0.21302131920609532,31.573933906114974,,,-0.5721532233470367,-0.8117647519383162,0.11695587426085123,1
,19.0,340.0,635.0,4.0,20.760921608004956,neural_tube_membrane,True,9,released raw prediction quaternion plus independently decoded released ground-truth line raster,predicted_centers,0.7300428357596309,-0.604481352990343,-0.31880989922366115,49.51407004325453,,,-0.8641325240916766,0.5032643249893121,-0.0,1
,17.0,178.0,528.0,4.0,5.9729555340775695,neural_tube_membrane,True,10,released raw prediction quaternion plus independently decoded released ground-truth line raster,predicted_centers,0.8053202892298631,-0.573734866076501,-0.14929010416939706,11.853048037324504,,,-0.8036026427589054,0.5933107232637447,0.046959325071338404,0
,17.0,524.0,684.0,4.0,49.17896922746341,neural_tube_membrane,True,11,released raw prediction quaternion plus independently decoded released ground-truth line raster,predicted_centers,-0.30447325656611934,0.7560480108432924,0.5793853996571907,59.25998979279586,,,-0.20232440588376407,-0.9784107937212935,0.04215629862132641,1
,11.0,534.0,410.0,4.0,12.520660787713044,neural_tube_membrane,True,12,released raw prediction quaternion plus independently decoded released ground-truth line raster,predicted_centers,0.7336618587277061,-0.619824618412144,-0.27849186605437437,23.025578848542057,,,-0.6334884627666397,0.7600727809196433,0.14485073436693324,0
,20.0,79.0,466.0,4.0,40.4441639172109,neural_tube_membrane,True,13,released raw prediction quaternion plus independently decoded released ground-truth line raster,predicted_centers,0.15334728237238668,0.8666536394851838,0.47475897059043387,37.95825489080498,,,-0.545282088871418,-0.8329961186562475,0.09372784996813835,0
,7.0,852.0,403.0,4.0,51.312443327298766,neural_tube_membrane,True,14,released raw prediction quaternion plus independently decoded released ground-truth line raster,predicted_centers,0.08017157948695501,0.776862574231045,0.6245454816117726,43.34714278824749,,,0.7210104862194676,0.6912257745369365,0.04848512532085815,0
,4.0,979.0,63.0,4.0,35.82514927476283,neural_tube_membrane,True,15,released raw prediction quaternion plus independently decoded released ground-truth line raster,predicted_centers,-0.692193489415676,0.4242321283190114,0.5838623763460634,119.44381772101565,,,-0.950364595484477,0.308860465690558,0.037581223809744234,1
,8.0,536.0,83.0,5.0,15.272306600691312,neural_tube_membrane,True,16,released raw prediction quaternion plus independently decoded released ground-truth line raster,predicted_centers,0.6916609414908473,-0.6884325045241301,-0.21832505291566592,26.78153720885675,,,-0.5456027764873868,0.8363808799473382,0.05276963092320269,1
,15.0,263.0,436.0,4.0,88.88929512151624,neural_tube_membrane,True,17,released raw prediction quaternion plus independently decoded released ground-truth line raster,predicted_centers,-0.40083631157353433,0.5367611405671497,0.7424403877087891,66.56588900017832,,,0.8182189241752743,0.5749067681993809,0.0,0
,4.0,321.0,626.0,5.0,39.253976273476326,neural_tube_membrane,True,18,released raw prediction quaternion plus independently decoded released ground-truth line raster,predicted_centers,-0.851065906467401,0.44571426928176605,0.27753488610883204,103.0951872971507,,,-0.9848089533440141,-0.1687072351646577,0.041099807986953646,0
,13.0,426.0,650.0,4.0,35.861415566265684,neural_tube_membrane,True,19,released raw prediction quaternion plus independently decoded released ground-truth line raster,predicted_centers,0.8948900641208348,-0.39888670764162465,-0.20015286059567827,129.9628615174692,,,0.9843003117120075,0.17650183104898667,0.0,0
,16.0,566.0,184.0,4.0,17.102981228200758,neural_tube_membrane,True,20,released raw prediction quaternion plus independently decoded released ground-truth line raster,predicted_centers,0.798752108362988,-0.6016502227925973,-0.0034754567037460393,31.586622782854377,,,0.5887378129816476,-0.8072272315173322,0.042094943430892935,0
,17.0,971.0,599.0,4.0,19.880919243358083,neural_tube_membrane,True,21,released raw prediction quaternion plus independently decoded released ground-truth line raster,predicted_centers,-0.4777297885970501,0.7938640500279542,0.3762367860274054,37.03464257833216,,,-0.5513658679470366,0.8332437205364329,0.041238111615517485,0
,19.0,400.0,550.0,4.0,17.12038792079275,neural_tube_membrane,True,22,released raw prediction quaternion plus independently decoded released ground-truth line raster,predicted_centers,-0.504220543840828,0.79635227587268,0.33404295514389,31.254342388997404,,,-0.49479473386791534,0.8678331110667405,0.0452090994469202,0
,18.0,669.0,579.0,4.0,31.075136406430783,neural_tube_membrane,True,23,released raw prediction quaternion plus independently decoded released ground-truth line raster,predicted_centers,-0.24955382180675903,0.8817929958658879,0.40020495057345634,40.99860963353756,,,0.08775611922427624,0.996141989647407,0.0,1
,6.0,235.0,707.0,4.0,42.81494769250147,neural_tube_membrane,True,24,released raw prediction quaternion plus independently decoded released ground-truth line raster,predicted_centers,0.11185635350988431,0.8378037376906419,0.534390356659869,41.27993872745113,,,-0.5456027764873865,-0.8363808799473383,0.052769630923202686,0
,12.0,932.0,280.0,5.0,9.680788718739946,neural_tube_membrane,True,25,released raw prediction quaternion plus independently decoded released ground-truth line raster,predicted_centers,0.7082401024112466,-0.6865838311662043,-0.1643125074899785,18.075504419930162,,,-0.6922931600462403,0.7216163666056854,-0.0,0
,19.0,969.0,360.0,4.0,53.763335865485274,neural_tube_membrane,True,26,released raw prediction quaternion plus independently decoded released ground-truth line raster,predicted_centers,-0.29480848411042815,0.8198232079188565,0.4908949637693858,57.924316335011476,,,0.46166924004523474,0.8870521477320572,0.0,1
,13.0,561.0,37.0,5.0,83.1246257856541,neural_tube_membrane,True,27,released raw prediction quaternion plus independently decoded released ground-truth line raster,predicted_centers,-0.3821326179940674,0.834516829033688,0.39693365229539135,74.28557804563378,,,0.865305529298527,0.49043677987312456,0.10352828557006313,1
,11.0,691.0,71.0,4.0,68.17576363525576,neural_tube_membrane,True,28,released raw prediction quaternion plus independently decoded released ground-truth line raster,predicted_centers,-0.011213583992737591,0.7829639559662666,0.6219659952052782,34.45628535784284,,,0.8732245063603904,0.48731813170828403,0.0,0
,11.0,409.0,316.0,4.0,25.096706079015902,neural_tube_membrane,True,29,released raw prediction quaternion plus independently decoded released ground-truth line raster,predicted_centers,-0.10099423869879572,0.9691480139693468,0.22483836587406825,33.20252457799263,,,-0.23913415595054124,-0.9699161729593192,0.04557930330501235,0
,2.0,289.0,133.0,4.0,13.818464876620144,neural_tube_membrane,True,30,released raw prediction quaternion plus independently decoded released ground-truth line raster,predicted_centers,-0.4211732124359302,0.900430160237172,0.10880556815558488,22.219213922163576,,,0.24972706139264317,-0.9672127506622105,0.046215687430090524,0
,4.0,239.0,403.0,4.0,43.406094202373886,neural_tube_membrane,True,31,released raw prediction quaternion plus independently decoded released ground-truth line raster,predicted_centers,0.10452315473687945,0.8810896336632769,0.4612547751242939,38.15610278782177,,,0.7182922899887686,0.6890881365505866,0.0959881566024203,0
,16.0,701.0,418.0,4.0,48.755455782876155,neural_tube_membrane,True,32,released raw prediction quaternion plus independently decoded released ground-truth line raster,predicted_centers,-0.6839904560112157,0.47033012367362725,0.5576258878950292,15.871333768269809,,,0.9987148488840567,0.05068185689668248,0.0,0
,8.0,833.0,439.0,4.0,33.07932240541089,neural_tube_membrane,True,33,released raw prediction quaternion plus independently decoded released ground-truth line raster,predicted_centers,0.060204742993221885,0.8694596425173752,0.4903216484662677,34.28651203170868,,,0.4182081754863822,0.9070179871882863,0.04919647216275797,0
,19.0,146.0,484.0,4.0,62.267044378613505,neural_tube_membrane,True,34,released raw prediction quaternion plus independently decoded released ground-truth line raster,predicted_centers,-0.3838791719306882,0.7642545836341217,0.5182197533402642,65.69068246834888,,,0.5275796824295688,0.8486920549509491,0.03716819272779712,1
,14.0,653.0,349.0,4.0,34.30733629929108,neural_tube_membrane,True,35,released raw prediction quaternion plus independently decoded released ground-truth line raster,predicted_centers,-0.17774162558595988,0.9159606830371493,0.35975539143170493,39.72651851257219,,,0.3831075562951412,0.9065373585936334,0.1772529767976927,0
,16.0,52.0,789.0,4.0,78.35320771872817,neural_tube_membrane,True,36,released raw prediction quaternion plus independently decoded released ground-truth line raster,predicted_centers,-0.3757815559158742,0.6433084735967748,0.6670400512952969,47.64767202024112,,,0.9678457287535753,0.25154451958542184,0.0,0
,10.0,114.0,551.0,4.0,51.72710715844659,neural_tube_membrane,True,37,released raw prediction quaternion plus independently decoded released ground-truth line raster,predicted_centers,-0.06081321682911968,0.9097273949476837,0.41072840118574144,46.00735388060476,,,0.7062817565605343,0.706281756560534,0.048292449715591435,1
,8.0,605.0,91.0,4.0,31.214505271117154,neural_tube_membrane,True,38,released raw prediction quaternion plus independently decoded released ground-truth line raster,predicted_centers,0.8583996189855438,-0.4175962539212383,-0.29793197686119854,122.22892258952069,,,0.9999716900421347,0.007524567381380445,0.0,1
,12.0,317.0,521.0,4.0,73.54530119112931,neural_tube_membrane,True,39,released raw prediction quaternion plus independently decoded released ground-truth line raster,predicted_centers,-0.419552484150487,0.7838594186896976,0.4577555294855594,72.52301461047813,,,-0.6679796920554627,-0.7430305902783886,0.041336096961841096,1
,14.0,389.0,263.0,5.0,10.24053802594396,neural_tube_membrane,True,40,released raw prediction quaternion plus independently decoded released ground-truth line raster,predicted_centers,0.854072776127342,-0.463195296821364,-0.23666391799491482,21.893391152069565,,,-0.8261921959627971,0.5566081165004919,0.08714275630220608,0
,19.0,398.0,300.0,5.0,11.966964586735388,neural_tube_membrane,True,41,released raw prediction quaternion plus independently decoded released ground-truth line raster,predicted_centers,0.794498992054538,-0.5520816928935107,-0.25293705935698424,32.14224851825738,,,-0.8196283531547593,0.5709777272545421,0.04683799402253294,1
,12.0,216.0,410.0,4.0,26.79643355751,neural_tube_membrane,True,42,released raw prediction quaternion plus independently decoded released ground-truth line raster,predicted_centers,-0.5379326938889134,0.7626269427194914,0.3592054608211547,44.39316705651138,,,-0.3127684945527874,0.9498293893195677,-0.0,0
,13.0,673.0,109.0,4.0,31.566705186090196,neural_tube_membrane,True,43,released raw prediction quaternion plus independently decoded released ground-truth line raster,predicted_centers,0.40342403472835664,0.8918869289256497,0.20441808681001497,18.720109775867034,,,0.8072904743563147,0.5901542933958513,0.0,0
,6.0,399.0,685.0,4.0,79.63743937885516,neural_tube_membrane,True,44,released raw prediction quaternion plus independently decoded released ground-truth line raster,predicted_centers,-0.4451953852337296,0.7160064799774679,0.5377134828111223,60.61791972898382,,,0.7434143625004364,0.6658155892568167,0.06344041874600258,0
,15.0,243.0,101.0,4.0,28.077858095946272,neural_tube_membrane,True,45,released raw prediction quaternion plus independently decoded released ground-truth line raster,predicted_centers,-0.7506474974607255,0.5775360086587853,0.32090573889918167,108.02161364724645,,,-0.9600185877293416,0.2799362627709397,-0.0,0
,8.0,728.0,529.0,4.0,37.16121397087538,neural_tube_membrane,True,46,released raw prediction quaternion plus independently decoded released ground-truth line raster,predicted_centers,-0.3178279924152086,0.8219635280092659,0.47261117830609856,50.07811408744486,,,0.12207504200054034,0.9915523006714535,0.04383741727923594,1
,4.0,83.0,217.0,4.0,26.31124185105947,neural_tube_membrane,True,47,released raw prediction quaternion plus independently decoded released ground-truth line raster,predicted_centers,-0.2998580172602431,0.897515832536896,0.32334269719657815,35.92601266018425,,,0.050655672759566756,0.9974307021716102,0.05065567275956676,0
,7.0,422.0,116.0,4.0,23.547489348880497,neural_tube_membrane,True,48,released raw prediction quaternion plus independently decoded released ground-truth line raster,predicted_centers,0.00524280232064226,0.9083661965602149,0.41814275788366306,29.407330583119574,,,0.257439466595001,0.960934197541123,0.10163852141427221,0
,12.0,110.0,402.0,5.0,24.134634098005936,neural_tube_membrane,True,49,released raw prediction quaternion plus independently decoded released ground-truth line raster,predicted_centers,0.7046329439646866,-0.6504505341389869,-0.28356042904108764,42.16951339396188,,,-0.4507809538931523,0.8909776678620053,0.05436291914864393,0
,17.0,581.0,684.0,4.0,39.700223196221025,neural_tube_membrane,True,50,released raw prediction quaternion plus independently decoded released ground-truth line raster,predicted_centers,-0.4323392300474353,0.7250518233865026,0.5360808181290377,61.38600890637968,,,0.0,-0.9961236577393472,-0.08796396132498786,1
,10.0,691.0,299.0,5.0,20.556197793764948,neural_tube_membrane,True,51,released raw prediction quaternion plus independently decoded released ground-truth line raster,predicted_centers,0.7259267923927284,-0.5785984513605618,-0.3718253947346311,50.00262354731463,,,-0.8580760733760184,0.5113453250991588,0.04723781111386663,1
,17.0,614.0,252.0,5.0,63.613575185243306,neural_tube_membrane,True,52,released raw prediction quaternion plus independently decoded released ground-truth line raster,predicted_centers,-0.5574477706269688,0.5907761384464311,0.5832971260561342,83.4764821073754,,,0.9843003117120075,0.17650183104898667,0.0,1
,16.0,805.0,203.0,4.0,17.47089524055123,neural_tube_membrane,True,53,released raw prediction quaternion plus independently decoded released ground-truth line raster,predicted_centers,0.736545066411804,-0.6738638729044428,-0.05838532297295467,30.6716323673822,,,-0.5058465461482894,0.8626234820301651,-0.0,1
,12.0,720.0,711.0,4.0,20.256282412714,neural_tube_membrane,True,54,released raw prediction quaternion plus independently decoded released ground-truth line raster,predicted_centers,-0.3710884146191286,0.8445166484953478,0.38611529230224334,33.15949241934149,,,-0.3498898722067762,0.9356071572950616,0.047077856210535535,0
,19.0,27.0,478.0,4.0,37.13538362042845,neural_tube_membrane,True,55,released raw prediction quaternion plus independently decoded released ground-truth line raster,predicted_centers,0.5655641496803097,0.6426236353031236,0.5168868889285027,15.748392139747269,,,0.9223127369954708,0.3820381909233974,0.05818965416550831,0
,15.0,1004.0,625.0,4.0,23.696190789665234,neural_tube_membrane,True,56,released raw prediction quaternion plus independently decoded released ground-truth line raster,predicted_centers,-0.6057397203928263,0.7432761422339842,0.283936555455945,58.689709423881794,,,-0.8332461447032196,0.5529022176996773,-0.0,0
,8.0,154.0,557.0,4.0,25.237229355954195,neural_tube_membrane,True,57,released raw prediction quaternion plus independently decoded released ground-truth line raster,predicted_centers,0.7080598961887665,-0.6384247434896403,-0.3017698300184101,46.015921922892,,,-0.4930821150406544,0.8699827744427099,-0.0,0
,11.0,345.0,478.0,4.0,39.59323798122078,neural_tube_membrane,True,58,released raw prediction quaternion plus independently decoded released ground-truth line raster,predicted_centers,-0.2431888069072939,0.7824468509733945,0.5732679387483882,55.634323911089716,,,0.04543882589537978,0.9989671231333138,0.0,0
,18.0,218.0,243.0,4.0,17.011831140877934,neural_tube_membrane,True,59,released raw prediction quaternion plus independently decoded released ground-truth line raster,predicted_centers,0.7475409694522935,-0.6169633290351664,-0.24604623471244236,30.904110720438055,,,-0.6074070445016031,0.7925798972540343,0.05360773039974831,0
,17.0,80.0,82.0,4.0,42.53252752473343,neural_tube_membrane,True,60,released raw prediction quaternion plus independently decoded released ground-truth line raster,predicted_centers,-0.054471501677415754,0.9513195567486663,0.3033545062340898,35.03115287081943,,,0.608330544978696,0.7917422460726488,0.055481202490214244,0
,19.0,615.0,406.0,4.0,41.10350744793833,neural_tube_membrane,True,61,released raw prediction quaternion plus independently decoded released ground-truth line raster,predicted_centers,-0.0960779269483274,0.8451383067965909,0.5258424425037439,42.01275209067407,,,0.41121066601690537,0.910436021634598,0.04485575396868037,0
,13.0,442.0,294.0,4.0,37.71153034499343,neural_tube_membrane,True,62,released raw prediction quaternion plus independently decoded released ground-truth line raster,predicted_centers,-0.2705651336944619,0.9136877244644037,0.3032643246278034,45.71411321730505,,,-0.24340561554552168,-0.9661782988930242,0.08516572708013284,0
,8.0,922.0,538.0,4.0,24.47915030186434,neural_tube_membrane,True,63,released raw prediction quaternion plus independently decoded released ground-truth line raster,predicted_centers,-0.7828680286950489,0.538035090038451,0.31246742475727635,76.35481261200081,,,-0.9630230017513538,0.26620525253453764,0.04149050036858151,0
,19.0,156.0,202.0,5.0,17.881836511391537,neural_tube_membrane,True,64,released raw prediction quaternion plus independently decoded released ground-truth line raster,predicted_centers,-0.7376359176007342,0.5810826751765412,0.3438548788006315,52.74250651162631,,,-0.8196571747914173,0.5711462645489134,0.04420475432320131,1
,7.0,33.0,349.0,5.0,48.89400004847466,neural_tube_membrane,True,65,released raw prediction quaternion plus independently decoded released ground-truth line raster,predicted_centers,-0.7733918506917333,0.3759966252440353,0.5103837606044224,85.78050299100238,,,0.9790016026956182,0.19770324801066744,0.04969192736696362,0
,15.0,357.0,241.0,4.0,16.384857417158734,neural_tube_membrane,True,66,released raw prediction quaternion plus independently decoded released ground-truth line raster,predicted_centers,-0.417852449561732,0.8689939556094093,0.2650449688441042,40.54359778479918,,,-0.6251744857233021,0.7748462927345656,0.0936487321649622,1
,11.0,171.0,620.0,4.0,18.62282192662018,neural_tube_membrane,True,67,released raw prediction quaternion plus independently decoded released ground-truth line raster,predicted_centers,0.6795731042559423,-0.6405106549518232,-0.3576681378947929,34.9639894777994,,,-0.7216771755528278,0.6910251870381274,0.04081966640008264,0
,2.0,294.0,572.0,4.0,56.11554007318108,neural_tube_membrane,True,68,released raw prediction quaternion plus independently decoded released ground-truth line raster,predicted_centers,0.22326435958719335,0.7356777319706741,0.6394773650572828,30.464525420614343,,,0.8694849388713106,0.4939594528662787,0.0,1
,18.0,722.0,342.0,4.0,47.67101344993479,neural_tube_membrane,True,69,released raw prediction quaternion plus independently decoded released ground-truth line raster,predicted_centers,-0.34247557322760397,0.7761834034208418,0.5293862540682965,65.95294384926724,,,0.2812041713664592,0.9584106291778727,0.04871632051969305,0
,18.0,485.0,113.0,5.0,32.368316277370766,neural_tube_membrane,True,70,released raw prediction quaternion plus independently decoded released ground-truth line raster,predicted_centers,0.8664942212416398,-0.41541065084878753,-0.2768063505706306,122.5903374757548,,,0.998747493983744,0.05003442076402323,0.0,0
,18.0,349.0,200.0,5.0,18.184361300500232,neural_tube_membrane,True,71,released raw prediction quaternion plus independently decoded released ground-truth line raster,predicted_centers,0.7432414887685054,-0.6239725400350155,-0.24135111073998955,35.23780302628271,,,0.6811918517644183,-0.7304167040101821,0.04969003514453288,0
,13.0,777.0,458.0,5.0,46.94874326472718,neural_tube_membrane,True,72,released raw prediction quaternion plus independently decoded released ground-truth line raster,predicted_centers,-0.7400213899071438,0.4666985577151089,0.48431477233978343,89.3033418322139,,,-0.9867469064743505,-0.15423450163860722,0.05042083961607302,1
,14.0,249.0,689.0,5.0,18.293352892648038,neural_tube_membrane,True,73,released raw prediction quaternion plus independently decoded released ground-truth line raster,predicted_centers,0.7116675574083559,-0.6288300062173924,-0.31321256522218033,38.34262528744975,,,-0.7349104413170005,0.6781641713060722,-0.0,1
,2.0,974.0,545.0,4.0,43.48918498975798,neural_tube_membrane,True,74,released raw prediction quaternion plus independently decoded released ground-truth line raster,predicted_centers,-0.24782696734700277,0.870248351421811,0.42573419066737866,48.4304311674084,,,0.35514349618684854,0.9348117976984361,0.0,1
,6.0,739.0,38.0,5.0,89.39576405291879,neural_tube_membrane,True,75,released raw prediction quaternion plus independently decoded released ground-truth line raster,predicted_centers,-0.31208793755890396,0.8212932984616308,0.47757558263822947,66.36675274443839,,,0.9389812006581525,0.3439684648489953,0.0,0
,7.0,900.0,377.0,4.0,33.061694462082315,neural_tube_membrane,True,76,released raw prediction quaternion plus independently decoded released ground-truth line raster,predicted_centers,-0.551343169300114,0.7036164382364116,0.4482684658880342,51.32339481628562,,,-0.19095410626092116,0.9762434886908337,0.10239716837316899,1
,11.0,587.0,237.0,4.0,11.665657883595584,neural_tube_membrane,True,77,released raw prediction quaternion plus independently decoded released ground-truth line raster,predicted_centers,0.8088083572024305,-0.5671714123811996,-0.1553886427542919,25.146012121224466,,,-0.7365041305850613,0.6764330459337001,-0.0,0
,9.0,824.0,660.0,4.0,20.222116497689402,neural_tube_membrane,True,78,released raw prediction quaternion plus independently decoded released ground-truth line raster,predicted_centers,0.7483093282303485,-0.6198080233776745,-0.2363708176575625,36.12546551606681,,,-0.5781640997381756,0.8159205070188792,-0.0,1
,5.0,321.0,717.0,4.0,65.84684370598673,neural_tube_membrane,True,79,released raw prediction quaternion plus independently decoded released ground-truth line raster,predicted_centers,-0.12112633224233069,0.7696875553694046,0.6268249187348811,48.21942013280943,,,0.8204496681350396,0.5574860234091443,0.12677411313262013,0
,5.0,698.0,250.0,4.0,15.14669572867794,neural_tube_membrane,True,80,released raw prediction quaternion plus independently decoded released ground-truth line raster,predicted_centers,0.7934676482768837,-0.5717120151070062,-0.20869706016194436,40.89160700189658,,,-0.8947588693533178,0.44654962290161254,-0.0,0
,19.0,437.0,190.0,4.0,15.982646035817295,neural_tube_membrane,True,81,released raw prediction quaternion plus independently decoded released ground-truth line raster,predicted_centers,0.32954375412787895,0.9355845588576263,0.12681658938200838,15.424835817714255,,,0.5543812482949214,0.8322628380139082,0.0,0
,4.0,58.0,424.0,5.0,40.90343493442153,neural_tube_membrane,True,82,released raw prediction quaternion plus independently decoded released ground-truth line raster,predicted_centers,-0.6007380760646935,0.6754913940162188,0.4275805661815279,110.05944888089918,,,-0.9734352833033304,0.22439432399884535,0.04550754417968607,1
,4.0,555.0,181.0,4.0,42.73951310590447,neural_tube_membrane,True,83,released raw prediction quaternion plus independently decoded released ground-truth line raster,predicted_centers,-0.0043538646490282685,0.9766604100089824,0.21474516847581138,43.810786582571225,,,0.6663216626421545,0.7439912700834674,0.04992426197134927,1
,8.0,817.0,528.0,5.0,26.057127641130805,neural_tube_membrane,True,84,released raw prediction quaternion plus independently decoded released ground-truth line raster,predicted_centers,-0.6707243292987703,0.7154215598102251,0.19570607002701512,45.131106716255196,,,0.38586701976823956,-0.918261312577642,0.08889772144640874,1
,8.0,1001.0,473.0,4.0,18.99199564043245,neural_tube_membrane,True,85,released raw prediction quaternion plus independently decoded released ground-truth line raster,predicted_centers,-0.17043680363120453,0.8925079659400872,0.41758930386381604,31.303339207552874,,,-0.13295023454516133,0.9857247036715129,0.10330074397648317,1
,2.0,442.0,821.0,5.0,47.07056019219778,neural_tube_membrane,True,86,released raw prediction quaternion plus independently decoded released ground-truth line raster,predicted_centers,-0.25717498347016776,0.8155077389622959,0.5184671210112778,52.80140225258947,,,0.4004572209881028,0.9131594412866014,0.07598584702184963,0
,4.0,628.0,510.0,5.0,60.091072907306774,neural_tube_membrane,True,87,released raw prediction quaternion plus independently decoded released ground-truth line raster,predicted_centers,-0.6604643715628509,0.6849834020289047,0.30754601743640925,111.95824367518394,,,-0.9726865805199569,-0.22843576444250432,0.04120579570839658,1
,2.0,611.0,384.0,4.0,71.9767611026424,neural_tube_membrane,True,88,released raw prediction quaternion plus independently decoded released ground-truth line raster,predicted_centers,-0.6432004442198997,0.5753772830763705,0.5052070572299815,78.1972788458615,,,0.8896054866466695,0.45672976488087835,0.0,0
,12.0,175.0,339.0,4.0,12.036568539101005,neural_tube_membrane,True,89,released raw prediction quaternion plus independently decoded released ground-truth line raster,predicted_centers,0.8382508354497185,-0.5050667038278605,-0.20553141256827134,40.42768834967148,,,-0.8745811702310201,0.4848791361538867,-0.0,0
,19.0,42.0,841.0,4.0,23.859323998569288,neural_tube_membrane,True,90,released raw prediction quaternion plus independently decoded released ground-truth line raster,predicted_centers,-0.2631383801287638,0.9031174824979891,0.33931844292596974,46.908637558067106,,,-0.4966814117841938,0.8679329324251156,-0.0,0
,7.0,600.0,134.0,5.0,40.997750628002805,neural_tube_membrane,True,91,released raw prediction quaternion plus independently decoded released ground-truth line raster,predicted_centers,-0.8444550946478885,0.4141251621422494,0.3396997839326385,95.59880278560851,,,0.983218852801931,0.18242995229636744,0.0,0
,20.0,121.0,734.0,4.0,46.19669725033499,neural_tube_membrane,True,92,released raw prediction quaternion plus independently decoded released ground-truth line raster,predicted_centers,-0.026903302813839576,0.8797685957304012,0.474640316728641,45.17159182796081,,,0.652548393214739,0.7505586628954803,0.10412630822905035,0
,3.0,663.0,614.0,4.0,15.089232729481603,neural_tube_membrane,True,93,released raw prediction quaternion plus independently decoded released ground-truth line raster,predicted_centers,-0.6608541597896735,0.7046766930688785,0.2582683444291891,27.774366843060378,,,-0.6590248496378378,0.7521211654778939,-0.0,0
,14.0,59.0,141.0,5.0,11.150683645296587,neural_tube_membrane,True,94,released raw prediction quaternion plus independently decoded released ground-truth line raster,predicted_centers,-0.6504167256843534,0.7393555371268192,0.17410190311985999,28.048074306604057,,,-0.7222788749557985,0.6916019279850122,-0.0,0
,3.0,914.0,45.0,5.0,38.337977526390375,neural_tube_membrane,True,95,released raw prediction quaternion plus independently decoded released ground-truth line raster,predicted_centers,0.8821287466225739,-0.39410881860652963,-0.25792850458732247,115.09659385394329,,,0.9828843447281058,0.17751737563805997,0.04925389563251081,0
,13.0,938.0,575.0,5.0,21.323843600610044,neural_tube_membrane,True,96,released raw prediction quaternion plus independently decoded released ground-truth line raster,predicted_centers,-0.6538130436898114,0.7033373739541683,0.2790072441717583,37.46344695711421,,,-0.4825931782091425,0.8758446348217238,-0.0,1
,16.0,527.0,151.0,4.0,67.86172620691137,neural_tube_membrane,True,97,released raw prediction quaternion plus independently decoded released ground-truth line raster,predicted_centers,-0.6901678428546079,0.6647093747700711,0.2860590774336633,63.10247515845176,,,0.9210638437512374,0.38941160195119545,0.0,0
,6.0,191.0,747.0,5.0,21.414873102237436,neural_tube_membrane,True,98,released raw prediction quaternion plus independently decoded released ground-truth line raster,predicted_centers,0.8378525404085875,-0.4703150813170881,-0.2771404784880352,47.53881891327449,,,0.940202903287145,-0.33630939997874715,0.0539859994476229,0
,4.0,736.0,404.0,5.0,36.20351641155755,neural_tube_membrane,True,99,released raw prediction quaternion plus independently decoded released ground-truth line raster,predicted_centers,0.8163840835398801,-0.5025875825760799,-0.2844692425958948,88.43713955276178,,,0.9914291491695423,-0.06060754222348569,0.11573663206861526,0
,8.0,552.0,145.0,4.0,60.99028517569308,neural_tube_membrane,True,100,released raw prediction quaternion plus independently decoded released ground-truth line raster,predicted_centers,-0.4507998465869971,0.7870751744364783,0.42106076533313713,73.32272428898258,,,-0.4459803991608275,-0.8940568055954753,0.04199895156743547,0
,3.0,885.0,270.0,5.0,56.461755872670395,neural_tube_membrane,True,101,released raw prediction quaternion plus independently decoded released ground-truth line raster,predicted_centers,-0.5047085759729847,0.6911593484246347,0.5172697636867599,73.81224508370822,,,-0.16349453945168052,-0.9828237474684854,0.08559799636373316,1
,6.0,931.0,8.0,5.0,12.09401038215598,neural_tube_membrane,True,102,released raw prediction quaternion plus independently decoded released ground-truth line raster,predicted_centers,0.8209649031783015,-0.5327565589119411,-0.20539492857845737,28.16395601514423,,,-0.8611018472248705,0.5084325016223057,-0.0,0
,19.0,11.0,513.0,4.0,25.160668219448176,neural_tube_membrane,True,103,released raw prediction quaternion plus independently decoded released ground-truth line raster,predicted_centers,0.04206390102914269,0.9445940718413991,0.32553443392719034,28.457977030985667,,,0.3315250695376511,0.9434464098548765,0.0,1
,10.0,515.0,654.0,4.0,19.339558700047867,neural_tube_membrane,True,104,released raw prediction quaternion plus independently decoded released ground-truth line raster,predicted_centers,0.7069733088624042,-0.6151484935667502,-0.34897144785598366,45.55279652279297,,,-0.8241825997071445,0.5650372607809929,0.03815673294564267,0
,14.0,323.0,288.0,5.0,24.92554039678126,neural_tube_membrane,True,105,released raw prediction quaternion plus independently decoded released ground-truth line raster,predicted_centers,-0.31423245044805725,0.8416592009060253,0.4391671169562222,36.7045062511772,,,-0.11242021002098576,0.9897938807087775,0.08757722358179489,1
,15.0,34.0,396.0,4.0,38.37138802123019,neural_tube_membrane,True,106,released raw prediction quaternion plus independently decoded released ground-truth line raster,predicted_centers,0.09634767324907802,0.8010947875771239,0.5907319757523303,38.19590243346166,,,0.44598039916082755,0.8940568055954751,0.041998951567435466,0
,18.0,445.0,134.0,4.0,56.49560936625101,neural_tube_membrane,True,107,released raw prediction quaternion plus independently decoded released ground-truth line raster,predicted_centers,-0.21471789042147088,0.8838769251147923,0.4155211291650197,49.74894998769022,,,0.6499982306369059,0.758184393962205,0.05156282499103104,1
,9.0,195.0,206.0,4.0,19.561874056321635,neural_tube_membrane,True,108,released raw prediction quaternion plus independently decoded released ground-truth line raster,predicted_centers,-0.6494372136117599,0.7411043777934772,0.17028096426652198,61.374559483920976,,,0.8306937767369296,-0.5546239810627772,0.04837446558477224,0
,13.0,658.0,393.0,4.0,54.52368835259813,neural_tube_membrane,True,109,released raw prediction quaternion plus independently decoded released ground-truth line raster,predicted_centers,0.01834813249808927,0.8823759393361532,0.4701872475030281,37.625233462492595,,,0.7668848322731545,0.6417847411939426,0.0,0
,3.0,653.0,8.0,4.0,5.931319066953472,neural_tube_membrane,True,110,released raw prediction quaternion plus independently decoded released ground-truth line raster,predicted_centers,0.9024686125139376,-0.43063486558401665,-0.010198822020425642,22.507910341071636,,,-0.8534430738499926,0.5211860701299259,-0.0,0
,15.0,71.0,254.0,4.0,47.85619536817765,neural_tube_membrane,True,111,released raw prediction quaternion plus independently decoded released ground-truth line raster,predicted_centers,-0.07522478797650567,0.9030195255473698,0.42296213513043085,39.06827988212079,,,0.6082741499796542,0.7937270050001632,0.0,0
,6.0,164.0,164.0,4.0,45.11221301449117,neural_tube_membrane,True,112,released raw prediction quaternion plus independently decoded released ground-truth line raster,predicted_centers,-0.19568911974146594,0.8803917393851929,0.43199091846603094,47.96075151649392,,,0.4918737907791545,0.8657936580199929,0.09198649725315239,0
,2.0,978.0,379.0,5.0,20.03201352010902,neural_tube_membrane,True,113,released raw prediction quaternion plus independently decoded released ground-truth line raster,predicted_centers,-0.33115597038105377,0.884494146383758,0.32864240185017163,30.267464171752973,,,-0.1616874482062444,0.9859346920107834,0.04230782648818873,0
