annotation_lookup_t,annotation_lookup_x,annotation_lookup_y,annotation_lookup_z,approximate_center_error_voxels,approximate_length_error_voxels,approximate_quaternion_error_deg,center_t,center_x,center_y,center_z,dataset,evaluated,exact_center_error_voxels,index,metric_basis,mode,nematic_axis_error_deg,predicted_decode_center_distance,predicted_decode_quality_ratio,predicted_length_npz,predicted_raster_span,skip_reason,truth_center_x,truth_center_y,truth_center_z,truth_decode_center_distance,truth_decode_quality_ratio,truth_length_from_label_centroids,truth_raster_span,truth_rendered_time_offset
,,,,0.5,12.619038146246204,36.951833955765366,2.0,78.0,855.0,5.0,neural_tube_membrane,True,,0,released NPZ prediction plus independently decoded ground-truth raster,all_groundtruth_centers,76.71889790582709,1.0315277925373094,97.14565852762719,20.516691207885742,17.257816730905546,,,,,0.7071067811865476,1253.519317188568,,33.135729354131946,0
,,,,0.0,13.638395001354581,18.256774311993127,2.0,289.0,131.0,4.0,neural_tube_membrane,True,,1,released NPZ prediction plus independently decoded ground-truth raster,all_groundtruth_centers,10.766012412099535,0.8660254037844386,316.11957321672423,18.13950538635254,18.4068956250443,,,,,0.8660254037844386,856.8260282990598,,31.77790038770712,0
,,,,0.5,5.577620420536306,66.92767551424492,2.0,442.0,817.0,4.0,neural_tube_membrane,True,,2,released NPZ prediction plus independently decoded ground-truth raster,all_groundtruth_centers,55.05536550223862,0.8660254037844386,127.36822944016177,17.354814529418945,16.33651055341118,,,,,0.8444037846192366,443.45028086202643,,22.93243494995525,0
,,,,0.5,12.350158733156654,76.53005045463419,2.0,614.0,380.0,4.0,neural_tube_membrane,True,,3,released NPZ prediction plus independently decoded ground-truth raster,all_groundtruth_centers,81.25670636153244,0.8426561840065286,246.9401800487902,18.5201358795166,17.71193403512141,,,,,1.224744871391589,1191.2236685771836,,30.870294612673256,0
,,,,0.0,16.459425625110114,57.709791349317214,2.0,982.0,372.0,4.0,neural_tube_membrane,True,,4,released NPZ prediction plus independently decoded ground-truth raster,all_groundtruth_centers,32.48612710181979,0.8660254037844386,278.573923331072,18.900737762451172,18.619222394440495,,,,,0.8660254037844386,1229.4674856585252,,35.360163387561286,0
,,,,0.5,16.538963966701232,66.36770673140329,3.0,292.0,570.0,4.0,neural_tube_membrane,True,,5,released NPZ prediction plus independently decoded ground-truth raster,all_groundtruth_centers,84.18166447382104,0.8660254037844386,317.23355974430893,18.812379837036133,19.87351105989663,,,,,0.7071067811865476,1215.3666908826895,,35.351343803737365,0
,,,,0.5,14.84756306933216,17.903201871807084,3.0,659.0,13.0,4.0,neural_tube_membrane,True,,6,released NPZ prediction plus independently decoded ground-truth raster,all_groundtruth_centers,9.217289551161334,0.8660254037844386,311.3619746972253,18.762449264526367,18.397370713585723,,,,,0.7071067811865476,918.591628353134,,33.61001233385853,0
,,,,0.7071067811865476,13.870974708984662,38.49058880318124,3.0,661.0,611.0,5.0,neural_tube_membrane,True,,7,released NPZ prediction plus independently decoded ground-truth raster,all_groundtruth_centers,20.90766319356672,0.8660254037844386,260.5281797530301,19.430601119995117,19.651035554250978,,,,,0.6877454668410735,938.2626584025987,,33.30157582897978,0
,,,,0.0,10.250333648989638,100.44523972009863,3.0,914.0,40.0,4.0,neural_tube_membrane,True,,8,released NPZ prediction plus independently decoded ground-truth raster,all_groundtruth_centers,35.253969108670304,0.8660254037844386,368.6280178923858,19.190153121948242,19.034479405930547,,,,,0.8660254037844386,997.3264586543661,,29.44048677093788,0
,,,,0.5,18.40758214184695,37.14466491366994,3.0,974.0,543.0,4.0,neural_tube_membrane,True,,9,released NPZ prediction plus independently decoded ground-truth raster,all_groundtruth_centers,33.96390258902476,0.5685520361140428,148.60813790958835,18.927696228027344,18.932138639099755,,,,,0.7071067811865476,1214.338816561976,,37.335278369874295,0
,,,,1.0,16.445202155044228,39.06268355245152,4.0,84.0,216.0,4.0,neural_tube_membrane,True,,10,released NPZ prediction plus independently decoded ground-truth raster,all_groundtruth_centers,28.030781919204625,0.8660254037844386,208.41768256277467,18.76880645751953,19.6549704073805,,,,,1.6583123951777,651.8938575948092,,35.21400861256376,0
,,,,1.0,12.493476304138213,34.187487326087926,4.0,240.0,404.0,4.0,neural_tube_membrane,True,,11,released NPZ prediction plus independently decoded ground-truth raster,all_groundtruth_centers,41.65882125087746,0.7648983229452424,117.48563164304065,20.16423797607422,19.417590221454603,,,,,1.6583123951777,1031.952549434953,,32.65771428021243,0
,,,,0.0,17.17378896156091,100.10064328368324,4.0,322.0,625.0,4.0,neural_tube_membrane,True,,12,released NPZ prediction plus independently decoded ground-truth raster,all_groundtruth_centers,39.75647308340106,0.8660254037844386,189.5706091212303,18.51657485961914,18.161122952058108,,,,,0.8660254037844386,1273.0270884047743,,35.69036382118005,0
,,,,0.5,15.597917358904326,37.18576261185496,4.0,649.0,420.0,4.0,neural_tube_membrane,True,,13,released NPZ prediction plus independently decoded ground-truth raster,all_groundtruth_centers,30.10944870982944,0.8351831321318284,445.1245515440915,18.135974884033203,18.80832691256213,,,,,0.7071067811865476,1340.8545534303453,,33.73389224293753,0
,,,,1.118033988749895,10.04682073930956,91.09063003954698,4.0,741.0,404.0,4.0,neural_tube_membrane,True,,14,released NPZ prediction plus independently decoded ground-truth raster,all_groundtruth_centers,36.22222167017887,0.8660254037844386,296.77900489180274,17.1901912689209,18.184789950327733,,,,,1.647895999294192,708.6111847207035,,27.237012008230458,0
,,,,1.0,18.472830521440436,63.508538509924634,4.0,890.0,266.0,4.0,neural_tube_membrane,True,,15,released NPZ prediction plus independently decoded ground-truth raster,all_groundtruth_centers,43.266485072604,0.8660254037844386,283.6768823211958,19.292903900146484,19.855480456421386,,,,,1.6583123951777,1077.9200141471104,,37.76573442158692,0
,,,,0.7071067811865476,17.428860574360257,82.09661774661447,5.0,60.0,426.0,4.0,neural_tube_membrane,True,,16,released NPZ prediction plus independently decoded ground-truth raster,all_groundtruth_centers,29.410249597733422,0.8660254037844386,247.64299791576886,18.527544021606445,17.747483317391275,,,,,0.835914746014128,985.7719966343847,,35.9564045959667,0
,,,,1.0,6.396047878353279,43.9484455707932,5.0,325.0,715.0,4.0,neural_tube_membrane,True,,17,released NPZ prediction plus independently decoded ground-truth raster,all_groundtruth_centers,52.1165545257943,0.4750730937912892,116.38172420870589,19.576007843017578,17.67873632883152,,,,,1.6583123951777,561.9536626717464,,25.972055721370857,0
,,,,1.0,12.505413371676148,45.357255662006345,5.0,553.0,176.0,4.0,neural_tube_membrane,True,,18,released NPZ prediction plus independently decoded ground-truth raster,all_groundtruth_centers,64.74014542166995,0.8426561840065286,288.9240187085407,18.649065017700195,18.366965246980644,,,,,1.6583123951777,1111.8630816057175,,31.154478389376344,0
,,,,1.0,17.558926472282984,127.68637591829523,5.0,631.0,514.0,4.0,neural_tube_membrane,True,,19,released NPZ prediction plus independently decoded ground-truth raster,all_groundtruth_centers,56.52809087947493,0.8660254037844386,230.51218273965517,18.582231521606445,19.00949084451397,,,,,1.6583123951777,1181.9929802516533,,36.14115799388943,0
,,,,0.5,19.832783090790215,33.431980254186705,5.0,699.0,246.0,4.0,neural_tube_membrane,True,,20,released NPZ prediction plus independently decoded ground-truth raster,all_groundtruth_centers,10.61789769833519,0.8660254037844386,266.50053819450517,19.07512092590332,19.44433799291849,,,,,0.7071067811865476,2699.675584177491,,38.907904016693536,0
,,,,1.118033988749895,20.312260202566037,166.55818290651183,5.0,981.0,63.0,4.0,neural_tube_membrane,True,,21,released NPZ prediction plus independently decoded ground-truth raster,all_groundtruth_centers,84.7102582497899,0.8660254037844386,313.6568654114491,18.595136642456055,19.046027848011978,,,,,1.6505686084807074,1532.7091176743572,,38.90739684502209,0
,,,,0.0,17.227606161139512,55.800993281508504,6.0,156.0,167.0,4.0,neural_tube_membrane,True,,22,released NPZ prediction plus independently decoded ground-truth raster,all_groundtruth_centers,54.422914033781865,0.8207381501496753,223.2051367529225,18.24981117248535,17.684557835225903,,,,,0.8660254037844386,1150.3965538365348,,35.477417333624864,0
,,,,0.7071067811865476,12.286606108316562,74.892110292297,6.0,192.0,742.0,4.0,neural_tube_membrane,True,,23,released NPZ prediction plus independently decoded ground-truth raster,all_groundtruth_centers,22.429986584811566,0.8660254037844386,254.57738803185342,18.45034408569336,18.18313761542857,,,,,0.8303331409741515,819.9722203737608,,30.73695019400992,0
,,,,0.5,12.620449371100733,33.44096270720645,6.0,236.0,705.0,4.0,neural_tube_membrane,True,,24,released NPZ prediction plus independently decoded ground-truth raster,all_groundtruth_centers,36.958892897727985,0.4898979485566589,220.0372563126515,19.342620849609375,18.18679945693214,,,,,0.849384063423156,852.4802237142079,,31.963070220710108,0
,,,,0.0,13.579921762940998,63.84686944460232,6.0,400.0,688.0,4.0,neural_tube_membrane,True,,25,released NPZ prediction plus independently decoded ground-truth raster,all_groundtruth_centers,78.84023136004622,0.7872880573253355,156.42893361935535,17.691057205200195,17.277401902020742,,,,,0.8660254037844386,960.6016485744603,,31.270978968141193,0
,,,,0.5,12.276793708182204,59.13287369788749,6.0,735.0,37.0,4.0,neural_tube_membrane,True,,26,released NPZ prediction plus independently decoded ground-truth raster,all_groundtruth_centers,82.60914683044349,0.8426561840065286,164.23788360156647,18.737314224243164,19.2236584294861,,,,,0.7071067811865476,1157.9993146947506,,31.014107932425368,0
,,,,1.5,14.856532293389506,34.137025269353366,6.0,935.0,14.0,5.0,neural_tube_membrane,True,,27,released NPZ prediction plus independently decoded ground-truth raster,all_groundtruth_centers,15.742583974109028,0.8660254037844386,298.89630084317315,18.758773803710938,19.242451092415017,,,,,1.224744871391589,1016.163088538943,,33.615306097100444,0
,,,,1.0,16.282759583835684,56.19811512306747,7.0,35.0,349.0,4.0,neural_tube_membrane,True,,28,released NPZ prediction plus independently decoded ground-truth raster,all_groundtruth_centers,48.82517094200935,1.0842600401705926,138.8740783180236,19.515295028686523,18.154115522521902,,,,,1.6583123951777,1305.4366063745772,,35.79805461252221,0
,,,,1.0,10.94409813124394,34.454678318201246,7.0,422.0,114.0,4.0,neural_tube_membrane,True,,29,released NPZ prediction plus independently decoded ground-truth raster,all_groundtruth_centers,23.472219160524872,0.8351831321318284,445.1245515440915,19.029985427856445,18.80832691256213,,,,,1.6583123951777,976.6247361581374,,29.974083559100386,0
,,,,0.5,13.108376306495998,116.98850833714191,7.0,600.0,129.0,5.0,neural_tube_membrane,True,,30,released NPZ prediction plus independently decoded ground-truth raster,all_groundtruth_centers,43.68121889522004,0.8660254037844386,250.57864552255478,18.283557891845703,17.955620016698507,,,,,0.7071067811865476,983.7021348703526,,31.3919341983417,0
,,,,0.5,12.975226223747015,50.85147612898612,7.0,851.0,403.0,4.0,neural_tube_membrane,True,,31,released NPZ prediction plus independently decoded ground-truth raster,all_groundtruth_centers,56.30529468223936,0.6086956521738812,127.63200724326788,19.603178024291992,17.4975991039266,,,,,0.849384063423156,1023.1931522453272,,32.57840424803901,0
,,,,0.5,11.701923022892085,48.57552903991946,8.0,157.0,557.0,5.0,neural_tube_membrane,True,,32,released NPZ prediction plus independently decoded ground-truth raster,all_groundtruth_centers,27.229958744685845,0.8660254037844386,354.9315503886059,19.1838436126709,19.661217324429956,,,,,0.7071067811865476,1116.3814571900036,,30.885766635562984,0
,,,,0.7071067811865476,16.31472408820229,77.71611177522826,8.0,338.0,750.0,4.0,neural_tube_membrane,True,,33,released NPZ prediction plus independently decoded ground-truth raster,all_groundtruth_centers,32.69448196518376,0.8028776222878097,206.62729481791067,17.516643524169922,16.30311328629594,,,,,0.6887501225422213,819.7491268986784,,33.83136761237221,0
,,,,1.0,15.965612427332161,20.694774796235546,8.0,557.0,146.0,4.0,neural_tube_membrane,True,,34,released NPZ prediction plus independently decoded ground-truth raster,all_groundtruth_centers,19.329699698794823,0.8660254037844386,217.83715881047473,18.481853485107422,17.51969383796183,,,,,1.6583123951777,1684.0199953594406,,34.44746591243958,0
,,,,0.5,15.866949461196398,35.95004960624624,8.0,836.0,439.0,4.0,neural_tube_membrane,True,,35,released NPZ prediction plus independently decoded ground-truth raster,all_groundtruth_centers,33.282829403166055,0.5512303287043074,309.50244525440166,18.62212371826172,18.799551548426685,,,,,0.8502904369452204,1072.0510398544288,,34.48907317945812,0
,,,,1.224744871391589,12.754106301456922,29.34012809515257,8.0,903.0,377.0,4.0,neural_tube_membrane,True,,36,released NPZ prediction plus independently decoded ground-truth raster,all_groundtruth_centers,18.332562216648544,0.8660254037844386,188.8903587736701,17.986114501953125,16.817850379634343,,,,,1.6399552204252408,729.0526515775366,,30.740220803410047,0
,,,,1.0,14.966082121501437,59.94556293865861,8.0,925.0,540.0,4.0,neural_tube_membrane,True,,37,released NPZ prediction plus independently decoded ground-truth raster,all_groundtruth_centers,18.335148379980676,0.8660254037844386,282.41105409045264,19.251014709472656,19.852654999654106,,,,,1.6583123951777,1306.486796808173,,34.21709683097409,0
,,,,1.0,11.77081391253909,51.54411861945064,9.0,196.0,200.0,4.0,neural_tube_membrane,True,,38,released NPZ prediction plus independently decoded ground-truth raster,all_groundtruth_centers,19.635038450550834,0.8660254037844386,242.56879679029262,18.473512649536133,17.747009633237674,,,,,1.6583123951777,920.5251974538289,,30.244326562075223,0
,,,,0.5,13.446310348273585,22.084059334536658,9.0,536.0,84.0,4.0,neural_tube_membrane,True,,39,released NPZ prediction plus independently decoded ground-truth raster,all_groundtruth_centers,11.47728584565298,0.8660254037844386,282.8773331922923,18.516759872436523,18.609775236293892,,,,,0.849384063423156,852.4802237142095,,31.963070220710108,0
,,,,0.7071067811865476,12.330196152292501,120.57164763219957,9.0,607.0,91.0,4.0,neural_tube_membrane,True,,40,released NPZ prediction plus independently decoded ground-truth raster,all_groundtruth_centers,26.47166987524261,0.8660254037844386,187.83842627566995,18.668926239013672,18.38313110721586,,,,,1.2073162206926162,1754.123667206894,,30.999122391306173,0
,,,,1.0,14.686839916627399,42.4532087824714,9.0,730.0,530.0,4.0,neural_tube_membrane,True,,41,released NPZ prediction plus independently decoded ground-truth raster,all_groundtruth_centers,29.479618012982346,0.8660254037844386,340.69952853777517,18.6885986328125,19.035345472744602,,,,,1.6583123951777,993.4892995459545,,33.3754385494399,0
,,,,1.0,17.824881590378126,31.361809971901234,9.0,822.0,527.0,4.0,neural_tube_membrane,True,,42,released NPZ prediction plus independently decoded ground-truth raster,all_groundtruth_centers,18.82787703413379,0.8660254037844386,290.50751444301835,18.532440185546875,18.82190009314504,,,,,1.6583123951777,1135.9310376090398,,36.357321775925,0
,,,,1.118033988749895,11.398782896758654,40.06258837427638,9.0,998.0,477.0,4.0,neural_tube_membrane,True,,43,released NPZ prediction plus independently decoded ground-truth raster,all_groundtruth_centers,26.41410379529776,0.7429670248402536,301.83697266320894,19.147611618041992,18.384522020809527,,,,,1.6491593502448452,928.9877423534608,,30.546394514800646,0
,,,,0.5,17.068280542205343,25.352090875568496,10.0,295.0,80.0,4.0,neural_tube_membrane,True,,44,released NPZ prediction plus independently decoded ground-truth raster,all_groundtruth_centers,15.279953945859173,0.8660254037844386,353.1754712169078,18.28548812866211,18.405553935844136,,,,,0.7071067811865476,1457.6879035956017,,35.35376867086745,0
,,,,1.8708286933869707,7.80354881462398,45.94081179081335,10.0,396.0,458.0,4.0,neural_tube_membrane,True,,45,released NPZ prediction plus independently decoded ground-truth raster,all_groundtruth_centers,26.415594852456984,0.8660254037844386,263.92374660991874,18.368057250976562,18.389485477147428,,,,,3.2406717089208525,476.8840583611682,,26.171606065600542,0
,,,,1.224744871391589,19.937767475697513,33.277501775261705,10.0,516.0,660.0,4.0,neural_tube_membrane,True,,46,released NPZ prediction plus independently decoded ground-truth raster,all_groundtruth_centers,13.365411862531195,0.8660254037844386,355.6292036361601,18.905052185058594,19.25835978691165,,,,,1.6435479913893734,1092.8045263454708,,38.842819660756106,0
,,,,0.5,17.69687477632067,43.84709373172714,10.0,827.0,656.0,4.0,neural_tube_membrane,True,,47,released NPZ prediction plus independently decoded ground-truth raster,all_groundtruth_centers,21.78777708690536,0.8660254037844386,253.82556836235108,18.106266021728516,18.389356198862348,,,,,0.7071067811865476,1528.5943646899498,,35.803140798049185,0
,,,,0.0,10.381449192787326,29.12251986165693,11.0,114.0,551.0,4.0,neural_tube_membrane,True,,48,released NPZ prediction plus independently decoded ground-truth raster,all_groundtruth_centers,38.712406281901615,0.3500000000000088,129.7664658425657,19.330677032470703,17.815039230937668,,,,,0.8660254037844386,1302.1117320167496,,29.71212622525803,0
,,,,0.5,16.152306470771578,31.28252454134952,11.0,174.0,621.0,4.0,neural_tube_membrane,True,,49,released NPZ prediction plus independently decoded ground-truth raster,all_groundtruth_centers,16.5856767534877,0.8660254037844386,234.9052717650731,18.515047073364258,19.640169895609297,,,,,0.8502904369451924,1260.5404803504323,,34.667353544135835,0
,,,,0.7071067811865476,13.663807359423146,70.79298333264911,11.0,348.0,479.0,4.0,neural_tube_membrane,True,,50,released NPZ prediction plus independently decoded ground-truth raster,all_groundtruth_centers,43.513538798242294,0.8660254037844386,232.96812344012852,18.34857940673828,17.2849164166535,,,,,0.48484848484849863,1458.010333417552,,32.01238676616143,0
,,,,1.0,12.179837389754336,54.026875508816964,11.0,410.0,314.0,4.0,neural_tube_membrane,True,,51,released NPZ prediction plus independently decoded ground-truth raster,all_groundtruth_centers,36.90813884730769,0.8660254037844386,428.5346654642839,19.60708236694336,20.46361425639275,,,,,1.6583123951777,1109.681666532976,,31.786919756697696,0
,,,,0.0,8.738746826851923,22.95051392123942,11.0,533.0,411.0,4.0,neural_tube_membrane,True,,52,released NPZ prediction plus independently decoded ground-truth raster,all_groundtruth_centers,12.092358631811187,0.8660254037844386,280.93515611075037,18.716339111328125,17.74360122144406,,,,,0.8660254037844386,736.226303236114,,27.455085938180048,0
,,,,0.5,15.518958477961988,20.18132956352571,11.0,590.0,239.0,4.0,neural_tube_membrane,True,,53,released NPZ prediction plus independently decoded ground-truth raster,all_groundtruth_centers,9.422590904540437,0.8660254037844386,203.64039314173027,18.45160484313965,17.291394565447643,,,,,1.224744871391589,1083.3552971325707,,33.970563321101636,0
,,,,0.5,17.022000992853556,38.47010750976061,11.0,690.0,72.0,4.0,neural_tube_membrane,True,,54,released NPZ prediction plus independently decoded ground-truth raster,all_groundtruth_centers,76.82932013404225,0.8102528588600273,87.856919407403,18.332366943359375,14.865096422647014,,,,,0.7071067811865476,994.3378886666404,,35.35436793621293,0
,,,,1.118033988749895,12.950522209307003,87.34916901184549,11.0,693.0,298.0,4.0,neural_tube_membrane,True,,55,released NPZ prediction plus independently decoded ground-truth raster,all_groundtruth_centers,32.887015195550084,0.789821831503652,279.90472085608405,18.4462947845459,17.452046804552495,,,,,1.6491593502448452,968.8898361223554,,31.3968169938529,0
,,,,0.7071067811865476,12.04017747141345,35.34964282577075,12.0,112.0,400.0,4.0,neural_tube_membrane,True,,56,released NPZ prediction plus independently decoded ground-truth raster,all_groundtruth_centers,20.201920738129786,0.8660254037844386,372.20253068200685,18.43587875366211,19.030105334257435,,,,,0.825301429163664,979.1527067997386,,30.47605622507556,0
,,,,0.7071067811865476,13.233955317188133,38.52698174450431,12.0,171.0,335.0,4.0,neural_tube_membrane,True,,57,released NPZ prediction plus independently decoded ground-truth raster,all_groundtruth_centers,15.359820234302704,0.8660254037844386,364.1609017159926,19.886964797973633,20.855894328668608,,,,,1.2130347427824386,963.583814331827,,33.120920115161766,0
,,,,0.7071067811865476,13.94094345400967,43.01128080868642,12.0,217.0,409.0,4.0,neural_tube_membrane,True,,58,released NPZ prediction plus independently decoded ground-truth raster,all_groundtruth_centers,26.006828527111594,0.8660254037844386,236.52993792259628,18.631452560424805,18.839860846757436,,,,,0.6853660062331659,1243.3561322742073,,32.572396014434474,0
,,,,0.8660254037844386,15.176211958071889,40.60730306494055,12.0,719.0,713.0,4.0,neural_tube_membrane,True,,59,released NPZ prediction plus independently decoded ground-truth raster,all_groundtruth_centers,24.945291710259852,0.8381527307120106,244.73338405711024,19.05605125427246,18.36198398481745,,,,,0.8179128813519115,977.7588590222699,,34.23226321234435,0
,,,,0.5,13.591841415240381,13.620344765507996,12.0,933.0,279.0,4.0,neural_tube_membrane,True,,60,released NPZ prediction plus independently decoded ground-truth raster,all_groundtruth_centers,6.696857017621792,0.8660254037844386,283.6613735676384,18.928077697753906,18.57150810240229,,,,,0.7071067811865476,1071.7756508593934,,32.51991911299429,0
,,,,0.7071067811865476,19.742555307514174,73.267089847222,13.0,316.0,519.0,4.0,neural_tube_membrane,True,,61,released NPZ prediction plus independently decoded ground-truth raster,all_groundtruth_centers,74.47301984498249,0.7872880573253355,154.00806714169585,19.255475997924805,18.81318463648023,,,,,1.6266904695290054,1172.9052357584708,,38.99803130543898,0
,,,,0.5,12.250545609699,120.33908019687799,13.0,426.0,649.0,4.0,neural_tube_membrane,True,,62,released NPZ prediction plus independently decoded ground-truth raster,all_groundtruth_centers,37.7654796025927,0.8660254037844386,280.9595860186165,19.145273208618164,19.84329224072723,,,,,0.7071067811865476,981.8966818948194,,31.395818818317164,0
,,,,1.0,17.338115645174497,47.59985890809223,13.0,440.0,295.0,4.0,neural_tube_membrane,True,,63,released NPZ prediction plus independently decoded ground-truth raster,all_groundtruth_centers,40.61008091954234,0.8660254037844386,306.70210438890945,18.924272537231445,19.048082355097527,,,,,1.6583123951777,1168.9965601263186,,36.26238818240594,0
,,,,0.5,10.05276026366375,34.67276974913584,13.0,651.0,390.0,4.0,neural_tube_membrane,True,,64,released NPZ prediction plus independently decoded ground-truth raster,all_groundtruth_centers,57.28636918096971,0.8660254037844386,333.7927514397103,19.77950096130371,20.248915651525994,,,,,0.7071067811865476,849.0577745714282,,29.83226122496746,0
,,,,0.7071067811865476,11.595967026996082,28.934662135652985,13.0,673.0,106.0,4.0,neural_tube_membrane,True,,65,released NPZ prediction plus independently decoded ground-truth raster,all_groundtruth_centers,45.6897165382347,0.8660254037844386,311.22603163535746,19.20907211303711,19.441211332015307,,,,,0.6866245605840431,797.2165939879333,,30.80503914003319,0
,,,,0.7071067811865476,16.17904828774717,40.544803335518644,14.0,61.0,137.0,4.0,neural_tube_membrane,True,,66,released NPZ prediction plus independently decoded ground-truth raster,all_groundtruth_centers,12.80920406766613,0.8660254037844386,291.7721249151264,18.476369857788086,18.812975335625207,,,,,1.2136695708307512,1258.8962714680117,,34.65541814553526,0
,,,,1.118033988749895,16.1623639924034,19.9047340757776,14.0,386.0,264.0,4.0,neural_tube_membrane,True,,67,released NPZ prediction plus independently decoded ground-truth raster,all_groundtruth_centers,10.371183988756473,0.8660254037844386,395.6379944120523,19.460384368896484,19.850714007122242,,,,,1.725912949775869,1157.3677873131644,,35.622748361299884,0
,,,,1.0,12.635846966472755,33.20832616584994,14.0,561.0,36.0,4.0,neural_tube_membrane,True,,68,released NPZ prediction plus independently decoded ground-truth raster,all_groundtruth_centers,55.9619814447569,0.551230328704302,309.5024452544015,18.39453887939453,18.799551548426685,,,,,1.6583123951777,1113.4978909478082,,31.030385845867286,0
,,,,0.5,9.282870880014212,39.536583820033215,14.0,654.0,350.0,4.0,neural_tube_membrane,True,,69,released NPZ prediction plus independently decoded ground-truth raster,all_groundtruth_centers,33.26825010732865,0.8660254037844386,353.7635344202314,19.387548446655273,18.62393853655365,,,,,0.5471354571293457,649.6791414253231,,28.670419326669485,0
,,,,1.0,11.02409712616586,90.87202695043014,14.0,775.0,454.0,4.0,neural_tube_membrane,True,,70,released NPZ prediction plus independently decoded ground-truth raster,all_groundtruth_centers,45.81129418351117,0.8660254037844386,257.1350899369195,18.413156509399414,18.819653615412847,,,,,1.6583123951777,742.1840595492115,,29.437253635565273,0
,,,,0.5,20.562464806882474,41.94442979372083,14.0,940.0,581.0,4.0,neural_tube_membrane,True,,71,released NPZ prediction plus independently decoded ground-truth raster,all_groundtruth_centers,24.40798714202692,0.8660254037844386,260.5281797530301,19.261367797851562,19.651035554250978,,,,,0.7071067811865476,1676.6398571948048,,39.82383260473404,0
,,,,0.0,15.333812729456177,36.220734966502626,15.0,27.0,394.0,4.0,neural_tube_membrane,True,,72,released NPZ prediction plus independently decoded ground-truth raster,all_groundtruth_centers,34.446905559172876,0.8207381501496753,186.82990968965575,19.1136531829834,18.785175699169464,,,,,0.8660254037844386,1684.01999535944,,34.447465912439576,0
,,,,0.5,15.291571190583007,38.24168851454603,15.0,66.0,249.0,4.0,neural_tube_membrane,True,,73,released NPZ prediction plus independently decoded ground-truth raster,all_groundtruth_centers,44.63827155575569,0.5512303287043022,160.05416069487615,18.91281509399414,17.504707089842814,,,,,0.7071067811865476,1343.0137565660802,,34.20438628457715,0
,,,,0.5,13.735136022658395,55.36609526512746,15.0,245.0,103.0,5.0,neural_tube_membrane,True,,74,released NPZ prediction plus independently decoded ground-truth raster,all_groundtruth_centers,16.671301720799875,0.8660254037844386,331.34343657656876,18.54486656188965,19.032795411366575,,,,,0.7071067811865476,995.3490723689414,,32.28000258454804,0
,,,,0.7071067811865476,14.008909417193546,47.56182714600889,15.0,246.0,691.0,4.0,neural_tube_membrane,True,,75,released NPZ prediction plus independently decoded ground-truth raster,all_groundtruth_centers,20.835398567084404,0.8660254037844386,225.81713856472564,17.813642501831055,16.575674685629473,,,,,0.8619068274744092,798.6125116794251,,31.8225519190246,0
,,,,0.7071067811865476,15.613403186677019,65.45129305411147,15.0,263.0,437.0,4.0,neural_tube_membrane,True,,76,released NPZ prediction plus independently decoded ground-truth raster,all_groundtruth_centers,87.97881204265575,0.9147677300823197,106.39933820482331,19.613080978393555,16.404882646726062,,,,,0.6866245605840625,1353.5668416429241,,35.22648416507057,0
,,,,1.224744871391589,16.03279337094338,36.814487884534465,15.0,315.0,288.0,4.0,neural_tube_membrane,True,,77,released NPZ prediction plus independently decoded ground-truth raster,all_groundtruth_centers,24.689943355810477,0.8660254037844386,245.19328665294762,18.332611083984375,18.172306406008907,,,,,1.641946300681298,1159.08076172395,,34.365404454927756,0
,,,,0.0,8.90941353835095,21.96375541139159,15.0,902.0,12.0,4.0,neural_tube_membrane,True,,78,released NPZ prediction plus independently decoded ground-truth raster,all_groundtruth_centers,21.799745889075282,0.8660254037844386,210.89970938713486,17.070812225341797,16.07825444367933,,,,,0.8660254037844386,439.5767024511365,,25.980225763692747,0
,,,,0.7071067811865476,17.991288288890033,85.97834055466922,15.0,1000.0,625.0,4.0,neural_tube_membrane,True,,79,released NPZ prediction plus independently decoded ground-truth raster,all_groundtruth_centers,35.4161957265578,0.8660254037844386,321.0149001762194,18.89738655090332,18.827172563480048,,,,,0.6904761904761942,1160.291434630854,,36.88867483979335,0
,,,,0.5,17.30875875100331,38.048202532121955,16.0,54.0,787.0,4.0,neural_tube_membrane,True,,80,released NPZ prediction plus independently decoded ground-truth raster,all_groundtruth_centers,89.07529976191695,0.7687061147858029,73.83773529352256,18.829742431640625,15.798581983668447,,,,,0.7071067811865476,1502.9364195711953,,36.138501182643935,0
,,,,1.0,12.549232830515834,26.066389661235522,16.0,360.0,241.0,4.0,neural_tube_membrane,True,,81,released NPZ prediction plus independently decoded ground-truth raster,all_groundtruth_centers,8.872069874382959,0.8660254037844386,302.66867486555583,18.981185913085938,19.252045823039058,,,,,1.6583123951777,773.4800919051058,,31.53041874360177,0
,,,,0.0,20.031150070572387,62.549872071029164,16.0,475.0,73.0,4.0,neural_tube_membrane,True,,82,released NPZ prediction plus independently decoded ground-truth raster,all_groundtruth_centers,29.239793904187387,0.8660254037844386,300.85480473788033,18.14560890197754,17.741873999358745,,,,,0.8660254037844386,1098.215184035999,,38.176758972549926,0
,,,,0.7071067811865476,10.920536621009518,49.27033755054221,16.0,530.0,146.0,4.0,neural_tube_membrane,True,,83,released NPZ prediction plus independently decoded ground-truth raster,all_groundtruth_centers,85.4809389243492,0.8755163765571731,101.31019504218521,19.15277862548828,17.777530987160674,,,,,1.05583341758693,862.6236702951057,,30.0733152464978,0
,,,,1.224744871391589,14.973029527223943,34.38839484860616,16.0,568.0,183.0,4.0,neural_tube_membrane,True,,84,released NPZ prediction plus independently decoded ground-truth raster,all_groundtruth_centers,18.553016166622147,0.8660254037844386,232.88826369918894,19.446184158325195,18.61979862360142,,,,,1.6419463006812818,991.3494013653217,,34.41921368554914,0
,,,,0.5,15.697019657852735,15.40019189173292,16.0,700.0,419.0,4.0,neural_tube_membrane,True,,85,released NPZ prediction plus independently decoded ground-truth raster,all_groundtruth_centers,54.60874093496374,0.9337562992806462,82.2586601266836,19.410045623779297,16.398292790864964,,,,,0.7071067811865476,1297.1103781663944,,35.10706528163203,0
,,,,0.0,12.983751381582284,40.508899244484404,17.0,76.0,82.0,4.0,neural_tube_membrane,True,,86,released NPZ prediction plus independently decoded ground-truth raster,all_groundtruth_centers,49.1623820381889,0.8660254037844386,313.50128995021555,18.534528732299805,17.966469572514733,,,,,0.8660254037844386,767.2640531739639,,31.51828011388209,0
,,,,0.5,12.751727913141067,102.57834029566067,17.0,173.0,30.0,4.0,neural_tube_membrane,True,,87,released NPZ prediction plus independently decoded ground-truth raster,all_groundtruth_centers,72.49969543282477,0.8660254037844386,334.5421721305596,18.648759841918945,18.827662574957305,,,,,1.224744871391589,1137.816528305666,,31.400487755060013,0
,,,,1.0,12.045131543892033,13.912766580457403,17.0,178.0,527.0,4.0,neural_tube_membrane,True,,88,released NPZ prediction plus independently decoded ground-truth raster,all_groundtruth_centers,6.27811472332906,0.8660254037844386,264.8664828509768,19.364797592163086,18.83990623334079,,,,,1.6583123951777,1040.1501600370186,,31.40992913605512,0
,,,,0.7071067811865476,17.082731773970536,20.500733158077715,17.0,806.0,202.0,4.0,neural_tube_membrane,True,,89,released NPZ prediction plus independently decoded ground-truth raster,all_groundtruth_centers,11.525812708963233,0.8660254037844386,322.5865760606406,18.76383399963379,18.83505637516513,,,,,1.2142391573746825,1089.9246617090255,,35.846565773604325,0
,,,,1.0,16.060802709957763,38.23011380534032,17.0,972.0,598.0,4.0,neural_tube_membrane,True,,90,released NPZ prediction plus independently decoded ground-truth raster,all_groundtruth_centers,19.628949355985625,0.8660254037844386,305.1504465223434,18.620454788208008,18.82782237518644,,,,,1.6583123951777,1033.0930877805877,,34.68125749816577,0
,,,,1.0,15.15558599929691,27.867122913143994,18.0,220.0,243.0,4.0,neural_tube_membrane,True,,91,released NPZ prediction plus independently decoded ground-truth raster,all_groundtruth_centers,15.024599781582646,0.8660254037844386,360.827477224001,19.160442352294922,18.823501000545726,,,,,1.6583123951777,1057.2643498686634,,34.31602835159183,0
,,,,0.0,2.281544611179285,74.81889629536636,18.0,332.0,528.0,5.0,neural_tube_membrane,True,,92,released NPZ prediction plus independently decoded ground-truth raster,all_groundtruth_centers,73.83788864873195,0.8660254037844386,366.3588527424935,19.068506240844727,19.027304022209904,,,,,0.8660254037844386,181.43964223951062,,16.78696162966544,0
,,,,1.0,10.09463199287254,24.69632435923583,18.0,352.0,198.0,4.0,neural_tube_membrane,True,,93,released NPZ prediction plus independently decoded ground-truth raster,all_groundtruth_centers,12.760439246794219,0.8660254037844386,260.52699289580784,18.236454010009766,18.605287570390857,,,,,1.6583123951777,787.8492410541744,,28.331086002882305,0
,,,,0.5,10.225665863113889,44.33556416979391,18.0,486.0,109.0,4.0,neural_tube_membrane,True,,94,released NPZ prediction plus independently decoded ground-truth raster,all_groundtruth_centers,63.71317978971385,0.7753964595105446,148.69048978724865,18.78804588317871,16.800168939818047,,,,,0.7071067811865476,1208.7194107733706,,29.0137117462926,0
,,,,1.0,14.71529790780567,33.26118344163643,18.0,524.0,685.0,4.0,neural_tube_membrane,True,,95,released NPZ prediction plus independently decoded ground-truth raster,all_groundtruth_centers,26.896541024858404,0.8660254037844386,313.2430783523877,19.030685424804688,18.386478989387125,,,,,1.6583123951777,1192.8244363444749,,33.74598333261036,0
,,,,1.224744871391589,14.497570948040504,15.310925479917945,18.0,582.0,688.0,4.0,neural_tube_membrane,True,,96,released NPZ prediction plus independently decoded ground-truth raster,all_groundtruth_centers,10.465828229593289,0.8660254037844386,303.4199222794602,19.634525299072266,19.242204877844724,,,,,1.4571428571428573,1253.9265117234677,,34.13209624711277,0
,,,,0.5,12.027126420245875,40.28786802568384,18.0,616.0,253.0,4.0,neural_tube_membrane,True,,97,released NPZ prediction plus independently decoded ground-truth raster,all_groundtruth_centers,71.06144281188456,0.7255342858886672,70.58032186173291,19.36869239807129,17.911338705456615,,,,,0.7071067811865476,981.8966818948194,,31.395818818317164,0
,,,,1.0,17.808829428850828,61.58476611756272,18.0,726.0,342.0,4.0,neural_tube_membrane,True,,98,released NPZ prediction plus independently decoded ground-truth raster,all_groundtruth_centers,45.40393841018043,0.697009545299157,209.78920094249264,18.974937438964844,18.356955531978123,,,,,1.6583123951777,1043.7230164237308,,36.78376686781567,0
,,,,1.118033988749895,4.684661333058713,41.71097653867432,19.0,6.0,831.0,4.0,neural_tube_membrane,True,,99,released NPZ prediction plus independently decoded ground-truth raster,all_groundtruth_centers,40.88251182575989,0.3989605872426418,151.91938419019266,18.15900993347168,16.532396971764225,,,,,1.5811388300841898,490.708873642131,,22.843671266530393,0
,,,,1.118033988749895,12.045660759136375,45.845981620995886,19.0,27.0,481.0,4.0,neural_tube_membrane,True,,100,released NPZ prediction plus independently decoded ground-truth raster,all_groundtruth_centers,70.29331368326164,0.7107053122190143,111.74446713376952,19.46043586730957,16.40361034071592,,,,,1.648568402517091,943.4713508924622,,31.506096626445945,0
,,,,0.8660254037844386,9.47496636754672,51.13328487209498,19.0,44.0,845.0,4.0,neural_tube_membrane,True,,101,released NPZ prediction plus independently decoded ground-truth raster,all_groundtruth_centers,26.09226784024297,0.8660254037844386,241.23101313861332,18.308963775634766,17.953608463586697,,,,,0.6599663291074671,693.334710983114,,27.783930143181486,0
,,,,0.5,13.761895654920409,42.8251626554509,19.0,398.0,548.0,4.0,neural_tube_membrane,True,,102,released NPZ prediction plus independently decoded ground-truth raster,all_groundtruth_centers,24.533216601210277,0.8660254037844386,347.8373468672608,19.367189407348633,19.67176397801723,,,,,0.8493840634231707,923.1577324812541,,33.12908506226904,0
,,,,0.5,12.602376400855984,47.698308950979275,19.0,440.0,186.0,5.0,neural_tube_membrane,True,,103,released NPZ prediction plus independently decoded ground-truth raster,all_groundtruth_centers,45.55305642569647,0.8660254037844386,298.5109922641058,19.293201446533203,18.609220984223118,,,,,0.7071067811865476,1088.2850693767361,,31.895577847389188,0
,,,,0.0,16.41221050778799,87.80170645144271,19.0,449.0,128.0,4.0,neural_tube_membrane,True,,104,released NPZ prediction plus independently decoded ground-truth raster,all_groundtruth_centers,84.48361969978984,0.8660254037844386,605.2592119340885,19.163415908813477,18.405409495775615,,,,,0.8660254037844386,1223.5982441495855,,35.575626416601466,0
,,,,1.0,11.980107707194332,47.70997029708875,19.0,617.0,403.0,4.0,neural_tube_membrane,True,,105,released NPZ prediction plus independently decoded ground-truth raster,all_groundtruth_centers,47.204338402539285,0.644429403579892,108.05806059842737,19.81313133239746,17.698225873377996,,,,,1.6583123951777,978.2518482112218,,31.793239039591793,0
,,,,0.5,16.917737278168985,69.32542556083821,19.0,671.0,578.0,4.0,neural_tube_membrane,True,,106,released NPZ prediction plus independently decoded ground-truth raster,all_groundtruth_centers,47.04984854495919,0.8660254037844386,214.0682224253008,18.210500717163086,17.742048622687,,,,,0.7071067811865476,1363.600547672225,,35.12823799533207,0
,,,,0.7071067811865476,11.753527574820275,33.18991334486674,20.0,6.0,511.0,4.0,neural_tube_membrane,True,,107,released NPZ prediction plus independently decoded ground-truth raster,all_groundtruth_centers,29.577608999302083,0.5512303287043029,309.5024452544019,18.921669006347656,18.799551548426685,,,,,1.5515239484133012,904.6436604082577,,30.67519658116793,0
,,,,1.118033988749895,12.346363649931348,40.29079986580342,20.0,76.0,464.0,4.0,neural_tube_membrane,True,,108,released NPZ prediction plus independently decoded ground-truth raster,all_groundtruth_centers,46.100462671830726,0.5408484138857463,168.68719903186056,18.86251449584961,17.721785277397174,,,,,1.5669919362239868,768.645277900822,,31.208878145780957,0
,,,,1.0,11.316085386503865,42.354514873913885,20.0,118.0,741.0,4.0,neural_tube_membrane,True,,109,released NPZ prediction plus independently decoded ground-truth raster,all_groundtruth_centers,42.553236206804186,0.48804226784010246,136.53237313013852,18.657562255859375,17.707311011215843,,,,,1.6583123951777,890.2502100697226,,29.97364764236324,0
,,,,1.0,20.094820877657405,30.548751594600684,20.0,147.0,482.0,4.0,neural_tube_membrane,True,,110,released NPZ prediction plus independently decoded ground-truth raster,all_groundtruth_centers,31.957044303519456,0.8660254037844386,258.2273638125722,19.028358459472656,18.394995440731126,,,,,1.6583123951777,1767.7278306557005,,39.12317933713006,0
,,,,1.118033988749895,13.718821500256162,29.46043981280011,20.0,156.0,203.0,4.0,neural_tube_membrane,True,,111,released NPZ prediction plus independently decoded ground-truth raster,all_groundtruth_centers,5.983873983240935,0.8660254037844386,255.3070996134887,18.488248825073242,17.71630092997874,,,,,1.6491593502448452,1108.5112071916928,,32.207070325329404,0
,,,,0.5,14.827741789055466,38.91070038092214,20.0,170.0,726.0,4.0,neural_tube_membrane,True,,112,released NPZ prediction plus independently decoded ground-truth raster,all_groundtruth_centers,19.978276586320824,0.8660254037844386,250.68122921523238,19.119380950927734,19.858146922438785,,,,,0.7071067811865476,985.3703833195165,,33.9471227399832,0
,,,,0.0,14.126577690428974,32.416050237580265,20.0,220.0,94.0,4.0,neural_tube_membrane,True,,113,released NPZ prediction plus independently decoded ground-truth raster,all_groundtruth_centers,26.715888199385684,0.8660254037844386,275.1244365719752,18.2922306060791,17.939464641666543,,,,,0.8660254037844386,787.367169920133,,32.418808296508075,0
,,,,0.7071067811865476,11.019807489138316,26.904505239440525,20.0,341.0,637.0,4.0,neural_tube_membrane,True,,114,released NPZ prediction plus independently decoded ground-truth raster,all_groundtruth_centers,9.676312124163209,0.8660254037844386,292.57025859663037,18.99660301208496,18.840956740939795,,,,,1.2668615834435177,1331.8573986503905,,30.016410501223277,0
,,,,1.5,20.417545968587547,142.1793835924844,20.0,363.0,665.0,5.0,neural_tube_membrane,True,,115,released NPZ prediction plus independently decoded ground-truth raster,all_groundtruth_centers,83.65260794693728,0.8660254037844386,270.4424754531709,18.178844451904297,17.72645705121836,,,,,1.224744871391589,1387.906744986105,,38.59639042049184,0
,,,,0.5,15.64697423865357,38.25795526666974,20.0,398.0,301.0,4.0,neural_tube_membrane,True,,116,released NPZ prediction plus independently decoded ground-truth raster,all_groundtruth_centers,16.969381043606234,0.8660254037844386,273.28420667973813,19.06450080871582,19.04371395292722,,,,,0.849384063423156,1139.3597249098789,,34.71147504736939,0
,,,,0.5,18.135197712201574,104.16267473456905,20.0,460.0,560.0,4.0,neural_tube_membrane,True,,117,released NPZ prediction plus independently decoded ground-truth raster,all_groundtruth_centers,46.06973072664373,0.8660254037844386,330.1258629709322,18.550636291503906,18.157360703817407,,,,,0.7071067811865476,1215.8814715826588,,36.68583400370548,0
,,,,1.0,16.04844506997602,46.24407942684072,20.0,507.0,509.0,4.0,neural_tube_membrane,True,,118,released NPZ prediction plus independently decoded ground-truth raster,all_groundtruth_centers,27.609207211762037,0.8660254037844386,277.886482087707,18.746004104614258,17.74372336854325,,,,,1.6583123951777,1180.815787520568,,34.79444917459028,0
,,,,0.7071067811865476,19.55871674786468,39.46107123269342,20.0,725.0,578.0,4.0,neural_tube_membrane,True,,119,released NPZ prediction plus independently decoded ground-truth raster,all_groundtruth_centers,17.795104777161647,0.8660254037844386,381.4942881610522,20.451093673706055,20.247821359184353,,,,,1.112633631995814,2247.3400269708113,,40.009810421570734,0
,,,,1.0,14.858042544170019,33.35595285068256,20.0,910.0,679.0,4.0,neural_tube_membrane,True,,120,released NPZ prediction plus independently decoded ground-truth raster,all_groundtruth_centers,17.92132194784514,0.8660254037844386,362.58625302455005,19.123334884643555,19.672009085457063,,,,,1.6583123951777,1081.6473033900938,,33.98137742881357,0
,,,,0.5,12.725379437154274,35.67152483211612,20.0,965.0,361.0,4.0,neural_tube_membrane,True,,121,released NPZ prediction plus independently decoded ground-truth raster,all_groundtruth_centers,32.94816898864731,0.5014157649857061,169.04582478658392,19.924171447753906,18.8118552713415,,,,,0.7071067811865476,1040.7192209104949,,32.64955088490818,0
,,,,1.4386689248603133,7.80354881462398,45.94081179081335,10.5,395.5,457.5,4.034296028880866,neural_tube_membrane,True,,0,released NPZ prediction plus independently decoded ground-truth raster,matched_groundtruth_centers,26.415594852456984,1.5117778429643236,263.92374660991874,18.368057250976562,18.389485477147428,,,,,2.6774087153887423,476.8840583611682,,26.171606065600542,0
,,,,1.034296028880866,14.858042544170019,33.35595285068256,20.0,910.0,679.0,4.034296028880866,neural_tube_membrane,True,,1,released NPZ prediction plus independently decoded ground-truth raster,matched_groundtruth_centers,17.92132194784514,0.8862687213694632,362.58625302455005,19.123334884643555,19.672009085457063,,,,,1.689397615790787,1081.6473033900938,,33.98137742881357,0
,,,,0.14784633294528504,14.827741789055466,38.91070038092214,20.0,170.0,726.0,4.352153667054715,neural_tube_membrane,True,,2,released NPZ prediction plus independently decoded ground-truth raster,matched_groundtruth_centers,19.978276586320824,1.1073237432091836,250.68122921523238,19.119380950927734,19.858146922438785,,,,,0.7899444317292723,985.3703833195165,,33.9471227399832,0
,,,,0.35215366705471496,14.126577690428974,32.416050237580265,20.0,220.0,94.0,4.352153667054715,neural_tube_membrane,True,,3,released NPZ prediction plus independently decoded ground-truth raster,matched_groundtruth_centers,26.715888199385684,1.1073237432091836,275.1244365719752,18.2922306060791,17.939464641666543,,,,,1.1073237432091836,787.367169920133,,32.418808296508075,0
,,,,0.5214005544352327,19.55871674786468,39.46107123269342,20.0,725.0,578.0,4.352153667054715,neural_tube_membrane,True,,4,released NPZ prediction plus independently decoded ground-truth raster,matched_groundtruth_centers,17.795104777161647,1.1073237432091836,381.4942881610522,20.451093673706055,20.247821359184353,,,,,1.1670329062491251,2247.3400269708113,,40.009810421570734,0
,,,,0.14784633294528504,15.597917358904326,37.18576261185496,4.0,649.0,420.0,4.352153667054715,neural_tube_membrane,True,,5,released NPZ prediction plus independently decoded ground-truth raster,matched_groundtruth_centers,30.10944870982944,1.0651612794520966,445.1245515440915,18.135974884033203,18.80832691256213,,,,,0.7899444317292723,1340.8545534303453,,33.73389224293753,0
,,,,1.034296028880866,16.04844506997602,46.24407942684072,20.0,507.0,509.0,4.034296028880866,neural_tube_membrane,True,,6,released NPZ prediction plus independently decoded ground-truth raster,matched_groundtruth_centers,27.609207211762037,0.8862687213694632,277.886482087707,18.746004104614258,17.74372336854325,,,,,1.689397615790787,1180.815787520568,,34.79444917459028,0
,,,,0.14784633294528504,18.135197712201574,104.16267473456905,20.0,460.0,560.0,4.352153667054715,neural_tube_membrane,True,,7,released NPZ prediction plus independently decoded ground-truth raster,matched_groundtruth_centers,46.06973072664373,1.1073237432091836,330.1258629709322,18.550636291503906,18.157360703817407,,,,,0.7899444317292723,1215.8814715826588,,36.68583400370548,0
,,,,0.35215366705471496,8.90941353835095,21.96375541139159,15.0,902.0,12.0,4.352153667054715,neural_tube_membrane,True,,8,released NPZ prediction plus independently decoded ground-truth raster,matched_groundtruth_centers,21.799745889075282,1.1073237432091836,210.89970938713486,17.070812225341797,16.07825444367933,,,,,1.1073237432091836,439.5767024511365,,25.980225763692747,0
,,,,0.7317596917553352,11.019807489138316,26.904505239440525,20.0,341.0,637.0,4.034296028880866,neural_tube_membrane,True,,9,released NPZ prediction plus independently decoded ground-truth raster,matched_groundtruth_centers,9.676312124163209,0.8862687213694632,292.57025859663037,18.99660301208496,18.840956740939795,,,,,1.2941045347898856,1331.8573986503905,,30.016410501223277,0
,,,,1.034296028880866,12.045131543892033,13.912766580457403,17.0,178.0,527.0,4.034296028880866,neural_tube_membrane,True,,10,released NPZ prediction plus independently decoded ground-truth raster,matched_groundtruth_centers,6.27811472332906,0.8862687213694632,264.8664828509768,19.364797592163086,18.83990623334079,,,,,1.689397615790787,1040.1501600370186,,31.40992913605512,0
,,,,1.034296028880866,14.71529790780567,33.26118344163643,18.0,524.0,685.0,4.034296028880866,neural_tube_membrane,True,,11,released NPZ prediction plus independently decoded ground-truth raster,matched_groundtruth_centers,26.896541024858404,0.8862687213694632,313.2430783523877,19.030685424804688,18.386478989387125,,,,,1.689397615790787,1192.8244363444749,,33.74598333261036,0
,,,,0.35215366705471496,8.738746826851923,22.95051392123942,11.0,533.0,411.0,4.352153667054715,neural_tube_membrane,True,,12,released NPZ prediction plus independently decoded ground-truth raster,matched_groundtruth_centers,12.092358631811187,1.1073237432091836,280.93515611075037,18.716339111328125,17.74360122144406,,,,,1.1073237432091836,736.226303236114,,27.455085938180048,0
,,,,1.1488116796754502,12.346363649931348,40.29079986580342,20.0,76.0,464.0,4.034296028880866,neural_tube_membrane,True,,13,released NPZ prediction plus independently decoded ground-truth raster,matched_groundtruth_centers,46.100462671830726,0.5479286462025995,168.68719903186056,18.86251449584961,17.721785277397174,,,,,1.6008266156076822,768.645277900822,,31.208878145780957,0
,,,,0.14784633294528504,12.975226223747015,50.85147612898612,7.0,851.0,403.0,4.352153667054715,neural_tube_membrane,True,,14,released NPZ prediction plus independently decoded ground-truth raster,matched_groundtruth_centers,56.30529468223936,0.7855003718741964,127.63200724326788,19.603178024291992,17.4975991039266,,,,,1.084852173284718,1023.1931522453272,,32.57840424803901,0
,,,,1.1488116796754502,20.312260202566037,166.55818290651183,5.0,981.0,63.0,4.034296028880866,neural_tube_membrane,True,,15,released NPZ prediction plus independently decoded ground-truth raster,matched_groundtruth_centers,84.7102582497899,0.8862687213694632,313.6568654114491,18.595136642456055,19.046027848011978,,,,,1.6817969662065435,1532.7091176743572,,38.90739684502209,0
,,,,0.14784633294528504,13.446310348273585,22.084059334536658,9.0,536.0,84.0,4.352153667054715,neural_tube_membrane,True,,16,released NPZ prediction plus independently decoded ground-truth raster,matched_groundtruth_centers,11.47728584565298,1.1073237432091836,282.8773331922923,18.516759872436523,18.609775236293892,,,,,1.084852173284718,852.4802237142095,,31.963070220710108,0
,,,,0.5214005544352327,15.613403186677019,65.45129305411147,15.0,263.0,437.0,4.352153667054715,neural_tube_membrane,True,,17,released NPZ prediction plus independently decoded ground-truth raster,matched_groundtruth_centers,87.97881204265575,0.8409884451885459,106.39933820482331,19.613080978393555,16.404882646726062,,,,,0.7716641059537109,1353.5668416429241,,35.22648416507057,0
,,,,0.35215366705471496,17.17378896156091,100.10064328368324,4.0,322.0,625.0,4.352153667054715,neural_tube_membrane,True,,18,released NPZ prediction plus independently decoded ground-truth raster,matched_groundtruth_centers,39.75647308340106,1.1073237432091836,189.5706091212303,18.51657485961914,18.161122952058108,,,,,1.1073237432091836,1273.0270884047743,,35.69036382118005,0
,,,,0.14784633294528504,12.250545609699,120.33908019687799,13.0,426.0,649.0,4.352153667054715,neural_tube_membrane,True,,19,released NPZ prediction plus independently decoded ground-truth raster,matched_groundtruth_centers,37.7654796025927,1.1073237432091836,280.9595860186165,19.145273208618164,19.84329224072723,,,,,0.7899444317292723,981.8966818948194,,31.395818818317164,0
,,,,1.2529039370034436,14.973029527223943,34.38839484860616,16.0,568.0,183.0,4.034296028880866,neural_tube_membrane,True,,20,released NPZ prediction plus independently decoded ground-truth raster,matched_groundtruth_centers,18.553016166622147,0.8862687213694632,232.88826369918894,19.446184158325195,18.61979862360142,,,,,1.6733355785856407,991.3494013653217,,34.41921368554914,0
,,,,1.034296028880866,16.060802709957763,38.23011380534032,17.0,972.0,598.0,4.034296028880866,neural_tube_membrane,True,,21,released NPZ prediction plus independently decoded ground-truth raster,matched_groundtruth_centers,19.628949355985625,0.8862687213694632,305.1504465223434,18.620454788208008,18.82782237518644,,,,,1.689397615790787,1033.0930877805877,,34.68125749816577,0
,,,,0.6115653728098763,13.761895654920409,42.8251626554509,19.0,398.0,548.0,4.352153667054715,neural_tube_membrane,True,,22,released NPZ prediction plus independently decoded ground-truth raster,matched_groundtruth_centers,24.533216601210277,1.1073237432091836,347.8373468672608,19.367189407348633,19.67176397801723,,,,,1.0943578754100758,923.1577324812541,,33.12908506226904,0
,,,,0.14784633294528504,16.917737278168985,69.32542556083821,19.0,671.0,578.0,4.352153667054715,neural_tube_membrane,True,,23,released NPZ prediction plus independently decoded ground-truth raster,matched_groundtruth_centers,47.04984854495919,1.1073237432091836,214.0682224253008,18.210500717163086,17.742048622687,,,,,0.7899444317292723,1363.600547672225,,35.12823799533207,0
,,,,0.14784633294528504,12.620449371100733,33.44096270720645,6.0,236.0,705.0,4.352153667054715,neural_tube_membrane,True,,24,released NPZ prediction plus independently decoded ground-truth raster,matched_groundtruth_centers,36.958892897727985,0.7105446305771312,220.0372563126515,19.342620849609375,18.18679945693214,,,,,1.084852173284718,852.4802237142079,,31.963070220710108,0
,,,,0.14784633294528504,13.591841415240381,13.620344765507996,12.0,933.0,279.0,4.352153667054715,neural_tube_membrane,True,,25,released NPZ prediction plus independently decoded ground-truth raster,matched_groundtruth_centers,6.696857017621792,1.1073237432091836,283.6613735676384,18.928077697753906,18.57150810240229,,,,,0.7899444317292723,1071.7756508593934,,32.51991911299429,0
,,,,0.14784633294528504,12.725379437154274,35.67152483211612,20.0,965.0,361.0,4.352153667054715,neural_tube_membrane,True,,26,released NPZ prediction plus independently decoded ground-truth raster,matched_groundtruth_centers,32.94816898864731,0.7056331955168458,169.04582478658392,19.924171447753906,18.8118552713415,,,,,0.7899444317292723,1040.7192209104949,,32.64955088490818,0
,,,,1.034296028880866,12.635846966472755,33.20832616584994,14.0,561.0,36.0,4.034296028880866,neural_tube_membrane,True,,27,released NPZ prediction plus independently decoded ground-truth raster,matched_groundtruth_centers,55.9619814447569,0.5668884680469977,309.5024452544015,18.39453887939453,18.799551548426685,,,,,1.689397615790787,1113.4978909478082,,31.030385845867286,0
,,,,0.14784633294528504,17.022000992853556,38.47010750976061,11.0,690.0,72.0,4.352153667054715,neural_tube_membrane,True,,28,released NPZ prediction plus independently decoded ground-truth raster,matched_groundtruth_centers,76.82932013404225,0.6401826535661677,87.856919407403,18.332366943359375,14.865096422647014,,,,,0.7899444317292723,994.3378886666404,,35.35436793621293,0
,,,,1.034296028880866,12.179837389754336,54.026875508816964,11.0,410.0,314.0,4.034296028880866,neural_tube_membrane,True,,29,released NPZ prediction plus independently decoded ground-truth raster,matched_groundtruth_centers,36.90813884730769,0.8862687213694632,428.5346654642839,19.60708236694336,20.46361425639275,,,,,1.689397615790787,1109.681666532976,,31.786919756697696,0
,,,,0.35215366705471496,13.638395001354581,18.256774311993127,2.0,289.0,131.0,4.352153667054715,neural_tube_membrane,True,,30,released NPZ prediction plus independently decoded ground-truth raster,matched_groundtruth_centers,10.766012412099535,1.1073237432091836,316.11957321672423,18.13950538635254,18.4068956250443,,,,,1.1073237432091836,856.8260282990598,,31.77790038770712,0
,,,,1.034296028880866,12.493476304138213,34.187487326087926,4.0,240.0,404.0,4.034296028880866,neural_tube_membrane,True,,31,released NPZ prediction plus independently decoded ground-truth raster,matched_groundtruth_centers,41.65882125087746,0.7786216532364184,117.48563164304065,20.16423797607422,19.417590221454603,,,,,1.689397615790787,1031.952549434953,,32.65771428021243,0
,,,,0.14784633294528504,15.697019657852735,15.40019189173292,16.0,700.0,419.0,4.352153667054715,neural_tube_membrane,True,,32,released NPZ prediction plus independently decoded ground-truth raster,matched_groundtruth_centers,54.60874093496374,0.9142445969242238,82.2586601266836,19.410045623779297,16.398292790864964,,,,,0.7899444317292723,1297.1103781663944,,35.10706528163203,0
,,,,0.14784633294528504,15.866949461196398,35.95004960624624,8.0,836.0,439.0,4.352153667054715,neural_tube_membrane,True,,33,released NPZ prediction plus independently decoded ground-truth raster,matched_groundtruth_centers,33.282829403166055,0.7717248880984395,309.50244525440166,18.62212371826172,18.799551548426685,,,,,1.0860918961216592,1072.0510398544288,,34.48907317945812,0
,,,,1.034296028880866,20.094820877657405,30.548751594600684,20.0,147.0,482.0,4.034296028880866,neural_tube_membrane,True,,34,released NPZ prediction plus independently decoded ground-truth raster,matched_groundtruth_centers,31.957044303519456,0.8862687213694632,258.2273638125722,19.028358459472656,18.394995440731126,,,,,1.689397615790787,1767.7278306557005,,39.12317933713006,0
,,,,0.6115653728098763,9.282870880014212,39.536583820033215,14.0,654.0,350.0,4.352153667054715,neural_tube_membrane,True,,35,released NPZ prediction plus independently decoded ground-truth raster,matched_groundtruth_centers,33.26825010732865,1.1073237432091836,353.7635344202314,19.387548446655273,18.62393853655365,,,,,0.8498037800001391,649.6791414253231,,28.670419326669485,0
,,,,0.14784633294528504,17.30875875100331,38.048202532121955,16.0,54.0,787.0,4.352153667054715,neural_tube_membrane,True,,36,released NPZ prediction plus independently decoded ground-truth raster,matched_groundtruth_centers,89.07529976191695,0.6532959272327861,73.83773529352256,18.829742431640625,15.798581983668447,,,,,0.7899444317292723,1502.9364195711953,,36.138501182643935,0
,,,,0.35215366705471496,10.381449192787326,29.12251986165693,11.0,114.0,551.0,4.352153667054715,neural_tube_membrane,True,,37,released NPZ prediction plus independently decoded ground-truth raster,matched_groundtruth_centers,38.712406281901615,0.18766993629044673,129.7664658425657,19.330677032470703,17.815039230937668,,,,,1.1073237432091836,1302.1117320167496,,29.71212622525803,0
,,,,0.5214005544352327,12.330196152292501,120.57164763219957,9.0,607.0,91.0,4.352153667054715,neural_tube_membrane,True,,38,released NPZ prediction plus independently decoded ground-truth raster,matched_groundtruth_centers,26.47166987524261,1.1073237432091836,187.83842627566995,18.668926239013672,18.38313110721586,,,,,1.2576265987834327,1754.123667206894,,30.999122391306173,0
,,,,0.7317596917553352,19.742555307514174,73.267089847222,13.0,316.0,519.0,4.034296028880866,neural_tube_membrane,True,,39,released NPZ prediction plus independently decoded ground-truth raster,matched_groundtruth_centers,74.47301984498249,0.8029583472471833,154.00806714169585,19.255475997924805,18.81318463648023,,,,,1.6578242167806774,1172.9052357584708,,38.99803130543898,0
,,,,1.1488116796754502,16.1623639924034,19.9047340757776,14.0,386.0,264.0,4.034296028880866,neural_tube_membrane,True,,40,released NPZ prediction plus independently decoded ground-truth raster,matched_groundtruth_centers,10.371183988756473,0.8862687213694632,395.6379944120523,19.460384368896484,19.850714007122242,,,,,1.7566386862590713,1157.3677873131644,,35.622748361299884,0
,,,,0.14784633294528504,15.64697423865357,38.25795526666974,20.0,398.0,301.0,4.352153667054715,neural_tube_membrane,True,,41,released NPZ prediction plus independently decoded ground-truth raster,matched_groundtruth_centers,16.969381043606234,1.1073237432091836,273.28420667973813,19.06450080871582,19.04371395292722,,,,,1.084852173284718,1139.3597249098789,,34.71147504736939,0
,,,,0.5214005544352327,13.94094345400967,43.01128080868642,12.0,217.0,409.0,4.352153667054715,neural_tube_membrane,True,,42,released NPZ prediction plus independently decoded ground-truth raster,matched_groundtruth_centers,26.006828527111594,1.1073237432091836,236.52993792259628,18.631452560424805,18.839860846757436,,,,,0.7705444618710091,1243.3561322742073,,32.572396014434474,0
,,,,0.5214005544352327,11.595967026996082,28.934662135652985,13.0,673.0,106.0,4.352153667054715,neural_tube_membrane,True,,43,released NPZ prediction plus independently decoded ground-truth raster,matched_groundtruth_centers,45.6897165382347,1.1073237432091836,311.22603163535746,19.20907211303711,19.441211332015307,,,,,0.7716641059536936,797.2165939879333,,30.80503914003319,0
,,,,0.35215366705471496,13.579921762940998,63.84686944460232,6.0,400.0,688.0,4.352153667054715,neural_tube_membrane,True,,44,released NPZ prediction plus independently decoded ground-truth raster,matched_groundtruth_centers,78.84023136004622,0.9937974557240147,156.42893361935535,17.691057205200195,17.277401902020742,,,,,1.1073237432091836,960.6016485744603,,31.270978968141193,0
,,,,0.852153667054715,13.735136022658395,55.36609526512746,15.0,245.0,103.0,4.647846332945285,neural_tube_membrane,True,,45,released NPZ prediction plus independently decoded ground-truth raster,matched_groundtruth_centers,16.671301720799875,1.348165866670692,331.34343657656876,18.54486656188965,19.032795411366575,,,,,0.7899444317292723,995.3490723689414,,32.28000258454804,0
,,,,1.034296028880866,14.686839916627399,42.4532087824714,9.0,730.0,530.0,4.034296028880866,neural_tube_membrane,True,,46,released NPZ prediction plus independently decoded ground-truth raster,matched_groundtruth_centers,29.479618012982346,0.8862687213694632,340.69952853777517,18.6885986328125,19.035345472744602,,,,,1.689397615790787,993.4892995459545,,33.3754385494399,0
,,,,1.034296028880866,16.445202155044228,39.06268355245152,4.0,84.0,216.0,4.034296028880866,neural_tube_membrane,True,,47,released NPZ prediction plus independently decoded ground-truth raster,matched_groundtruth_centers,28.030781919204625,0.8862687213694632,208.41768256277467,18.76880645751953,19.6549704073805,,,,,1.689397615790787,651.8938575948092,,35.21400861256376,0
,,,,1.034296028880866,10.94409813124394,34.454678318201246,7.0,422.0,114.0,4.034296028880866,neural_tube_membrane,True,,48,released NPZ prediction plus independently decoded ground-truth raster,matched_groundtruth_centers,23.472219160524872,0.8539276554836145,445.1245515440915,19.029985427856445,18.80832691256213,,,,,1.689397615790787,976.6247361581374,,29.974083559100386,0
,,,,0.5214005544352327,12.04017747141345,35.34964282577075,12.0,112.0,400.0,4.352153667054715,neural_tube_membrane,True,,49,released NPZ prediction plus independently decoded ground-truth raster,matched_groundtruth_centers,20.201920738129786,1.1073237432091836,372.20253068200685,18.43587875366211,19.030105334257435,,,,,1.0640180862623216,979.1527067997386,,30.47605622507556,0
,,,,1.2529039370034436,14.497570948040504,15.310925479917945,18.0,582.0,688.0,4.034296028880866,neural_tube_membrane,True,,50,released NPZ prediction plus independently decoded ground-truth raster,matched_groundtruth_centers,10.465828229593289,0.8862687213694632,303.4199222794602,19.634525299072266,19.242204877844724,,,,,1.4914388860237233,1253.9265117234677,,34.13209624711277,0
,,,,1.1488116796754502,12.950522209307003,87.34916901184549,11.0,693.0,298.0,4.034296028880866,neural_tube_membrane,True,,51,released NPZ prediction plus independently decoded ground-truth raster,matched_groundtruth_centers,32.887015195550084,0.7999412853588098,279.90472085608405,18.4462947845459,17.452046804552495,,,,,1.6804138974489575,968.8898361223554,,31.3968169938529,0
,,,,0.14784633294528504,12.027126420245875,40.28786802568384,18.0,616.0,253.0,4.352153667054715,neural_tube_membrane,True,,52,released NPZ prediction plus independently decoded ground-truth raster,matched_groundtruth_centers,71.06144281188456,0.7522601445822645,70.58032186173291,19.36869239807129,17.911338705456615,,,,,0.7899444317292723,981.8966818948194,,31.395818818317164,0
,,,,0.7317596917553352,17.082731773970536,20.500733158077715,17.0,806.0,202.0,4.034296028880866,neural_tube_membrane,True,,53,released NPZ prediction plus independently decoded ground-truth raster,matched_groundtruth_centers,11.525812708963233,0.8862687213694632,322.5865760606406,18.76383399963379,18.83505637516513,,,,,1.24263631311044,1089.9246617090255,,35.846565773604325,0
,,,,0.7223977700445704,15.176211958071889,40.60730306494055,12.0,719.0,713.0,4.352153667054715,neural_tube_membrane,True,,54,released NPZ prediction plus independently decoded ground-truth raster,matched_groundtruth_centers,24.945291710259852,1.069322451634364,244.73338405711024,19.05605125427246,18.36198398481745,,,,,1.0609350880907056,977.7588590222699,,34.23226321234435,0
,,,,1.1488116796754502,12.045660759136375,45.845981620995886,19.0,27.0,481.0,4.034296028880866,neural_tube_membrane,True,,55,released NPZ prediction plus independently decoded ground-truth raster,matched_groundtruth_centers,70.29331368326164,0.7149669160951367,111.74446713376952,19.46043586730957,16.40361034071592,,,,,1.6798339447747055,943.4713508924622,,31.506096626445945,0
,,,,0.5214005544352327,17.991288288890033,85.97834055466922,15.0,1000.0,625.0,4.352153667054715,neural_tube_membrane,True,,56,released NPZ prediction plus independently decoded ground-truth raster,matched_groundtruth_centers,35.4161957265578,1.1073237432091836,321.0149001762194,18.89738655090332,18.827172563480048,,,,,0.7750932684745757,1160.291434630854,,36.88867483979335,0
,,,,0.852153667054715,11.701923022892085,48.57552903991946,8.0,157.0,557.0,4.647846332945285,neural_tube_membrane,True,,57,released NPZ prediction plus independently decoded ground-truth raster,matched_groundtruth_centers,27.229958744685845,1.348165866670692,354.9315503886059,19.1838436126709,19.661217324429956,,,,,0.7899444317292723,1116.3814571900036,,30.885766635562984,0
,,,,0.5214005544352327,13.663807359423146,70.79298333264911,11.0,348.0,479.0,4.352153667054715,neural_tube_membrane,True,,58,released NPZ prediction plus independently decoded ground-truth raster,matched_groundtruth_centers,43.513538798242294,1.1073237432091836,232.96812344012852,18.34857940673828,17.2849164166535,,,,,0.5992414025081777,1458.010333417552,,32.01238676616143,0
,,,,1.034296028880866,15.15558599929691,27.867122913143994,18.0,220.0,243.0,4.034296028880866,neural_tube_membrane,True,,59,released NPZ prediction plus independently decoded ground-truth raster,matched_groundtruth_centers,15.024599781582646,0.8862687213694632,360.827477224001,19.160442352294922,18.823501000545726,,,,,1.689397615790787,1057.2643498686634,,34.31602835159183,0
,,,,0.35215366705471496,12.983751381582284,40.508899244484404,17.0,76.0,82.0,4.352153667054715,neural_tube_membrane,True,,60,released NPZ prediction plus independently decoded ground-truth raster,matched_groundtruth_centers,49.1623820381889,1.1073237432091836,313.50128995021555,18.534528732299805,17.966469572514733,,,,,1.1073237432091836,767.2640531739639,,31.51828011388209,0
,,,,1.034296028880866,11.980107707194332,47.70997029708875,19.0,617.0,403.0,4.034296028880866,neural_tube_membrane,True,,61,released NPZ prediction plus independently decoded ground-truth raster,matched_groundtruth_centers,47.204338402539285,0.6404918673805544,108.05806059842737,19.81313133239746,17.698225873377996,,,,,1.689397615790787,978.2518482112218,,31.793239039591793,0
,,,,1.034296028880866,17.338115645174497,47.59985890809223,13.0,440.0,295.0,4.034296028880866,neural_tube_membrane,True,,62,released NPZ prediction plus independently decoded ground-truth raster,matched_groundtruth_centers,40.61008091954234,0.8862687213694632,306.70210438890945,18.924272537231445,19.048082355097527,,,,,1.689397615790787,1168.9965601263186,,36.26238818240594,0
,,,,1.034296028880866,14.966082121501437,59.94556293865861,8.0,925.0,540.0,4.034296028880866,neural_tube_membrane,True,,63,released NPZ prediction plus independently decoded ground-truth raster,matched_groundtruth_centers,18.335148379980676,0.8862687213694632,282.41105409045264,19.251014709472656,19.852654999654106,,,,,1.689397615790787,1306.486796808173,,34.21709683097409,0
,,,,1.1488116796754502,13.718821500256162,29.46043981280011,20.0,156.0,203.0,4.034296028880866,neural_tube_membrane,True,,64,released NPZ prediction plus independently decoded ground-truth raster,matched_groundtruth_centers,5.983873983240935,0.8862687213694632,255.3070996134887,18.488248825073242,17.71630092997874,,,,,1.6804138974489575,1108.5112071916928,,32.207070325329404,0
,,,,1.034296028880866,16.282759583835684,56.19811512306747,7.0,35.0,349.0,4.034296028880866,neural_tube_membrane,True,,65,released NPZ prediction plus independently decoded ground-truth raster,matched_groundtruth_centers,48.82517094200935,1.0819244015609544,138.8740783180236,19.515295028686523,18.154115522521902,,,,,1.689397615790787,1305.4366063745772,,35.79805461252221,0
,,,,1.034296028880866,12.549232830515834,26.066389661235522,16.0,360.0,241.0,4.034296028880866,neural_tube_membrane,True,,66,released NPZ prediction plus independently decoded ground-truth raster,matched_groundtruth_centers,8.872069874382959,0.8862687213694632,302.66867486555583,18.981185913085938,19.252045823039058,,,,,1.689397615790787,773.4800919051058,,31.53041874360177,0
,,,,0.6115653728098763,16.152306470771578,31.28252454134952,11.0,174.0,621.0,4.352153667054715,neural_tube_membrane,True,,67,released NPZ prediction plus independently decoded ground-truth raster,matched_groundtruth_centers,16.5856767534877,1.1073237432091836,234.9052717650731,18.515047073364258,19.640169895609297,,,,,1.0950615048641077,1260.5404803504323,,34.667353544135835,0
,,,,0.14784633294528504,16.538963966701232,66.36770673140329,3.0,292.0,570.0,4.352153667054715,neural_tube_membrane,True,,68,released NPZ prediction plus independently decoded ground-truth raster,matched_groundtruth_centers,84.18166447382104,1.1073237432091836,317.23355974430893,18.812379837036133,19.87351105989663,,,,,0.7899444317292723,1215.3666908826895,,35.351343803737365,0
,,,,1.034296028880866,17.808829428850828,61.58476611756272,18.0,726.0,342.0,4.034296028880866,neural_tube_membrane,True,,69,released NPZ prediction plus independently decoded ground-truth raster,matched_groundtruth_centers,45.40393841018043,0.7105576008465493,209.78920094249264,18.974937438964844,18.356955531978123,,,,,1.689397615790787,1043.7230164237308,,36.78376686781567,0
,,,,0.14784633294528504,10.225665863113889,44.33556416979391,18.0,486.0,109.0,4.352153667054715,neural_tube_membrane,True,,70,released NPZ prediction plus independently decoded ground-truth raster,matched_groundtruth_centers,63.71317978971385,0.974345761404697,148.69048978724865,18.78804588317871,16.800168939818047,,,,,0.7899444317292723,1208.7194107733706,,29.0137117462926,0
,,,,1.034296028880866,10.09463199287254,24.69632435923583,18.0,352.0,198.0,4.034296028880866,neural_tube_membrane,True,,71,released NPZ prediction plus independently decoded ground-truth raster,matched_groundtruth_centers,12.760439246794219,0.8862687213694632,260.52699289580784,18.236454010009766,18.605287570390857,,,,,1.689397615790787,787.8492410541744,,28.331086002882305,0
,,,,1.034296028880866,11.02409712616586,90.87202695043014,14.0,775.0,454.0,4.034296028880866,neural_tube_membrane,True,,72,released NPZ prediction plus independently decoded ground-truth raster,matched_groundtruth_centers,45.81129418351117,0.8862687213694632,257.1350899369195,18.413156509399414,18.819653615412847,,,,,1.689397615790787,742.1840595492115,,29.437253635565273,0
,,,,0.5214005544352327,14.008909417193546,47.56182714600889,15.0,246.0,691.0,4.352153667054715,neural_tube_membrane,True,,73,released NPZ prediction plus independently decoded ground-truth raster,matched_groundtruth_centers,20.835398567084404,1.1073237432091836,225.81713856472564,17.813642501831055,16.575674685629473,,,,,0.931072276714909,798.6125116794251,,31.8225519190246,0
,,,,0.14784633294528504,18.40758214184695,37.14466491366994,3.0,974.0,543.0,4.352153667054715,neural_tube_membrane,True,,74,released NPZ prediction plus independently decoded ground-truth raster,matched_groundtruth_centers,33.96390258902476,0.7748379914622773,148.60813790958835,18.927696228027344,18.932138639099755,,,,,0.7899444317292723,1214.338816561976,,37.335278369874295,0
,,,,0.14784633294528504,12.276793708182204,59.13287369788749,6.0,735.0,37.0,4.352153667054715,neural_tube_membrane,True,,75,released NPZ prediction plus independently decoded ground-truth raster,matched_groundtruth_centers,82.60914683044349,1.0755878289558767,164.23788360156647,18.737314224243164,19.2236584294861,,,,,0.7899444317292723,1157.9993146947506,,31.014107932425368,0
,,,,1.2529039370034436,12.754106301456922,29.34012809515257,8.0,903.0,377.0,4.034296028880866,neural_tube_membrane,True,,76,released NPZ prediction plus independently decoded ground-truth raster,matched_groundtruth_centers,18.332562216648544,0.8862687213694632,188.8903587736701,17.986114501953125,16.817850379634343,,,,,1.671381892099946,729.0526515775366,,30.740220803410047,0
,,,,0.534296028880866,15.518958477961988,20.18132956352571,11.0,590.0,239.0,4.034296028880866,neural_tube_membrane,True,,77,released NPZ prediction plus independently decoded ground-truth raster,matched_groundtruth_centers,9.422590904540437,0.8862687213694632,203.64039314173027,18.45160484313965,17.291394565447643,,,,,1.2529039370034436,1083.3552971325707,,33.970563321101636,0
,,,,0.14784633294528504,17.69687477632067,43.84709373172714,10.0,827.0,656.0,4.352153667054715,neural_tube_membrane,True,,78,released NPZ prediction plus independently decoded ground-truth raster,matched_groundtruth_centers,21.78777708690536,1.1073237432091836,253.82556836235108,18.106266021728516,18.389356198862348,,,,,0.7899444317292723,1528.5943646899498,,35.803140798049185,0
,,,,1.034296028880866,6.396047878353279,43.9484455707932,5.0,325.0,715.0,4.034296028880866,neural_tube_membrane,True,,79,released NPZ prediction plus independently decoded ground-truth raster,matched_groundtruth_centers,52.1165545257943,0.46722227560467167,116.38172420870589,19.576007843017578,17.67873632883152,,,,,1.689397615790787,561.9536626717464,,25.972055721370857,0
,,,,0.14784633294528504,19.832783090790215,33.431980254186705,5.0,699.0,246.0,4.352153667054715,neural_tube_membrane,True,,80,released NPZ prediction plus independently decoded ground-truth raster,matched_groundtruth_centers,10.61789769833519,1.1073237432091836,266.50053819450517,19.07512092590332,19.44433799291849,,,,,0.7899444317292723,2699.675584177491,,38.907904016693536,0
,,,,0.852153667054715,12.602376400855984,47.698308950979275,19.0,440.0,186.0,4.647846332945285,neural_tube_membrane,True,,81,released NPZ prediction plus independently decoded ground-truth raster,matched_groundtruth_centers,45.55305642569647,1.348165866670692,298.5109922641058,19.293201446533203,18.609220984223118,,,,,0.7899444317292723,1088.2850693767361,,31.895577847389188,0
,,,,0.5214005544352327,17.428860574360257,82.09661774661447,5.0,60.0,426.0,4.352153667054715,neural_tube_membrane,True,,82,released NPZ prediction plus independently decoded ground-truth raster,matched_groundtruth_centers,29.410249597733422,1.1073237432091836,247.64299791576886,18.527544021606445,17.747483317391275,,,,,1.075353398353056,985.7719966343847,,35.9564045959667,0
,,,,1.034296028880866,12.505413371676148,45.357255662006345,5.0,553.0,176.0,4.034296028880866,neural_tube_membrane,True,,83,released NPZ prediction plus independently decoded ground-truth raster,matched_groundtruth_centers,64.74014542166995,0.8617909772767228,288.9240187085407,18.649065017700195,18.366965246980644,,,,,1.689397615790787,1111.8630816057175,,31.154478389376344,0
,,,,1.034296028880866,17.824881590378126,31.361809971901234,9.0,822.0,527.0,4.034296028880866,neural_tube_membrane,True,,84,released NPZ prediction plus independently decoded ground-truth raster,matched_groundtruth_centers,18.82787703413379,0.8862687213694632,290.50751444301835,18.532440185546875,18.82190009314504,,,,,1.689397615790787,1135.9310376090398,,36.357321775925,0
,,,,1.1488116796754502,11.398782896758654,40.06258837427638,9.0,998.0,477.0,4.034296028880866,neural_tube_membrane,True,,85,released NPZ prediction plus independently decoded ground-truth raster,matched_groundtruth_centers,26.41410379529776,0.7583704082311818,301.83697266320894,19.147611618041992,18.384522020809527,,,,,1.6804138974489575,928.9877423534608,,30.546394514800646,0
,,,,0.14784633294528504,5.577620420536306,66.92767551424492,2.0,442.0,817.0,4.352153667054715,neural_tube_membrane,True,,86,released NPZ prediction plus independently decoded ground-truth raster,matched_groundtruth_centers,55.05536550223862,1.1073237432091836,127.36822944016177,17.354814529418945,16.33651055341118,,,,,1.0780050464327589,443.45028086202643,,22.93243494995525,0
,,,,1.034296028880866,17.558926472282984,127.68637591829523,5.0,631.0,514.0,4.034296028880866,neural_tube_membrane,True,,87,released NPZ prediction plus independently decoded ground-truth raster,matched_groundtruth_centers,56.52809087947493,0.8862687213694632,230.51218273965517,18.582231521606445,19.00949084451397,,,,,1.689397615790787,1181.9929802516533,,36.14115799388943,0
,,,,0.534296028880866,12.350158733156654,76.53005045463419,2.0,614.0,380.0,4.034296028880866,neural_tube_membrane,True,,88,released NPZ prediction plus independently decoded ground-truth raster,matched_groundtruth_centers,81.25670636153244,0.8617909772767228,246.9401800487902,18.5201358795166,17.71193403512141,,,,,1.2529039370034436,1191.2236685771836,,30.870294612673256,0
,,,,0.7317596917553352,13.233955317188133,38.52698174450431,12.0,171.0,335.0,4.034296028880866,neural_tube_membrane,True,,89,released NPZ prediction plus independently decoded ground-truth raster,matched_groundtruth_centers,15.359820234302704,0.8862687213694632,364.1609017159926,19.886964797973633,20.855894328668608,,,,,1.241459448615212,963.583814331827,,33.120920115161766,0
,,,,0.7223977700445704,9.47496636754672,51.13328487209498,19.0,44.0,845.0,4.352153667054715,neural_tube_membrane,True,,90,released NPZ prediction plus independently decoded ground-truth raster,matched_groundtruth_centers,26.09226784024297,1.1073237432091836,241.23101313861332,18.308963775634766,17.953608463586697,,,,,0.7480426196251578,693.334710983114,,27.783930143181486,0
,,,,0.852153667054715,13.108376306495998,116.98850833714191,7.0,600.0,129.0,4.647846332945285,neural_tube_membrane,True,,91,released NPZ prediction plus independently decoded ground-truth raster,matched_groundtruth_centers,43.68121889522004,1.348165866670692,250.57864552255478,18.283557891845703,17.955620016698507,,,,,0.7899444317292723,983.7021348703526,,31.3919341983417,0
,,,,1.034296028880866,11.316085386503865,42.354514873913885,20.0,118.0,741.0,4.034296028880866,neural_tube_membrane,True,,92,released NPZ prediction plus independently decoded ground-truth raster,matched_groundtruth_centers,42.553236206804186,0.49228420264767014,136.53237313013852,18.657562255859375,17.707311011215843,,,,,1.689397615790787,890.2502100697226,,29.97364764236324,0
,,,,0.9880110689029744,13.870974708984662,38.49058880318124,3.0,661.0,611.0,4.647846332945285,neural_tube_membrane,True,,93,released NPZ prediction plus independently decoded ground-truth raster,matched_groundtruth_centers,20.90766319356672,1.348165866670692,260.5281797530301,19.430601119995117,19.651035554250978,,,,,0.7726616545296714,938.2626584025987,,33.30157582897978,0
,,,,0.7317596917553352,16.17904828774717,40.544803335518644,14.0,61.0,137.0,4.034296028880866,neural_tube_membrane,True,,94,released NPZ prediction plus independently decoded ground-truth raster,matched_groundtruth_centers,12.80920406766613,0.8862687213694632,291.7721249151264,18.476369857788086,18.812975335625207,,,,,1.2420797488564206,1258.8962714680117,,34.65541814553526,0
,,,,0.35215366705471496,10.250333648989638,100.44523972009863,3.0,914.0,40.0,4.352153667054715,neural_tube_membrane,True,,95,released NPZ prediction plus independently decoded ground-truth raster,matched_groundtruth_centers,35.253969108670304,1.1073237432091836,368.6280178923858,19.190153121948242,19.034479405930547,,,,,1.1073237432091836,997.3264586543661,,29.44048677093788,0
,,,,0.14784633294528504,20.562464806882474,41.94442979372083,14.0,940.0,581.0,4.352153667054715,neural_tube_membrane,True,,96,released NPZ prediction plus independently decoded ground-truth raster,matched_groundtruth_centers,24.40798714202692,1.1073237432091836,260.5281797530301,19.261367797851562,19.651035554250978,,,,,0.7899444317292723,1676.6398571948048,,39.82383260473404,0
,,,,0.7317596917553352,10.920536621009518,49.27033755054221,16.0,530.0,146.0,4.034296028880866,neural_tube_membrane,True,,97,released NPZ prediction plus independently decoded ground-truth raster,matched_groundtruth_centers,85.4809389243492,0.860026020507889,101.31019504218521,19.15277862548828,17.777530987160674,,,,,1.0883714811827925,862.6236702951057,,30.0733152464978,0
,,,,0.5214005544352327,12.286606108316562,74.892110292297,6.0,192.0,742.0,4.352153667054715,neural_tube_membrane,True,,98,released NPZ prediction plus independently decoded ground-truth raster,matched_groundtruth_centers,22.429986584811566,1.1073237432091836,254.57738803185342,18.45034408569336,18.18313761542857,,,,,1.0693967426001814,819.9722203737608,,30.73695019400992,0
,,,,1.1488116796754502,10.04682073930956,91.09063003954698,4.0,741.0,404.0,4.034296028880866,neural_tube_membrane,True,,99,released NPZ prediction plus independently decoded ground-truth raster,matched_groundtruth_centers,36.22222167017887,0.8862687213694632,296.77900489180274,17.1901912689209,18.184789950327733,,,,,1.679174061474688,708.6111847207035,,27.237012008230458,0
,,,,1.034296028880866,15.965612427332161,20.694774796235546,8.0,557.0,146.0,4.034296028880866,neural_tube_membrane,True,,100,released NPZ prediction plus independently decoded ground-truth raster,matched_groundtruth_centers,19.329699698794823,0.8862687213694632,217.83715881047473,18.481853485107422,17.51969383796183,,,,,1.689397615790787,1684.0199953594406,,34.44746591243958,0
,,,,1.034296028880866,18.472830521440436,63.508538509924634,4.0,890.0,266.0,4.034296028880866,neural_tube_membrane,True,,101,released NPZ prediction plus independently decoded ground-truth raster,matched_groundtruth_centers,43.266485072604,0.8862687213694632,283.6768823211958,19.292903900146484,19.855480456421386,,,,,1.689397615790787,1077.9200141471104,,37.76573442158692,0
,,,,1.534296028880866,14.856532293389506,34.137025269353366,6.0,935.0,14.0,4.965703971119134,neural_tube_membrane,True,,102,released NPZ prediction plus independently decoded ground-truth raster,matched_groundtruth_centers,15.742583974109028,1.627356178270264,298.89630084317315,18.758773803710938,19.242451092415017,,,,,1.2529039370034436,1016.163088538943,,33.615306097100444,0
,,,,0.13123996403845334,11.753527574820275,33.18991334486674,20.0,5.5290037831021435,511.0,4.372005044136191,neural_tube_membrane,True,,103,released NPZ prediction plus independently decoded ground-truth raster,matched_groundtruth_centers,29.577608999302083,1.184502434171843,309.5024452544019,18.921669006347656,18.799551548426685,,,,,1.1763929464925438,904.6436604082577,,30.67519658116793,0
,,,,1.2529039370034436,19.937767475697513,33.277501775261705,10.0,516.0,660.0,4.034296028880866,neural_tube_membrane,True,,104,released NPZ prediction plus independently decoded ground-truth raster,matched_groundtruth_centers,13.365411862531195,0.8862687213694632,355.6292036361601,18.905052185058594,19.25835978691165,,,,,1.6749072524291124,1092.8045263454708,,38.842819660756106,0
,,,,1.2529039370034436,16.03279337094338,36.814487884534465,15.0,315.0,288.0,4.034296028880866,neural_tube_membrane,True,,105,released NPZ prediction plus independently decoded ground-truth raster,matched_groundtruth_centers,24.689943355810477,0.8862687213694632,245.19328665294762,18.332611083984375,18.172306406008907,,,,,1.673335578585657,1159.08076172395,,34.365404454927756,0
,,,,0.35215366705471496,15.333812729456177,36.220734966502626,15.0,27.0,394.0,4.352153667054715,neural_tube_membrane,True,,106,released NPZ prediction plus independently decoded ground-truth raster,matched_groundtruth_centers,34.446905559172876,1.0445500014568265,186.82990968965575,19.1136531829834,18.785175699169464,,,,,1.1073237432091836,1684.01999535944,,34.447465912439576,0
,,,,0.35215366705471496,16.41221050778799,87.80170645144271,19.0,449.0,128.0,4.352153667054715,neural_tube_membrane,True,,107,released NPZ prediction plus independently decoded ground-truth raster,matched_groundtruth_centers,84.48361969978984,1.1073237432091836,605.2592119340885,19.163415908813477,18.405409495775615,,,,,1.1073237432091836,1223.5982441495855,,35.575626416601466,0
,,,,1.034296028880866,11.77081391253909,51.54411861945064,9.0,196.0,200.0,4.034296028880866,neural_tube_membrane,True,,108,released NPZ prediction plus independently decoded ground-truth raster,matched_groundtruth_centers,19.635038450550834,0.8862687213694632,242.56879679029262,18.473512649536133,17.747009633237674,,,,,1.689397615790787,920.5251974538289,,30.244326562075223,0
,,,,0.14784633294528504,10.05276026366375,34.67276974913584,13.0,651.0,390.0,4.352153667054715,neural_tube_membrane,True,,109,released NPZ prediction plus independently decoded ground-truth raster,matched_groundtruth_centers,57.28636918096971,1.1073237432091836,333.7927514397103,19.77950096130371,20.248915651525994,,,,,0.7899444317292723,849.0577745714282,,29.83226122496746,0
,,,,0.14784633294528504,14.84756306933216,17.903201871807084,3.0,659.0,13.0,4.352153667054715,neural_tube_membrane,True,,110,released NPZ prediction plus independently decoded ground-truth raster,matched_groundtruth_centers,9.217289551161334,1.1073237432091836,311.3619746972253,18.762449264526367,18.397370713585723,,,,,0.7899444317292723,918.591628353134,,33.61001233385853,0
,,,,0.14784633294528504,15.291571190583007,38.24168851454603,15.0,66.0,249.0,4.352153667054715,neural_tube_membrane,True,,111,released NPZ prediction plus independently decoded ground-truth raster,matched_groundtruth_centers,44.63827155575569,0.7269679593680456,160.05416069487615,18.91281509399414,17.504707089842814,,,,,0.7899444317292723,1343.0137565660802,,34.20438628457715,0
,,,,0.35215366705471496,17.227606161139512,55.800993281508504,6.0,156.0,167.0,4.352153667054715,neural_tube_membrane,True,,112,released NPZ prediction plus independently decoded ground-truth raster,matched_groundtruth_centers,54.422914033781865,1.0445500014568265,223.2051367529225,18.24981117248535,17.684557835225903,,,,,1.1073237432091836,1150.3965538365348,,35.477417333624864,0
,,,,0.35215366705471496,16.459425625110114,57.709791349317214,2.0,982.0,372.0,4.352153667054715,neural_tube_membrane,True,,113,released NPZ prediction plus independently decoded ground-truth raster,matched_groundtruth_centers,32.48612710181979,1.1073237432091836,278.573923331072,18.900737762451172,18.619222394440495,,,,,1.1073237432091836,1229.4674856585252,,35.360163387561286,0
,,,,2.5495097567963922,7.334093095629839,48.82145371779616,10.0,396.0,455.0,5.0,neural_tube_membrane,True,,0,released NPZ prediction plus independently decoded ground-truth raster,predicted_centers,28.81252148531252,0.8660254037844386,312.105350403826,18.837512969970703,18.397585161710133,,,,,2.9477878358185823,476.8840583611682,,26.171606065600542,0
,,,,2.0,14.824583834453222,40.07034010348215,20.0,910.0,679.0,5.0,neural_tube_membrane,True,,1,released NPZ prediction plus independently decoded ground-truth raster,predicted_centers,21.795245905544306,0.8660254037844386,328.78969484768083,19.15679359436035,18.397327679545214,,,,,2.598076211353316,1081.6473033900938,,33.98137742881357,0
,,,,0.5,14.827741789055466,38.91070038092214,20.0,170.0,726.0,4.0,neural_tube_membrane,True,,2,released NPZ prediction plus independently decoded ground-truth raster,predicted_centers,19.978276586320824,0.8660254037844386,250.68122921523238,19.119380950927734,19.858146922438785,,,,,0.7071067811865476,985.3703833195165,,33.9471227399832,0
,,,,3.1622776601683795,14.313284233397724,77.21556539983801,19.0,217.0,95.0,4.0,neural_tube_membrane,True,,3,released NPZ prediction plus independently decoded ground-truth raster,predicted_centers,52.14599274658374,0.8660254037844386,302.99775089443943,18.10552406311035,19.25831439690347,,,,,2.958039891549808,787.367169920133,,32.418808296508075,1
,,,,1.224744871391589,20.017615292176203,178.91327759130058,20.0,725.0,577.0,4.0,neural_tube_membrane,True,,4,released NPZ prediction plus independently decoded ground-truth raster,predicted_centers,88.87059327308612,2.532442557319416,106.76844005884949,19.99219512939453,13.074915110446238,,,,,1.1235407615883872,2247.3400269708113,,40.009810421570734,0
,,,,0.5,15.597917358904326,37.18576261185496,4.0,649.0,420.0,4.0,neural_tube_membrane,True,,5,released NPZ prediction plus independently decoded ground-truth raster,predicted_centers,30.10944870982944,0.8351831321318284,445.1245515440915,18.135974884033203,18.80832691256213,,,,,0.7071067811865476,1340.8545534303453,,33.73389224293753,0
,,,,2.449489742783178,16.08988794106977,47.40615025022438,20.0,505.0,508.0,4.0,neural_tube_membrane,True,,6,released NPZ prediction plus independently decoded ground-truth raster,predicted_centers,28.288216046162965,0.8660254037844386,231.79916651026198,18.704561233520508,17.73763329317727,,,,,2.179449471770337,1180.815787520568,,34.79444917459028,0
,,,,3.2015621187164243,17.800658298749426,58.04368762963945,20.0,461.0,563.0,5.0,neural_tube_membrane,True,,7,released NPZ prediction plus independently decoded ground-truth raster,predicted_centers,76.27059035458137,0.8660254037844386,267.8210040286213,18.885175704956055,18.173791197540297,,,,,3.9370039370059056,1215.8814715826588,,36.68583400370548,0
,,,,1.0,8.05127259291638,31.573933164250793,14.0,901.0,12.0,4.0,neural_tube_membrane,True,,8,released NPZ prediction plus independently decoded ground-truth raster,predicted_centers,32.872663179461895,0.8660254037844386,298.41782740508296,17.928953170776367,17.50797266207232,,,,,0.8660254037844386,439.5767024511365,,25.980225763692747,1
,,,,2.5495097567963922,11.699510247927378,49.514073851825295,19.0,340.0,635.0,4.0,neural_tube_membrane,True,,9,released NPZ prediction plus independently decoded ground-truth raster,predicted_centers,20.760921608004956,0.8660254037844386,245.66648478396235,18.3169002532959,17.732904501146425,,,,,1.8691782045844916,1331.8573986503905,,30.016410501223277,1
,,,,1.4142135623730951,11.880430082100041,11.853030088164495,17.0,178.0,528.0,4.0,neural_tube_membrane,True,,10,released NPZ prediction plus independently decoded ground-truth raster,predicted_centers,5.972955534077509,0.8660254037844386,234.43890559695114,19.529499053955078,18.839179848805987,,,,,2.179449471770337,1040.1501600370186,,31.40992913605512,0
,,,,1.4142135623730951,15.366171092009772,59.25998934610242,17.0,524.0,684.0,4.0,neural_tube_membrane,True,,11,released NPZ prediction plus independently decoded ground-truth raster,predicted_centers,49.17896922746341,0.6632565846277775,158.81608887820747,18.379812240600586,16.578692594858506,,,,,1.6583123951777,1192.8244363444749,,33.74598333261036,1
,,,,1.4142135623730951,8.575874512398798,23.0255750060892,11.0,534.0,410.0,4.0,neural_tube_membrane,True,,12,released NPZ prediction plus independently decoded ground-truth raster,predicted_centers,12.520660787713044,0.8660254037844386,242.56879679029262,18.87921142578125,17.747009633237674,,,,,1.6583123951777,736.226303236114,,27.455085938180048,0
,,,,3.5,12.723988161650098,37.95823887355538,20.0,79.0,466.0,4.0,neural_tube_membrane,True,,13,released NPZ prediction plus independently decoded ground-truth raster,predicted_centers,40.4441639172109,0.5360360002581716,239.656581303566,18.48488998413086,19.009796232776083,,,,,4.156157545903759,768.645277900822,,31.208878145780957,0
,,,,1.118033988749895,13.224549114982366,43.347136735575994,7.0,852.0,403.0,4.0,neural_tube_membrane,True,,14,released NPZ prediction plus independently decoded ground-truth raster,predicted_centers,51.312443327298766,0.5261744046723161,114.06884576570265,19.35385513305664,18.03434934995026,,,,,1.6496827838094306,1023.1931522453272,,32.57840424803901,0
,,,,2.29128784747792,20.42679076592053,119.4438180952877,4.0,979.0,63.0,4.0,neural_tube_membrane,True,,15,released NPZ prediction plus independently decoded ground-truth raster,predicted_centers,35.82514927476283,0.8168823577415283,124.04623119936369,18.480606079101562,17.26129350566091,,,,,2.1735631417794004,1532.7091176743572,,38.90739684502209,1
,,,,1.118033988749895,13.233644790412256,26.781532191625605,8.0,536.0,83.0,5.0,neural_tube_membrane,True,,16,released NPZ prediction plus independently decoded ground-truth raster,predicted_centers,15.27230660069129,0.8660254037844386,295.7964726685409,18.72942543029785,19.024256056451897,,,,,1.6317566478447292,852.4802237142095,,31.963070220710108,1
,,,,1.5811388300841898,15.939931735871355,66.56588923983885,15.0,263.0,436.0,4.0,neural_tube_membrane,True,,17,released NPZ prediction plus independently decoded ground-truth raster,predicted_centers,88.88929512151624,0.8374896350934112,67.93304641365525,19.28655242919922,17.00122450432383,,,,,0.7282010825376245,1353.5668416429241,,35.22648416507057,0
,,,,1.7320508075688772,16.0633553830697,103.09518532766704,4.0,321.0,626.0,5.0,neural_tube_membrane,True,,18,released NPZ prediction plus independently decoded ground-truth raster,predicted_centers,39.253976273476326,0.8660254037844386,335.43441761473645,19.62700843811035,19.86994236969259,,,,,2.179449471770337,1273.0270884047743,,35.69036382118005,0
,,,,1.118033988749895,12.71387111018728,129.96286113407876,13.0,426.0,650.0,4.0,neural_tube_membrane,True,,19,released NPZ prediction plus independently decoded ground-truth raster,predicted_centers,35.861415566265684,0.8660254037844386,222.96640609423133,18.681947708129883,18.617474562911305,,,,,1.5811388300841898,981.8966818948194,,31.395818818317164,0
,,,,2.7386127875258306,14.931134614504217,31.58662559700458,16.0,566.0,184.0,4.0,neural_tube_membrane,True,,20,released NPZ prediction plus independently decoded ground-truth raster,predicted_centers,17.10298122820078,0.8660254037844386,256.5893907380623,19.488079071044922,18.61827051881953,,,,,2.5983731852597147,991.3494013653217,,34.41921368554914,0
,,,,1.7320508075688772,15.474472296139403,37.03463833399997,17.0,971.0,599.0,4.0,neural_tube_membrane,True,,21,released NPZ prediction plus independently decoded ground-truth raster,predicted_centers,19.880919243358083,0.8660254037844386,299.7643140172304,19.206785202026367,18.840992962145453,,,,,2.179449471770337,1033.0930877805877,,34.68125749816577,0
,,,,2.5,13.928431986097166,31.254342386161483,19.0,400.0,550.0,4.0,neural_tube_membrane,True,,22,released NPZ prediction plus independently decoded ground-truth raster,predicted_centers,17.120387920792773,0.8660254037844386,343.9545902383861,19.200653076171875,18.824043763515856,,,,,3.5501839710603496,923.1577324812541,,33.12908506226904,0
,,,,2.29128784747792,17.018073352998087,40.9986073682444,18.0,669.0,579.0,4.0,neural_tube_membrane,True,,23,released NPZ prediction plus independently decoded ground-truth raster,predicted_centers,31.075136406430783,0.8660254037844386,230.44978475097028,18.110164642333984,17.27559571520912,,,,,2.1213203435596424,1363.600547672225,,35.12823799533207,1
,,,,2.29128784747792,12.622314758063624,41.27992634307227,6.0,235.0,707.0,4.0,neural_tube_membrane,True,,24,released NPZ prediction plus independently decoded ground-truth raster,predicted_centers,42.81494769250147,0.5599999999999952,171.37197059825158,19.340755462646484,19.436271547342074,,,,,2.5925765730634134,852.4802237142079,,31.963070220710108,0
,,,,1.5,13.036740020587061,18.07550096676077,12.0,932.0,280.0,5.0,neural_tube_membrane,True,,25,released NPZ prediction plus independently decoded ground-truth raster,predicted_centers,9.680788718739946,0.8660254037844386,341.132203720308,19.483179092407227,18.627928857259047,,,,,1.8708286933869707,1071.7756508593934,,32.51991911299429,0
,,,,4.153311931459037,14.040906399434547,57.924313355469955,19.0,969.0,360.0,4.0,neural_tube_membrane,True,,26,released NPZ prediction plus independently decoded ground-truth raster,predicted_centers,53.763335865485274,0.7042726744663828,238.16932573306548,18.608644485473633,17.70140885264857,,,,,4.527692569068709,1040.7192209104949,,32.64955088490818,1
,,,,2.23606797749979,12.343067043987404,74.28557826762413,13.0,561.0,37.0,5.0,neural_tube_membrane,True,,27,released NPZ prediction plus independently decoded ground-truth raster,predicted_centers,83.1246257856541,0.8660254037844386,166.70628956167852,18.687318801879883,17.972169399414685,,,,,2.958039891549808,1113.4978909478082,,31.030385845867286,1
,,,,1.5,17.065023148615275,34.456274920340746,11.0,691.0,71.0,4.0,neural_tube_membrane,True,,28,released NPZ prediction plus independently decoded ground-truth raster,predicted_centers,68.17576363525576,0.5593971487843152,123.64028836894295,18.289344787597656,17.478972683800983,,,,,1.5811388300841898,994.3378886666404,,35.35436793621293,0
,,,,2.449489742783178,12.522626086043399,33.202491640500824,11.0,409.0,316.0,4.0,neural_tube_membrane,True,,29,released NPZ prediction plus independently decoded ground-truth raster,predicted_centers,25.096706079015902,0.8660254037844386,380.4916998386268,19.264293670654297,19.664776973676084,,,,,2.958039891549808,1109.681666532976,,31.786919756697696,0
,,,,2.0,13.150956799450285,22.2192042047769,2.0,289.0,133.0,4.0,neural_tube_membrane,True,,30,released NPZ prediction plus independently decoded ground-truth raster,predicted_centers,13.818464876620144,0.8660254037844386,328.52404707016206,18.626943588256836,18.58067781739576,,,,,2.598076211353316,856.8260282990598,,31.77790038770712,0
,,,,1.7320508075688772,12.324675950134306,38.156111086854175,4.0,239.0,403.0,4.0,neural_tube_membrane,True,,31,released NPZ prediction plus independently decoded ground-truth raster,predicted_centers,43.406094202373886,0.5727128425310417,251.65241910243336,20.333038330078125,18.97471329637588,,,,,1.6583123951777,1031.952549434953,,32.65771428021243,0
,,,,1.5,15.577127537491407,15.871324933922097,16.0,701.0,418.0,4.0,neural_tube_membrane,True,,32,released NPZ prediction plus independently decoded ground-truth raster,predicted_centers,48.755455782876155,0.8575253444919541,163.17819143613116,19.529937744140625,18.177408483822063,,,,,1.5811388300841898,1297.1103781663944,,35.10706528163203,0
,,,,3.0413812651491097,15.723200224135851,34.28649775694032,8.0,833.0,439.0,4.0,neural_tube_membrane,True,,33,released NPZ prediction plus independently decoded ground-truth raster,predicted_centers,33.07932240541089,0.8169182161641558,182.0160339930396,18.765872955322266,18.77838851958137,,,,,2.592873662012959,1072.0510398544288,,34.48907317945812,0
,,,,2.449489742783178,20.95211686764764,65.69068142045853,19.0,146.0,484.0,4.0,neural_tube_membrane,True,,34,released NPZ prediction plus independently decoded ground-truth raster,predicted_centers,62.267044378613505,0.6982367979695502,177.2105169424283,18.171062469482422,16.776207275200406,,,,,2.958039891549808,1767.7278306557005,,39.12317933713006,1
,,,,1.8027756377319946,9.317996612436087,39.72650813894066,14.0,653.0,349.0,4.0,neural_tube_membrane,True,,35,released NPZ prediction plus independently decoded ground-truth raster,predicted_centers,34.30733629929108,0.8660254037844386,311.82582358443125,19.3524227142334,18.623236566315818,,,,,1.2045216311728344,649.6791414253231,,28.670419326669485,0
,,,,2.8722813232690143,17.299191490261123,47.647668044896314,16.0,52.0,789.0,4.0,neural_tube_membrane,True,,36,released NPZ prediction plus independently decoded ground-truth raster,predicted_centers,78.35320771872817,0.8139410298049881,102.88856954455564,18.839309692382812,17.78155295263672,,,,,2.9154759474226504,1502.9364195711953,,36.138501182643935,0
,,,,0.0,11.2289528548967,46.007346572210544,10.0,114.0,551.0,4.0,neural_tube_membrane,True,,37,released NPZ prediction plus independently decoded ground-truth raster,predicted_centers,51.72710715844659,0.8660254037844386,311.36197469722543,18.483173370361328,18.39737071358572,,,,,0.8660254037844386,1302.1117320167496,,29.71212622525803,1
,,,,2.1213203435596424,13.002643356882345,122.22891979659416,8.0,605.0,91.0,4.0,neural_tube_membrane,True,,38,released NPZ prediction plus independently decoded ground-truth raster,predicted_centers,31.214505271117154,0.8660254037844386,321.0925924902456,17.996479034423828,17.28651958420647,,,,,0.7962933159223651,1754.123667206894,,30.999122391306173,1
,,,,2.1213203435596424,20.547784494525892,72.52300834194956,12.0,317.0,521.0,4.0,neural_tube_membrane,True,,39,released NPZ prediction plus independently decoded ground-truth raster,predicted_centers,73.54530119112933,0.7386474125047665,208.82251431742915,18.450246810913086,18.369531175790378,,,,,3.254764247178142,1172.9052357584708,,38.99803130543898,1
,,,,3.3541019662496847,15.720145211885821,21.893375833502258,14.0,389.0,263.0,5.0,neural_tube_membrane,True,,40,released NPZ prediction plus independently decoded ground-truth raster,predicted_centers,10.24053802594396,0.8660254037844386,271.2757056722984,19.902603149414062,19.87314633549477,,,,,3.9830252065381795,1157.3677873131644,,35.622748361299884,0
,,,,1.118033988749895,15.797143611212164,32.14224529095412,19.0,398.0,300.0,5.0,neural_tube_membrane,True,,41,released NPZ prediction plus independently decoded ground-truth raster,predicted_centers,11.966964586735388,0.8660254037844386,353.1827901831607,18.914331436157227,19.247654899582678,,,,,1.6317566478447292,1139.3597249098789,,34.71147504736939,1
,,,,1.8708286933869707,14.054861758453029,44.39316597066088,12.0,216.0,410.0,4.0,neural_tube_membrane,True,,42,released NPZ prediction plus independently decoded ground-truth raster,predicted_centers,26.79643355751,0.8660254037844386,263.3327485588414,18.517534255981445,18.80213819508218,,,,,1.591297132059252,1243.3561322742073,,32.572396014434474,0
,,,,2.5495097567963922,11.923777314471668,18.720092921505266,13.0,673.0,109.0,4.0,neural_tube_membrane,True,,43,released NPZ prediction plus independently decoded ground-truth raster,predicted_centers,31.566705186090196,0.8660254037844386,245.4524137319928,18.881261825561523,18.609351945320775,,,,,3.506420211406774,797.2165939879333,,30.80503914003319,0
,,,,3.1622776601683795,13.238008539674397,60.617912109714474,6.0,399.0,685.0,4.0,neural_tube_membrane,True,,44,released NPZ prediction plus independently decoded ground-truth raster,predicted_centers,79.63743937885516,0.7386474125047534,185.8346824970829,18.032970428466797,17.677347117318433,,,,,2.598076211353316,960.6016485744603,,31.270978968141193,0
,,,,3.2015621187164243,13.413906087966012,108.0216137417153,15.0,243.0,101.0,4.0,neural_tube_membrane,True,,45,released NPZ prediction plus independently decoded ground-truth raster,predicted_centers,28.077858095946272,0.8660254037844386,228.83848916296967,18.86609649658203,19.85989623461517,,,,,2.345207879911715,995.3490723689414,,32.28000258454804,0
,,,,2.449489742783178,14.66084656945943,50.078113287478374,8.0,728.0,529.0,4.0,neural_tube_membrane,True,,46,released NPZ prediction plus independently decoded ground-truth raster,predicted_centers,37.16121397087538,0.8406019094957695,218.37226375608583,18.71459197998047,17.712234599434094,,,,,2.179449471770337,993.4892995459545,,33.3754385494399,1
,,,,1.7320508075688772,16.53504018299833,35.92600845186469,4.0,83.0,217.0,4.0,neural_tube_membrane,True,,47,released NPZ prediction plus independently decoded ground-truth raster,predicted_centers,26.31124185105947,0.8660254037844386,344.01332140058514,18.67896842956543,19.035671595924665,,,,,2.179449471770337,651.8938575948092,,35.21400861256376,0
,,,,2.23606797749979,10.927351610247847,29.40732531626131,7.0,422.0,116.0,4.0,neural_tube_membrane,True,,48,released NPZ prediction plus independently decoded ground-truth raster,predicted_centers,23.547489348880497,0.8660254037844386,311.36197469722543,19.04673194885254,18.39737071358572,,,,,2.958039891549808,976.6247361581374,,29.974083559100386,0
,,,,3.24037034920393,11.153123028054075,42.169510404703466,12.0,110.0,402.0,5.0,neural_tube_membrane,True,,49,released NPZ prediction plus independently decoded ground-truth raster,predicted_centers,24.134634098005954,0.8660254037844386,293.20332850950575,19.322933197021484,19.0257369182671,,,,,3.2791082660394397,979.1527067997386,,30.47605622507556,0
,,,,4.847679857416329,13.199776605999489,61.38599488172851,17.0,581.0,684.0,4.0,neural_tube_membrane,True,,50,released NPZ prediction plus independently decoded ground-truth raster,predicted_centers,39.700223196221025,0.708801805866751,151.60724611900196,20.93231964111328,19.64747834840722,,,,,4.37301558493935,1253.9265117234677,,34.13209624711277,1
,,,,2.8722813232690143,12.656552101274777,50.00261930617845,10.0,691.0,299.0,5.0,neural_tube_membrane,True,,51,released NPZ prediction plus independently decoded ground-truth raster,predicted_centers,20.556197793764948,0.8660254037844386,203.0687646238845,18.740264892578125,18.404008318842703,,,,,3.264540788916567,968.8898361223554,,31.3968169938529,1
,,,,2.29128784747792,12.902395356403101,83.47648184649086,17.0,614.0,252.0,5.0,neural_tube_membrane,True,,52,released NPZ prediction plus independently decoded ground-truth raster,predicted_centers,63.613575185243306,0.8069910581296641,276.25228028679646,18.493423461914062,18.455654873416986,,,,,1.8708286933869707,981.8966818948194,,31.395818818317164,1
,,,,1.8708286933869707,17.15070777189534,30.67162982093968,16.0,805.0,203.0,4.0,neural_tube_membrane,True,,53,released NPZ prediction plus independently decoded ground-truth raster,predicted_centers,17.47089524055123,0.8660254037844386,263.0941197733352,18.695858001708984,18.384942918822567,,,,,1.8780330961538627,1089.9246617090255,,35.846565773604325,1
,,,,2.598076211353316,15.37699854864806,33.15948581861412,12.0,720.0,711.0,4.0,neural_tube_membrane,True,,54,released NPZ prediction plus independently decoded ground-truth raster,predicted_centers,20.256282412714,0.8660254037844386,188.4973863842701,18.85526466369629,17.96139851973463,,,,,2.1736000177210717,977.7588590222699,,34.23226321234435,0
,,,,3.640054944640259,11.971991325542625,15.74838103327378,19.0,27.0,478.0,4.0,neural_tube_membrane,True,,55,released NPZ prediction plus independently decoded ground-truth raster,predicted_centers,37.135383620428435,0.7872880573253355,217.20805551541804,19.53410530090332,19.248193523526986,,,,,2.986264853923361,943.4713508924622,,31.506096626445945,0
,,,,4.06201920231798,17.567286595164447,58.689712192520155,15.0,1004.0,625.0,4.0,neural_tube_membrane,True,,56,released NPZ prediction plus independently decoded ground-truth raster,predicted_centers,23.696190789665234,0.8660254037844386,336.8184297584423,19.321388244628906,19.25092210458283,,,,,4.525125121984421,1160.291434630854,,36.88867483979335,0
,,,,3.3541019662496847,11.94968761029443,46.01592091123364,8.0,154.0,557.0,4.0,neural_tube_membrane,True,,57,released NPZ prediction plus independently decoded ground-truth raster,predicted_centers,25.237229355954184,0.8660254037844386,277.2724684947929,18.936079025268555,19.017525344305,,,,,2.7386127875258306,1116.3814571900036,,30.885766635562984,0
,,,,3.391164991562634,13.36391111918877,55.634326077089625,11.0,345.0,478.0,4.0,neural_tube_membrane,True,,58,released NPZ prediction plus independently decoded ground-truth raster,predicted_centers,39.59323798122078,0.6561046965089011,176.88012501402497,18.648475646972656,18.17368463462195,,,,,2.7066560816196974,1458.010333417552,,32.01238676616143,0
,,,,2.23606797749979,15.098750824736364,30.904074670981096,18.0,218.0,243.0,4.0,neural_tube_membrane,True,,59,released NPZ prediction plus independently decoded ground-truth raster,predicted_centers,17.011831140877934,0.8660254037844386,354.04689169314133,19.21727752685547,19.243026547836653,,,,,2.179449471770337,1057.2643498686634,,34.31602835159183,0
,,,,4.0,13.580440605825448,35.03114240830387,17.0,80.0,82.0,4.0,neural_tube_membrane,True,,60,released NPZ prediction plus independently decoded ground-truth raster,predicted_centers,42.53252752473343,0.8660254037844386,273.38100208635393,17.93783950805664,17.741735691173922,,,,,4.55521678957215,767.2640531739639,,31.51828011388209,0
,,,,3.7416573867739413,12.89390508573437,42.01274525487817,19.0,615.0,406.0,4.0,neural_tube_membrane,True,,61,released NPZ prediction plus independently decoded ground-truth raster,predicted_centers,41.10350744793833,0.606091526731326,174.69883682942617,18.899333953857422,16.99657788069546,,,,,4.092676385936225,978.2518482112218,,31.793239039591793,0
,,,,2.449489742783178,17.529506636385435,45.71411007801981,13.0,442.0,294.0,4.0,neural_tube_membrane,True,,62,released NPZ prediction plus independently decoded ground-truth raster,predicted_centers,37.71153034499343,0.8660254037844386,292.22999455776,18.732881546020508,18.397462501304663,,,,,2.958039891549808,1168.9965601263186,,36.26238818240594,0
,,,,3.7416573867739413,15.119488264689913,76.3548129034165,8.0,922.0,538.0,4.0,neural_tube_membrane,True,,63,released NPZ prediction plus independently decoded ground-truth raster,predicted_centers,24.47915030186434,0.8660254037844386,304.0740948969989,19.09760856628418,19.234916509299882,,,,,3.278719262151,1306.486796808173,,34.21709683097409,0
,,,,2.29128784747792,14.03026864381085,52.742487947128126,19.0,156.0,202.0,5.0,neural_tube_membrane,True,,64,released NPZ prediction plus independently decoded ground-truth raster,predicted_centers,17.881836511391537,0.8660254037844386,271.5638078847465,18.176801681518555,18.37153931169745,,,,,2.592243538423811,1108.5112071916928,,32.207070325329404,1
,,,,2.8284271247461903,15.713969148044669,85.78050249110288,7.0,33.0,349.0,5.0,neural_tube_membrane,True,,65,released NPZ prediction plus independently decoded ground-truth raster,predicted_centers,48.89400004847467,0.9499970163457051,332.942651084673,20.08408546447754,19.334493627024933,,,,,2.958039891549808,1305.4366063745772,,35.79805461252221,0
,,,,3.1622776601683795,13.864118923655482,40.54358867592965,15.0,357.0,241.0,4.0,neural_tube_membrane,True,,66,released NPZ prediction plus independently decoded ground-truth raster,predicted_centers,16.384857417158756,0.8660254037844386,217.81096098656076,17.66629981994629,17.28160286534318,,,,,2.958039891549808,773.4800919051058,,31.53041874360177,1
,,,,3.3541019662496847,16.173951063056734,34.96398950635441,11.0,171.0,620.0,4.0,neural_tube_membrane,True,,67,released NPZ prediction plus independently decoded ground-truth raster,predicted_centers,18.62282192662018,0.8660254037844386,288.44131953997487,18.4934024810791,18.395531683991543,,,,,2.603564745251422,1260.5404803504323,,34.667353544135835,0
,,,,2.8722813232690143,16.952683143947326,30.46451110791979,2.0,294.0,572.0,4.0,neural_tube_membrane,True,,68,released NPZ prediction plus independently decoded ground-truth raster,predicted_centers,56.11554007318108,0.4090909090909136,124.05694282387137,18.39866065979004,16.511928673577778,,,,,3.5355339059327378,1215.3666908826895,,35.351343803737365,1
,,,,4.123105625617661,17.689671637713133,65.95294241344322,18.0,722.0,342.0,4.0,neural_tube_membrane,True,,69,released NPZ prediction plus independently decoded ground-truth raster,predicted_centers,47.6710134499348,0.7511565157216655,177.5630361609496,19.09409523010254,18.821573378007876,,,,,3.840572873934304,1043.7230164237308,,36.78376686781567,0
,,,,4.153311931459037,9.253156478958616,122.59033656657401,18.0,485.0,113.0,5.0,neural_tube_membrane,True,,70,released NPZ prediction plus independently decoded ground-truth raster,predicted_centers,32.368316277370766,0.8660254037844386,359.3576203675307,19.760555267333984,19.85285041274369,,,,,4.636809247747852,1208.7194107733706,,29.0137117462926,0
,,,,4.123105625617661,9.314808689649883,35.23779058486736,18.0,349.0,200.0,5.0,neural_tube_membrane,True,,71,released NPZ prediction plus independently decoded ground-truth raster,predicted_centers,18.184361300500253,0.8660254037844386,306.4012511390428,19.016277313232422,19.22572089367267,,,,,4.330127018922194,787.8492410541744,,28.331086002882305,0
,,,,4.898979485566356,10.227359455267422,89.30334254956821,13.0,777.0,458.0,5.0,neural_tube_membrane,True,,72,released NPZ prediction plus independently decoded ground-truth raster,predicted_centers,46.94874326472718,0.8660254037844386,271.52042496753035,19.20989418029785,19.66665735829504,,,,,5.722761571129799,742.1840595492115,,29.437253635565273,1
,,,,3.9370039370059056,13.282657815020695,38.342605520286156,14.0,249.0,689.0,5.0,neural_tube_membrane,True,,73,released NPZ prediction plus independently decoded ground-truth raster,predicted_centers,18.293352892648038,0.8660254037844386,196.78206326765772,18.539894104003906,17.73848653012952,,,,,4.384943769775795,798.6125116794251,,31.8225519190246,1
,,,,2.0615528128088303,18.98411832043582,48.43042474339599,2.0,974.0,545.0,4.0,neural_tube_membrane,True,,74,released NPZ prediction plus independently decoded ground-truth raster,predicted_centers,43.48918498975798,0.8660254037844386,285.7772441356242,18.351160049438477,17.273517155872543,,,,,2.5495097567963922,1214.338816561976,,37.335278369874295,1
,,,,4.153311931459037,12.754914512015212,66.36675448058786,6.0,739.0,38.0,5.0,neural_tube_membrane,True,,75,released NPZ prediction plus independently decoded ground-truth raster,predicted_centers,89.39576405291879,0.8660254037844386,320.9907539380131,18.259193420410156,18.176294105807507,,,,,4.847679857416329,1157.9993146947506,,31.014107932425368,0
,,,,3.6742346141747673,12.201982278019422,51.32339644755789,7.0,900.0,377.0,4.0,neural_tube_membrane,True,,76,released NPZ prediction plus independently decoded ground-truth raster,predicted_centers,33.061694462082315,0.8459085201662151,231.33609348511595,18.538238525390625,18.806098772922137,,,,,2.979421609138257,729.0526515775366,,30.740220803410047,1
,,,,3.640054944640259,15.232533841121167,25.146001537633815,11.0,587.0,237.0,4.0,neural_tube_membrane,True,,77,released NPZ prediction plus independently decoded ground-truth raster,predicted_centers,11.665657883595616,0.8660254037844386,293.88177779415145,18.73802947998047,18.838194793576278,,,,,3.082207001484488,1083.3552971325707,,33.970563321101636,0
,,,,5.024937810560445,17.41198364778063,36.12546425337328,9.0,824.0,660.0,4.0,neural_tube_membrane,True,,78,released NPZ prediction plus independently decoded ground-truth raster,predicted_centers,20.222116497689402,0.8660254037844386,258.1686739933498,18.391157150268555,17.728216517087397,,,,,5.1478150704935,1528.5943646899498,,35.803140798049185,1
,,,,4.58257569495584,5.666965770809334,48.21942071411371,5.0,321.0,717.0,4.0,neural_tube_membrane,True,,79,released NPZ prediction plus independently decoded ground-truth raster,predicted_centers,65.84684370598671,0.6060915267313036,140.26155001431314,20.305089950561523,18.256627740340193,,,,,4.55521678957215,561.9536626717464,,25.972055721370857,0
,,,,4.153311931459037,20.18971286984295,40.891589710621,5.0,698.0,250.0,4.0,neural_tube_membrane,True,,80,released NPZ prediction plus independently decoded ground-truth raster,predicted_centers,15.14669572867794,0.8660254037844386,345.8856110711962,18.718191146850586,18.823755880034867,,,,,4.527692569068709,2699.675584177491,,38.907904016693536,0
,,,,5.220153254455275,13.019917904762234,15.424829324088233,19.0,437.0,190.0,4.0,neural_tube_membrane,True,,81,released NPZ prediction plus independently decoded ground-truth raster,predicted_centers,15.982646035817295,0.8660254037844386,337.9826772862837,18.875659942626953,18.59444614075313,,,,,5.244044240850758,1088.2850693767361,,31.895577847389188,0
,,,,3.24037034920393,17.337664514179593,110.05944872062379,4.0,58.0,424.0,5.0,neural_tube_membrane,True,,82,released NPZ prediction plus independently decoded ground-truth raster,predicted_centers,40.90343493442153,0.8660254037844386,271.2914767651522,18.61874008178711,18.383051067014808,,,,,2.598342749052036,985.7719966343847,,35.9564045959667,1
,,,,5.477225575051661,13.221571284884156,43.81077736456503,4.0,555.0,181.0,4.0,neural_tube_membrane,True,,83,released NPZ prediction plus independently decoded ground-truth raster,predicted_centers,42.73951310590447,0.8660254037844386,258.09945447303033,17.932907104492188,17.276505747901094,,,,,6.224949798994366,1111.8630816057175,,31.154478389376344,1
,,,,5.477225575051661,17.82204154826387,45.13110281987203,8.0,817.0,528.0,5.0,neural_tube_membrane,True,,84,released NPZ prediction plus independently decoded ground-truth raster,predicted_centers,26.057127641130805,0.8660254037844386,285.86197429270914,18.535280227661133,18.600473929252384,,,,,5.361902647381804,1135.9310376090398,,36.357321775925,1
,,,,5.5,11.593996214629747,31.303314721413248,8.0,1001.0,473.0,4.0,neural_tube_membrane,True,,85,released NPZ prediction plus independently decoded ground-truth raster,predicted_centers,18.99199564043245,0.8660254037844386,379.11427185490004,18.9523983001709,18.61282058548022,,,,,5.193238542807369,928.9877423534608,,30.546394514800646,1
,,,,4.031128874149275,4.601126585087087,52.80140042731019,2.0,442.0,821.0,5.0,neural_tube_membrane,True,,86,released NPZ prediction plus independently decoded ground-truth raster,predicted_centers,47.07056019219779,0.8660254037844386,181.39994529383034,18.331308364868164,18.187475617735984,,,,,4.757740500968523,443.45028086202643,,22.93243494995525,0
,,,,5.385164807134504,17.180405506706812,111.95824575360255,4.0,628.0,510.0,5.0,neural_tube_membrane,True,,87,released NPZ prediction plus independently decoded ground-truth raster,predicted_centers,60.091072907306774,0.8660254037844386,317.48524545888057,18.960752487182617,19.036304855972116,,,,,4.9749371855331,1181.9929802516533,,36.14115799388943,1
,,,,5.024937810560445,12.107538265017006,78.1972766347773,2.0,611.0,384.0,4.0,neural_tube_membrane,True,,88,released NPZ prediction plus independently decoded ground-truth raster,predicted_centers,71.9767611026424,0.8089108323504375,216.98878743359035,18.76275634765625,18.77196766335858,,,,,5.244044240850758,1191.2236685771836,,30.870294612673256,0
,,,,5.338539126015656,13.827020579028954,40.42766939249232,12.0,175.0,339.0,4.0,neural_tube_membrane,True,,89,released NPZ prediction plus independently decoded ground-truth raster,predicted_centers,12.036568539101005,0.8660254037844386,325.93745102309265,19.293899536132812,19.43286817390712,,,,,6.421538691742845,963.583814331827,,33.120920115161766,0
,,,,5.172040216394301,9.530998548332853,46.90863941066278,19.0,42.0,841.0,4.0,neural_tube_membrane,True,,90,released NPZ prediction plus independently decoded ground-truth raster,predicted_centers,23.859323998569273,0.8660254037844386,350.8626124939355,18.252931594848633,19.043250419388364,,,,,3.851695153507782,693.334710983114,,27.783930143181486,0
,,,,5.024937810560445,12.263104242287014,95.59879909910256,7.0,600.0,134.0,5.0,neural_tube_membrane,True,,91,released NPZ prediction plus independently decoded ground-truth raster,predicted_centers,40.997750628002805,0.8660254037844386,347.51935051252605,19.128829956054688,19.654836437278117,,,,,5.522680508593631,983.7021348703526,,31.3919341983417,0
,,,,7.681145747868608,11.453708219755818,45.17158627076162,20.0,121.0,734.0,4.0,neural_tube_membrane,True,,92,released NPZ prediction plus independently decoded ground-truth raster,predicted_centers,46.19669725033499,0.6086956521739091,245.00343639137435,18.519939422607422,18.79386686865491,,,,,7.533259586659682,890.2502100697226,,29.97364764236324,0
,,,,3.6742346141747673,13.951152016113568,27.774365091109686,3.0,663.0,614.0,4.0,neural_tube_membrane,True,,93,released NPZ prediction plus independently decoded ground-truth raster,predicted_centers,15.089232729481603,0.8660254037844386,359.2423715022745,19.35042381286621,19.035264390121704,,,,,4.400213939804419,938.2626584025987,,33.30157582897978,0
,,,,4.301162633521313,15.998178231594828,28.048080394705565,14.0,59.0,141.0,5.0,neural_tube_membrane,True,,94,released NPZ prediction plus independently decoded ground-truth raster,predicted_centers,11.150683645296587,0.8660254037844386,268.5648672399326,18.65723991394043,18.59848382855384,,,,,5.12355068335801,1258.8962714680117,,34.65541814553526,0
,,,,5.0990195135927845,9.678987366030654,115.09659655470196,3.0,914.0,45.0,5.0,neural_tube_membrane,True,,95,released NPZ prediction plus independently decoded ground-truth raster,predicted_centers,38.337977526390375,0.8660254037844386,361.1639719986651,19.761499404907227,19.04896750401909,,,,,5.722761571129799,997.3264586543661,,29.44048677093788,0
,,,,6.34428877022476,20.596009347287747,37.46344078009727,13.0,938.0,575.0,5.0,neural_tube_membrane,True,,96,released NPZ prediction plus independently decoded ground-truth raster,predicted_centers,21.323843600610026,0.8660254037844386,289.8252210471745,19.22782325744629,19.028620669766603,,,,,5.787918451395113,1676.6398571948048,,39.82383260473404,1
,,,,6.123724356957945,11.011303527747799,63.10247332870489,16.0,527.0,151.0,4.0,neural_tube_membrane,True,,97,released NPZ prediction plus independently decoded ground-truth raster,predicted_centers,67.86172620691137,0.8660254037844386,299.29599202381354,19.06201171875,19.042415209035607,,,,,6.1712625268571015,862.6236702951057,,30.0733152464978,0
,,,,4.636809247747852,11.669443403848788,47.53881986938433,6.0,191.0,747.0,5.0,neural_tube_membrane,True,,98,released NPZ prediction plus independently decoded ground-truth raster,predicted_centers,21.414873102237422,0.8660254037844386,340.29624171181194,19.067506790161133,18.185549876298243,,,,,5.6845802945336255,819.9722203737608,,30.73695019400992,0
,,,,5.408326913195984,8.100401977102528,88.43713965056345,4.0,736.0,404.0,5.0,neural_tube_membrane,True,,99,released NPZ prediction plus independently decoded ground-truth raster,predicted_centers,36.20351641155755,0.8660254037844386,294.4382682457772,19.13661003112793,18.187846990126797,,,,,5.168709822043582,708.6111847207035,,27.237012008230458,0
,,,,5.196152422706632,15.145404831506966,73.3227202138094,8.0,552.0,145.0,4.0,neural_tube_membrane,True,,100,released NPZ prediction plus independently decoded ground-truth raster,predicted_centers,60.99028517569308,0.7776888838088966,282.32400372542,19.302061080932617,19.234109647046164,,,,,4.769696007084728,1684.0199953594406,,34.44746591243958,0
,,,,6.708203932499369,19.213017212724615,73.81223596404487,3.0,885.0,270.0,5.0,neural_tube_membrane,True,,101,released NPZ prediction plus independently decoded ground-truth raster,predicted_centers,56.461755872670395,0.8660254037844386,229.1608109698131,18.552717208862305,18.183503191148763,,,,,6.837397165588672,1077.9200141471104,,37.76573442158692,1
,,,,7.365459931328117,15.238972860406108,28.1639493450698,6.0,931.0,8.0,5.0,neural_tube_membrane,True,,102,released NPZ prediction plus independently decoded ground-truth raster,predicted_centers,12.09401038215598,0.8660254037844386,272.19978938929677,18.376333236694336,17.733039655170924,,,,,6.59545297913646,1016.163088538943,,33.615306097100444,0
,,,,5.873670062235365,11.804572038931603,28.45798166334225,19.0,11.0,513.0,4.0,neural_tube_membrane,True,,103,released NPZ prediction plus independently decoded ground-truth raster,predicted_centers,25.160668219448176,0.8660254037844386,313.2430783523877,18.870624542236328,18.386478989387125,,,,,6.935036161585605,904.6436604082577,,30.67519658116793,1
,,,,6.745368781616021,20.082523792836184,45.552780813391365,10.0,515.0,654.0,4.0,neural_tube_membrane,True,,104,released NPZ prediction plus independently decoded ground-truth raster,predicted_centers,19.339558700047867,0.8660254037844386,216.54327465189763,18.760295867919922,18.397069188388834,,,,,5.749021655899352,1092.8045263454708,,38.842819660756106,0
,,,,7.7781745930520225,16.153990117769553,36.70448757838768,14.0,323.0,288.0,5.0,neural_tube_membrane,True,,105,released NPZ prediction plus independently decoded ground-truth raster,predicted_centers,24.92554039678126,0.8660254037844386,225.57100120462079,18.211414337158203,17.266888982272697,,,,,8.845990233426479,1159.08076172395,,34.365404454927756,1
,,,,7.280109889280518,15.64802362117981,38.19589359312931,15.0,34.0,396.0,4.0,neural_tube_membrane,True,,106,released NPZ prediction plus independently decoded ground-truth raster,predicted_centers,38.3713880212302,0.46577048936180016,126.09855392895254,18.799442291259766,17.483647049091534,,,,,7.92148975887743,1684.01999535944,,34.447465912439576,0
,,,,7.211102550927978,17.040124936498927,49.74893421810817,18.0,445.0,134.0,4.0,neural_tube_membrane,True,,107,released NPZ prediction plus independently decoded ground-truth raster,predicted_centers,56.49560936625101,0.8660254037844386,327.8312099995606,18.53550148010254,18.600930680575757,,,,,7.399324293474371,1223.5982441495855,,35.575626416601466,1
,,,,6.164414002968976,12.387654275087918,61.374557662736414,9.0,195.0,206.0,4.0,neural_tube_membrane,True,,108,released NPZ prediction plus independently decoded ground-truth raster,predicted_centers,19.561874056321617,0.8660254037844386,212.89645494024762,17.856672286987305,17.289684367131123,,,,,6.689544080129826,920.5251974538289,,30.244326562075223,0
,,,,7.632168761236874,10.664622446280937,37.62522749627993,13.0,658.0,393.0,4.0,neural_tube_membrane,True,,109,released NPZ prediction plus independently decoded ground-truth raster,predicted_centers,54.52368835259813,0.5718672364333219,245.00343639137455,19.167638778686523,18.79386686865491,,,,,8.276472678623424,849.0577745714282,,29.83226122496746,0
,,,,7.826237921249264,14.752966206539192,22.50790989219024,3.0,653.0,8.0,4.0,neural_tube_membrane,True,,110,released NPZ prediction plus independently decoded ground-truth raster,predicted_centers,5.931319066953472,0.8660254037844386,376.45576163399505,18.857046127319336,19.238676341781073,,,,,7.106335201775948,918.591628353134,,33.61001233385853,0
,,,,7.088723439378913,15.682383110749022,39.06827477697801,15.0,71.0,254.0,4.0,neural_tube_membrane,True,,111,released NPZ prediction plus independently decoded ground-truth raster,predicted_centers,47.85619536817764,0.8660254037844386,346.052090554484,18.522003173828125,18.393751143852302,,,,,7.7781745930520225,1343.0137565660802,,34.20438628457715,0
,,,,8.54400374531753,17.360737188361192,47.96075297493332,6.0,164.0,164.0,4.0,neural_tube_membrane,True,,112,released NPZ prediction plus independently decoded ground-truth raster,predicted_centers,45.11221301449117,0.8660254037844386,346.9681379762474,18.116680145263672,16.818006552594465,,,,,8.874119674649425,1150.3965538365348,,35.477417333624864,0
,,,,7.697402159170326,16.285885191589173,30.267464266249263,2.0,978.0,379.0,5.0,neural_tube_membrane,True,,113,released NPZ prediction plus independently decoded ground-truth raster,predicted_centers,20.03201352010902,0.8660254037844386,131.38768192393783,18.086639404296875,16.571193799613454,,,,,7.934888088662118,1198.475761036052,,34.37252459588605,0
2.0,26.0,154.0,65.0,,4.248522507686026,,2.0,26.0,154.0,65.0,gastruloid_nuclei,True,0.5,0,released prediction raster plus released raw daughter-label centroids,all_groundtruth_centers,10.904307762488985,0.8660254037844386,191.53925603942565,,15.06468540814194,,26.5,154.0,65.0,,,19.313207915827967,,
2.0,44.0,200.0,118.0,,1.0930426706019496,,2.0,44.0,200.0,118.0,gastruloid_nuclei,True,0.5,1,released prediction raster plus released raw daughter-label centroids,all_groundtruth_centers,22.751528050944284,0.8660254037844386,202.09520981759974,,17.26451708008387,,44.0,200.0,118.5,,,18.35755975068582,,
2.0,50.0,117.0,113.0,,0.3886578340749285,,2.0,50.0,117.0,113.0,gastruloid_nuclei,True,0.7071067811865476,2,released prediction raster plus released raw daughter-label centroids,all_groundtruth_centers,17.971662821239793,0.8660254037844386,91.32565148111347,,11.06573608610624,,50.5,117.5,113.0,,,10.677078252031311,,
2.0,79.0,141.0,43.0,,0.20042067301681143,,2.0,79.0,141.0,43.0,gastruloid_nuclei,True,0.5,3,released prediction raster plus released raw daughter-label centroids,all_groundtruth_centers,17.501983628491722,0.8660254037844386,218.6902314443088,,15.323754023243213,,79.5,141.0,43.0,,,15.524174696260024,,
2.0,97.0,132.0,85.0,,2.1430127021581384,,2.0,97.0,132.0,85.0,gastruloid_nuclei,True,0.0,4,released prediction raster plus released raw daughter-label centroids,all_groundtruth_centers,6.903731954957856,0.8660254037844386,104.46623528296918,,12.417207076402898,,97.0,132.0,85.0,,,14.560219778561036,,
2.0,114.0,150.0,57.0,,0.7624222532225406,,2.0,114.0,150.0,57.0,gastruloid_nuclei,True,0.7071067811865476,5,released prediction raster plus released raw daughter-label centroids,all_groundtruth_centers,9.640489180896195,0.8660254037844386,409.03304566485895,,16.573810554064437,,114.5,150.5,57.0,,,15.811388300841896,,
2.0,123.0,227.0,86.0,,0.02571146678450731,,2.0,123.0,227.0,86.0,gastruloid_nuclei,True,0.8660254037844386,6,released prediction raster plus released raw daughter-label centroids,all_groundtruth_centers,4.040593035511655,0.8660254037844386,85.085583957956,,10.318368966004094,,123.5,227.5,86.5,,,10.344080432788601,,
2.0,128.0,191.0,58.0,,0.8326147940125157,,2.0,128.0,191.0,58.0,gastruloid_nuclei,True,0.7071067811865476,7,released prediction raster plus released raw daughter-label centroids,all_groundtruth_centers,16.244998446193538,0.8660254037844386,97.6033540681489,,11.414833919903375,,128.0,191.5,58.5,,,12.24744871391589,,
2.0,139.0,249.0,101.0,,3.455734026760595,,2.0,139.0,249.0,101.0,gastruloid_nuclei,True,0.0,8,released prediction raster plus released raw daughter-label centroids,all_groundtruth_centers,25.67789203661932,0.8660254037844386,84.67604359212295,,10.686401596970356,,139.0,249.0,101.0,,,14.142135623730951,,
2.0,141.0,215.0,57.0,,1.191322911285365,,2.0,141.0,215.0,57.0,gastruloid_nuclei,True,0.7071067811865476,9,released prediction raster plus released raw daughter-label centroids,all_groundtruth_centers,59.12925485227614,0.8660254037844386,196.32230171809934,,16.301532773250536,,141.5,215.5,57.0,,,17.4928556845359,,
2.0,163.0,96.0,74.0,,5.716200345973519,,2.0,163.0,96.0,74.0,gastruloid_nuclei,True,0.7071067811865476,10,released prediction raster plus released raw daughter-label centroids,all_groundtruth_centers,71.34654337855085,0.8660254037844386,103.70940529203602,,11.076655277773146,,163.5,96.0,74.5,,,16.792855623746664,,
2.0,165.0,128.0,76.0,,0.19195876386410937,,2.0,165.0,128.0,76.0,gastruloid_nuclei,True,0.5,11,released prediction raster plus released raw daughter-label centroids,all_groundtruth_centers,19.00714364381828,0.8660254037844386,127.26410241415687,,12.398514379597811,,165.0,128.0,76.5,,,12.206555615733702,,
2.0,167.0,146.0,136.0,,3.1475282866200853,,2.0,167.0,146.0,136.0,gastruloid_nuclei,True,0.5,12,released prediction raster plus released raw daughter-label centroids,all_groundtruth_centers,35.05967557079784,0.8660254037844386,124.82964873212026,,12.116809235853662,,167.0,146.0,136.5,,,15.264337522473747,,
2.0,170.0,220.0,91.0,,7.073147849724656,,2.0,170.0,220.0,91.0,gastruloid_nuclei,True,0.5,13,released prediction raster plus released raw daughter-label centroids,all_groundtruth_centers,6.163578317483242,0.8660254037844386,101.64133503609236,,11.065209297492398,,170.0,220.5,91.0,,,18.138357147217054,,
2.0,184.0,95.0,64.0,,1.2880067583158947,,2.0,184.0,95.0,64.0,gastruloid_nuclei,True,0.7071067811865476,14,released prediction raster plus released raw daughter-label centroids,all_groundtruth_centers,10.393127836548388,0.8660254037844386,72.351444969414,,11.43991530304196,,184.5,95.0,64.5,,,12.727922061357855,,
2.0,188.0,167.0,76.0,,2.3918582875770635,,2.0,188.0,167.0,76.0,gastruloid_nuclei,True,0.8660254037844386,15,released prediction raster plus released raw daughter-label centroids,all_groundtruth_centers,3.432384370887498,0.8660254037844386,210.2406477779536,,15.580342468034365,,188.5,167.5,76.5,,,17.97220075561143,,
2.0,192.0,212.0,88.0,,0.8253352169685613,,2.0,192.0,212.0,88.0,gastruloid_nuclei,True,0.7071067811865476,16,released prediction raster plus released raw daughter-label centroids,all_groundtruth_centers,15.523042625862798,0.8660254037844386,225.68290452217127,,16.086199308319202,,192.5,212.0,88.5,,,16.911534525287763,,
2.0,208.0,96.0,43.0,,2.0067564450309323,,2.0,208.0,96.0,43.0,gastruloid_nuclei,True,0.5,17,released prediction raster plus released raw daughter-label centroids,all_groundtruth_centers,13.533419353185794,0.8660254037844386,156.62171239625678,,14.515955196827372,,208.5,96.0,43.0,,,16.522711641858304,,
2.0,208.0,126.0,125.0,,3.959650439547165,,2.0,208.0,126.0,125.0,gastruloid_nuclei,True,0.7071067811865476,18,released prediction raster plus released raw daughter-label centroids,all_groundtruth_centers,15.604557041690112,0.8660254037844386,125.74548826779257,,13.069735926379238,,208.5,126.5,125.0,,,17.029386365926403,,
2.0,232.0,199.0,115.0,,1.5960456333483286,,2.0,232.0,199.0,115.0,gastruloid_nuclei,True,0.7071067811865476,19,released prediction raster plus released raw daughter-label centroids,all_groundtruth_centers,11.08887363703433,0.8660254037844386,205.7026209738867,,16.087422379537767,,232.5,199.0,115.5,,,14.491376746189438,,
2.0,248.0,216.0,69.0,,2.505451322110007,,2.0,248.0,216.0,69.0,gastruloid_nuclei,True,0.7071067811865476,20,released prediction raster plus released raw daughter-label centroids,all_groundtruth_centers,16.526359684705795,0.8660254037844386,125.40226239380195,,13.050897863994038,,248.0,216.5,69.5,,,15.556349186104045,,
2.0,249.0,197.0,96.0,,0.23947732913703312,,2.0,249.0,197.0,96.0,gastruloid_nuclei,True,0.0,21,released prediction raster plus released raw daughter-label centroids,all_groundtruth_centers,17.404211707541528,0.8660254037844386,124.67385620781086,,14.727152217958732,,249.0,197.0,96.0,,,14.966629547095765,,
2.0,274.0,62.0,111.0,,2.972743183274467,,2.0,274.0,62.0,111.0,gastruloid_nuclei,True,1.8708286933869707,22,released prediction raster plus released raw daughter-label centroids,all_groundtruth_centers,9.42325609626203,0.8660254037844386,153.96137043220637,,14.520112501261433,,275.5,61.0,111.5,,,17.4928556845359,,
2.0,279.0,217.0,92.0,,0.07291147454290936,,2.0,279.0,217.0,92.0,gastruloid_nuclei,True,0.0,23,released prediction raster plus released raw daughter-label centroids,all_groundtruth_centers,15.250369004391965,0.8660254037844386,123.30774474037862,,13.041965574061091,,279.0,217.0,92.0,,,13.114877048604,,
2.0,283.0,188.0,78.0,,2.7014235324793567,,2.0,283.0,188.0,78.0,gastruloid_nuclei,True,0.0,24,released prediction raster plus released raw daughter-label centroids,all_groundtruth_centers,12.32922657327512,0.8660254037844386,114.25724887865115,,12.398245338062143,,283.0,188.0,78.0,,,15.0996688705415,,
2.0,284.0,67.0,136.0,,0.6821308269783319,,2.0,284.0,67.0,136.0,gastruloid_nuclei,True,0.7071067811865476,25,released prediction raster plus released raw daughter-label centroids,all_groundtruth_centers,15.171826585750239,0.8660254037844386,101.64133503609219,,11.065209297492398,,284.5,67.0,136.5,,,11.74734012447073,,
2.0,289.0,109.0,53.0,,0.4073668251814606,,2.0,289.0,109.0,53.0,gastruloid_nuclei,True,0.7071067811865476,26,released prediction raster plus released raw daughter-label centroids,all_groundtruth_centers,13.82925042799288,0.8660254037844386,159.87404968713318,,14.75838406292164,,289.0,109.5,53.5,,,15.165750888103101,,
2.0,305.0,99.0,52.0,,2.7813102890110297,,2.0,305.0,99.0,52.0,gastruloid_nuclei,True,0.7071067811865476,27,released prediction raster plus released raw daughter-label centroids,all_groundtruth_centers,14.176125974526292,0.8660254037844386,162.29064189760695,,15.051244211115977,,305.5,99.5,52.0,,,17.832554500127006,,
2.0,320.0,188.0,55.0,,0.809718446190935,,2.0,320.0,188.0,55.0,gastruloid_nuclei,True,0.7071067811865476,28,released prediction raster plus released raw daughter-label centroids,all_groundtruth_centers,5.076973821730412,0.8660254037844386,186.66586869919414,,16.797098415468074,,320.5,188.5,55.0,,,17.60681686165901,,
3.0,37.0,126.0,133.0,,4.094510519495005,,3.0,37.0,126.0,133.0,gastruloid_nuclei,True,0.5,29,released prediction raster plus released raw daughter-label centroids,all_groundtruth_centers,30.17111820005972,0.8660254037844386,202.06979899019657,,15.83034832567627,,37.0,126.5,133.0,,,19.924858845171276,,
3.0,63.0,84.0,120.0,,6.536299255435317,,3.0,63.0,84.0,120.0,gastruloid_nuclei,True,0.0,30,released prediction raster plus released raw daughter-label centroids,all_groundtruth_centers,15.05781761903995,0.8660254037844386,212.32126290579757,,16.787508323945886,,63.0,84.0,120.0,,,23.323807579381203,,
3.0,72.0,227.0,116.0,,4.348349396996225,,3.0,72.0,227.0,116.0,gastruloid_nuclei,True,0.0,31,released prediction raster plus released raw daughter-label centroids,all_groundtruth_centers,4.441432821910336,0.8660254037844386,141.73350451264946,,13.651650603003775,,72.0,227.0,116.0,,,18.0,,
3.0,84.0,234.0,103.0,,1.2604953516835256,,3.0,84.0,234.0,103.0,gastruloid_nuclei,True,0.5,32,released prediction raster plus released raw daughter-label centroids,all_groundtruth_centers,17.09827472234772,0.8660254037844386,93.75216212148331,,11.428082188765995,,84.5,234.0,103.0,,,12.68857754044952,,
4.0,100.0,184.0,108.0,,1.1958287426751362,,4.0,100.0,184.0,108.0,gastruloid_nuclei,True,3.640054944640259,33,released prediction raster plus released raw daughter-label centroids,all_groundtruth_centers,30.661964225969257,0.8660254037844386,105.03851004721652,,12.728391337345933,,103.0,186.0,107.5,,,11.532562594670797,,
3.0,99.0,163.0,140.0,,4.365809200120562,,3.0,99.0,163.0,140.0,gastruloid_nuclei,True,0.8660254037844386,34,released prediction raster plus released raw daughter-label centroids,all_groundtruth_centers,3.5766771916902815,0.8660254037844386,92.86862397499009,,10.700709973198801,,99.5,163.5,140.5,,,15.066519173319364,,
4.0,126.0,228.0,62.0,,5.5983673037940065,,4.0,126.0,228.0,62.0,gastruloid_nuclei,True,1.118033988749895,35,released prediction raster plus released raw daughter-label centroids,all_groundtruth_centers,20.630180802136504,0.8660254037844386,101.34945933411282,,11.044949673299232,,126.5,228.0,61.0,,,16.64331697709324,,
3.0,150.0,171.0,42.0,,1.7195804491079745,,3.0,150.0,171.0,42.0,gastruloid_nuclei,True,0.0,36,released prediction raster plus released raw daughter-label centroids,all_groundtruth_centers,7.959440962980837,0.8660254037844386,202.0697989901966,,15.83034832567627,,150.0,171.0,42.0,,,17.549928774784245,,
3.0,162.0,83.0,114.0,,2.368334838044248,,3.0,162.0,83.0,114.0,gastruloid_nuclei,True,0.5,37,released prediction raster plus released raw daughter-label centroids,all_groundtruth_centers,16.417006173678914,0.8660254037844386,223.49760901253674,,17.04815300090335,,162.0,83.0,114.5,,,19.4164878389476,,
4.0,166.0,219.0,129.0,,0.5281638539704439,,4.0,166.0,219.0,129.0,gastruloid_nuclei,True,2.345207879911715,38,released prediction raster plus released raw daughter-label centroids,all_groundtruth_centers,54.11601321242774,0.8660254037844386,286.50488353901886,,17.747503028526623,,167.5,217.5,130.0,,,18.275666882497067,,
3.0,170.0,68.0,82.0,,1.7679103436037593,,3.0,170.0,68.0,82.0,gastruloid_nuclei,True,0.7071067811865476,39,released prediction raster plus released raw daughter-label centroids,all_groundtruth_centers,20.55634198332296,0.8660254037844386,106.12063961157448,,14.785035013643089,,170.5,68.5,82.0,,,16.55294535724685,,
3.0,180.0,157.0,64.0,,0.9166256084827733,,3.0,180.0,157.0,64.0,gastruloid_nuclei,True,0.7071067811865476,40,released prediction raster plus released raw daughter-label centroids,all_groundtruth_centers,1.7413011915411654,0.8660254037844386,199.45242148978318,,13.955030418888072,,180.5,157.0,64.5,,,13.038404810405298,,
3.0,192.0,82.0,78.0,,4.933658125263719,,3.0,192.0,82.0,78.0,gastruloid_nuclei,True,0.7071067811865476,41,released prediction raster plus released raw daughter-label centroids,all_groundtruth_centers,10.953077505530308,0.8660254037844386,107.87641276243183,,12.444489071719048,,192.5,82.5,78.0,,,17.378147196982766,,
3.0,216.0,227.0,106.0,,1.0626172753714833,,3.0,216.0,227.0,106.0,gastruloid_nuclei,True,0.0,42,released prediction raster plus released raw daughter-label centroids,all_groundtruth_centers,5.024548933813679,0.8660254037844386,223.49760901253674,,17.04815300090335,,216.0,227.0,106.0,,,18.110770276274835,,
4.0,227.0,216.0,62.0,,1.6370250525800003,,4.0,227.0,216.0,62.0,gastruloid_nuclei,True,3.1622776601683795,43,released prediction raster plus released raw daughter-label centroids,all_groundtruth_centers,10.96503222498561,0.8660254037844386,110.48406394412801,,11.779382812418739,,228.0,216.0,59.0,,,13.416407864998739,,
3.0,261.0,134.0,33.0,,0.3217472262318779,,3.0,261.0,134.0,33.0,gastruloid_nuclei,True,0.0,44,released prediction raster plus released raw daughter-label centroids,all_groundtruth_centers,4.146253884165255,0.8660254037844386,158.71204352820914,,15.040544269505338,,261.0,134.0,33.0,,,15.362291495737216,,
3.0,271.0,90.0,72.0,,3.517675728359615,,3.0,271.0,90.0,72.0,gastruloid_nuclei,True,0.7071067811865476,45,released prediction raster plus released raw daughter-label centroids,all_groundtruth_centers,14.80393813023208,0.8660254037844386,110.48406394412777,,11.77938281241874,,271.0,90.5,72.5,,,15.297058540778355,,
3.0,272.0,209.0,61.0,,0.7861580693361816,,3.0,272.0,209.0,61.0,gastruloid_nuclei,True,0.5,46,released prediction raster plus released raw daughter-label centroids,all_groundtruth_centers,7.950720496681237,0.8660254037844386,133.51324973060454,,13.944761793320053,,272.5,209.0,61.0,,,14.730919862656235,,
3.0,304.0,219.0,112.0,,0.2928644101371951,,3.0,304.0,219.0,112.0,gastruloid_nuclei,True,0.7071067811865476,47,released prediction raster plus released raw daughter-label centroids,all_groundtruth_centers,10.022562657375202,0.8660254037844386,124.82964873212062,,12.116809235853662,,304.5,219.5,112.0,,,12.409673645990857,,
3.0,319.0,120.0,53.0,,0.025493347854583348,,3.0,319.0,120.0,53.0,gastruloid_nuclei,True,0.7071067811865476,48,released prediction raster plus released raw daughter-label centroids,all_groundtruth_centers,5.633779564858494,0.8660254037844386,161.90003099741938,,14.790316408087984,,319.5,120.5,53.0,,,14.7648230602334,,
4.0,26.0,180.0,104.0,,,,4.0,26.0,180.0,104.0,gastruloid_nuclei,False,,49,released prediction raster plus released raw daughter-label centroids,all_groundtruth_centers,,0.8660254037844386,122.30049764685425,,12.439640684614421,production gather_groundtruth_info found no label pair within per-axis atol=3,,,,,,,,
4.0,69.0,92.0,82.0,,0.9016836179366479,,4.0,69.0,92.0,82.0,gastruloid_nuclei,True,0.5,50,released prediction raster plus released raw daughter-label centroids,all_groundtruth_centers,4.998828701782351,0.8660254037844386,198.1301165658681,,16.56256557863633,,69.0,92.5,82.0,,,17.46424919657298,,
4.0,78.0,205.0,93.0,,1.8010232725190463,,4.0,78.0,205.0,93.0,gastruloid_nuclei,True,0.9013878188659973,51,released prediction raster plus released raw daughter-label centroids,all_groundtruth_centers,13.328362681943432,0.8660254037844386,140.77205963965721,,14.237991659826395,,78.0,205.75,93.5,,,16.03901493234544,,
4.0,81.0,174.0,115.0,,1.9793902432135972,,4.0,81.0,174.0,115.0,gastruloid_nuclei,True,0.7071067811865476,52,released prediction raster plus released raw daughter-label centroids,all_groundtruth_centers,23.58180883566211,0.8660254037844386,123.10808324167213,,13.05390613515931,,81.5,174.5,115.0,,,15.033296378372908,,
4.0,91.0,109.0,63.0,,0.9928852267480579,,4.0,91.0,109.0,63.0,gastruloid_nuclei,True,0.5,53,released prediction raster plus released raw daughter-label centroids,all_groundtruth_centers,13.713263652860189,0.8660254037844386,107.21317655626802,,10.711814683971568,,91.0,109.0,63.5,,,11.704699910719626,,
4.0,99.0,188.0,49.0,,,,4.0,99.0,188.0,49.0,gastruloid_nuclei,False,,54,released prediction raster plus released raw daughter-label centroids,all_groundtruth_centers,,0.8660254037844386,139.21510875651734,,14.241085409100412,production gather_groundtruth_info found no label pair within per-axis atol=3,,,,,,,,
4.0,104.0,186.0,90.0,,7.8114132563250145,,4.0,104.0,186.0,90.0,gastruloid_nuclei,True,0.7071067811865476,55,released prediction raster plus released raw daughter-label centroids,all_groundtruth_centers,59.500705128686185,0.8660254037844386,126.19411073741686,,12.437043474991572,,104.0,186.5,90.5,,,20.248456731316587,,
4.0,111.0,221.0,55.0,,1.1739115593665588,,4.0,111.0,221.0,55.0,gastruloid_nuclei,True,0.7071067811865476,56,released prediction raster plus released raw daughter-label centroids,all_groundtruth_centers,12.676678649580651,0.8660254037844386,156.47790006960952,,14.212316369771857,,111.5,221.0,55.5,,,13.038404810405298,,
4.0,138.0,195.0,40.0,,2.0245535992582724,,4.0,138.0,195.0,40.0,gastruloid_nuclei,True,0.8660254037844386,57,released prediction raster plus released raw daughter-label centroids,all_groundtruth_centers,34.79296881104421,0.8660254037844386,123.30774474037862,,13.041965574061091,,138.5,195.5,40.5,,,15.066519173319364,,
4.0,141.0,129.0,35.0,,0.4376163136806621,,4.0,141.0,129.0,35.0,gastruloid_nuclei,True,0.7071067811865476,58,released prediction raster plus released raw daughter-label centroids,all_groundtruth_centers,10.539480735107816,0.8660254037844386,161.90003099741958,,14.790316408087985,,141.5,129.0,35.5,,,14.352700094407323,,
4.0,154.0,172.0,93.0,,2.0806030635903348,,4.0,154.0,172.0,93.0,gastruloid_nuclei,True,2.5495097567963922,59,released prediction raster plus released raw daughter-label centroids,all_groundtruth_centers,13.236651049520104,0.8660254037844386,181.84810510921827,,15.065825135891913,,152.0,172.5,94.5,,,17.146428199482248,,
4.0,155.0,78.0,140.0,,,,4.0,155.0,78.0,140.0,gastruloid_nuclei,False,,60,released prediction raster plus released raw daughter-label centroids,all_groundtruth_centers,,0.8660254037844386,177.653564198808,,13.37636900896395,production gather_groundtruth_info found no label pair within per-axis atol=3,,,,,,,,
4.0,163.0,70.0,100.0,,1.443309216669121,,4.0,163.0,70.0,100.0,gastruloid_nuclei,True,0.5,61,released prediction raster plus released raw daughter-label centroids,all_groundtruth_centers,20.09486089131774,0.8660254037844386,223.8142816532289,,15.31974539757109,,163.0,70.0,100.5,,,16.76305461424021,,
4.0,208.0,152.0,119.0,,2.6555096353866112,,4.0,208.0,152.0,119.0,gastruloid_nuclei,True,0.0,62,released prediction raster plus released raw daughter-label centroids,all_groundtruth_centers,12.07705717981234,0.8660254037844386,162.42084360617363,,13.957738090449539,,208.0,152.0,119.0,,,16.61324772583615,,
4.0,230.0,187.0,127.0,,0.41313455399694554,,4.0,230.0,187.0,127.0,gastruloid_nuclei,True,0.5,63,released prediction raster plus released raw daughter-label centroids,all_groundtruth_centers,3.7374631938338605,0.8660254037844386,128.34618258960586,,13.622534293621253,,230.5,187.0,127.0,,,14.035668847618199,,
4.0,248.0,84.0,92.0,,0.9137384047741648,,4.0,248.0,84.0,92.0,gastruloid_nuclei,True,0.7071067811865476,64,released prediction raster plus released raw daughter-label centroids,all_groundtruth_centers,18.385979898930398,0.8660254037844386,213.7780616289163,,17.943124770700567,,248.5,84.5,92.0,,,17.029386365926403,,
4.0,263.0,80.0,145.0,,1.0908090132615698,,4.0,263.0,80.0,145.0,gastruloid_nuclei,True,0.5,65,released prediction raster plus released raw daughter-label centroids,all_groundtruth_centers,18.858003739715073,0.8660254037844386,191.53925603942548,,15.06468540814194,,263.0,80.0,145.5,,,16.15549442140351,,
4.0,270.0,183.0,41.0,,0.749011760554442,,4.0,270.0,183.0,41.0,gastruloid_nuclei,True,0.5,66,released prediction raster plus released raw daughter-label centroids,all_groundtruth_centers,16.241642570799247,0.8660254037844386,164.10339016504489,,16.78023130243584,,270.0,183.5,41.0,,,16.0312195418814,,
4.0,275.0,160.0,121.0,,3.535082321954164,,4.0,275.0,160.0,121.0,gastruloid_nuclei,True,0.8660254037844386,67,released prediction raster plus released raw daughter-label centroids,all_groundtruth_centers,8.902623785331333,0.8660254037844386,208.1573581042651,,16.339524592397627,,275.5,160.5,121.5,,,19.87460691435179,,
4.0,277.0,108.0,85.0,,3.487347114932618,,4.0,277.0,108.0,85.0,gastruloid_nuclei,True,0.7071067811865476,68,released prediction raster plus released raw daughter-label centroids,all_groundtruth_centers,3.084935419580569,0.8660254037844386,103.44981698256449,,13.305508508814047,,277.0,108.5,85.5,,,16.792855623746664,,
4.0,281.0,84.0,118.0,,,,4.0,281.0,84.0,118.0,gastruloid_nuclei,False,,69,released prediction raster plus released raw daughter-label centroids,all_groundtruth_centers,,0.8660254037844386,101.88380352388664,,13.022574256522287,production gather_groundtruth_info found no label pair within per-axis atol=3,,,,,,,,
4.0,300.0,124.0,59.0,,2.7148286641918187,,4.0,300.0,124.0,59.0,gastruloid_nuclei,True,0.5,70,released prediction raster plus released raw daughter-label centroids,all_groundtruth_centers,3.343942591552132,0.8660254037844386,106.52127547020139,,12.417917286229738,,300.0,124.0,59.5,,,15.132745950421556,,
4.0,306.0,174.0,79.0,,4.194681573144209,,4.0,306.0,174.0,79.0,gastruloid_nuclei,True,0.0,71,released prediction raster plus released raw daughter-label centroids,all_groundtruth_centers,1.918590979038492,0.8660254037844386,173.95385946127325,,14.778984387866068,,306.0,174.0,79.0,,,18.973665961010276,,
4.0,307.0,221.0,87.0,,2.592736009101074,,4.0,307.0,221.0,87.0,gastruloid_nuclei,True,0.7071067811865476,72,released prediction raster plus released raw daughter-label centroids,all_groundtruth_centers,17.109933532949928,0.8660254037844386,124.8367469056874,,11.75996408530625,,307.0,221.5,87.5,,,14.352700094407323,,
4.0,322.0,88.0,78.0,,0.5504295553920713,,4.0,322.0,88.0,78.0,gastruloid_nuclei,True,0.8660254037844386,73,released prediction raster plus released raw daughter-label centroids,all_groundtruth_centers,6.312269565319907,0.8660254037844386,148.52892376165323,,14.516089617927292,,322.5,88.5,78.5,,,15.066519173319364,,
5.0,40.0,126.0,86.0,,3.5241938691764005,,5.0,40.0,126.0,86.0,gastruloid_nuclei,True,0.0,74,released prediction raster plus released raw daughter-label centroids,all_groundtruth_centers,17.78491570167813,0.8660254037844386,158.71991548751558,,15.023043121815007,,40.0,126.0,86.0,,,18.547236990991408,,
5.0,84.0,165.0,93.0,,3.6325336578749017,,5.0,84.0,165.0,93.0,gastruloid_nuclei,True,0.5,75,released prediction raster plus released raw daughter-label centroids,all_groundtruth_centers,12.25934877135725,0.8660254037844386,157.6797669516079,,14.505823489342152,,84.0,165.5,93.0,,,18.138357147217054,,
5.0,92.0,61.0,92.0,,1.5234633894899758,,5.0,92.0,61.0,92.0,gastruloid_nuclei,True,0.7071067811865476,76,released prediction raster plus released raw daughter-label centroids,all_groundtruth_centers,10.07415623982199,0.8660254037844386,189.56969253670636,,15.029481967756873,,92.0,61.5,92.5,,,16.55294535724685,,
5.0,116.0,225.0,105.0,,1.2255595495853147,,5.0,116.0,225.0,105.0,gastruloid_nuclei,True,0.5,77,released prediction raster plus released raw daughter-label centroids,all_groundtruth_centers,5.499119638826499,0.8660254037844386,151.36804788820342,,15.537495064654896,,116.5,225.0,105.0,,,16.76305461424021,,
5.0,126.0,218.0,94.0,,2.188562986443163,,5.0,126.0,218.0,94.0,gastruloid_nuclei,True,0.7071067811865476,78,released prediction raster plus released raw daughter-label centroids,all_groundtruth_centers,10.095961324452128,0.8660254037844386,234.64062578998815,,16.087103896053904,,126.0,218.5,94.5,,,18.275666882497067,,
5.0,136.0,79.0,105.0,,3.853349451881618,,5.0,136.0,79.0,105.0,gastruloid_nuclei,True,0.0,79,released prediction raster plus released raw daughter-label centroids,all_groundtruth_centers,11.93355532665882,0.8660254037844386,140.9699165546284,,13.351301082203635,,136.0,79.0,105.0,,,17.204650534085253,,
5.0,141.0,157.0,100.0,,0.412109325134038,,5.0,141.0,157.0,100.0,gastruloid_nuclei,True,0.5,80,released prediction raster plus released raw daughter-label centroids,all_groundtruth_centers,7.734017957422177,0.8660254037844386,124.82964873212059,,12.116809235853664,,141.0,157.5,100.0,,,11.704699910719626,,
5.0,153.0,225.0,132.0,,0.7763159657243595,,5.0,153.0,225.0,132.0,gastruloid_nuclei,True,0.7071067811865476,81,released prediction raster plus released raw daughter-label centroids,all_groundtruth_centers,12.731652803876957,0.8660254037844386,142.10856275515548,,12.41458999254856,,153.5,225.0,132.5,,,13.19090595827292,,
5.0,197.0,132.0,38.0,,2.5878307888947845,,5.0,197.0,132.0,38.0,gastruloid_nuclei,True,0.7071067811865476,82,released prediction raster plus released raw daughter-label centroids,all_groundtruth_centers,78.93693606019438,0.8660254037844386,161.90003099741944,,14.790316408087982,,197.5,132.5,38.0,,,17.378147196982766,,
5.0,209.0,67.0,147.0,,2.737118247007148,,5.0,209.0,67.0,147.0,gastruloid_nuclei,True,0.0,83,released prediction raster plus released raw daughter-label centroids,all_groundtruth_centers,21.965761181561888,0.8660254037844386,74.5490860193143,,9.095041319192084,,209.0,67.0,147.0,,,11.832159566199232,,
5.0,228.0,165.0,115.0,,4.1655276246289485,,5.0,228.0,165.0,115.0,gastruloid_nuclei,True,0.5,84,released prediction raster plus released raw daughter-label centroids,all_groundtruth_centers,3.371717209891981,0.8660254037844386,177.648714513972,,13.068160314985137,,228.5,165.0,115.0,,,17.233687939614086,,
5.0,234.0,106.0,46.0,,2.9015836672443367,,5.0,234.0,106.0,46.0,gastruloid_nuclei,True,0.0,85,released prediction raster plus released raw daughter-label centroids,all_groundtruth_centers,8.183751051662643,0.8660254037844386,69.54305464654806,,9.90466480762136,,234.0,106.0,46.0,,,12.806248474865697,,
5.0,238.0,200.0,111.0,,3.0142290040920834,,5.0,238.0,200.0,111.0,gastruloid_nuclei,True,0.5,86,released prediction raster plus released raw daughter-label centroids,all_groundtruth_centers,13.380074977456767,0.8660254037844386,138.27401798335245,,13.064104625212973,,238.5,200.0,111.0,,,10.04987562112089,,
5.0,255.0,178.0,66.0,,1.4949972819912638,,5.0,255.0,178.0,66.0,gastruloid_nuclei,True,0.5,87,released prediction raster plus released raw daughter-label centroids,all_groundtruth_centers,19.835264712627552,0.8660254037844386,237.5338294501606,,16.083398549255683,,255.5,178.0,66.0,,,17.578395831246947,,
5.0,273.0,76.0,85.0,,4.189266274461568,,5.0,273.0,76.0,85.0,gastruloid_nuclei,True,0.5,88,released prediction raster plus released raw daughter-label centroids,all_groundtruth_centers,9.26037749542184,0.8660254037844386,153.11056627357178,,15.020106437836978,,273.0,76.0,85.5,,,19.209372712298546,,
5.0,293.0,136.0,92.0,,3.517675728359615,,5.0,293.0,136.0,92.0,gastruloid_nuclei,True,0.7071067811865476,89,released prediction raster plus released raw daughter-label centroids,all_groundtruth_centers,14.80393813023208,0.8660254037844386,110.48406394412777,,11.77938281241874,,293.0,136.5,92.5,,,15.297058540778355,,
5.0,303.0,108.0,94.0,,1.7511824747158364,,5.0,303.0,108.0,94.0,gastruloid_nuclei,True,0.5,90,released prediction raster plus released raw daughter-label centroids,all_groundtruth_centers,15.443402369636983,0.8660254037844386,162.4208436061737,,13.957738090449539,,303.5,108.0,94.0,,,12.206555615733702,,
5.0,309.0,81.0,109.0,,2.513159380766009,,5.0,309.0,81.0,109.0,gastruloid_nuclei,True,0.5,91,released prediction raster plus released raw daughter-label centroids,all_groundtruth_centers,10.677791192604662,0.8660254037844386,214.47863997773572,,17.51315938076601,,309.0,81.5,109.0,,,15.0,,
6.0,108.0,169.0,52.0,,1.8999037770466192,,6.0,108.0,169.0,52.0,gastruloid_nuclei,True,0.5,92,released prediction raster plus released raw daughter-label centroids,all_groundtruth_centers,7.7941677177642035,0.8660254037844386,106.52127547020154,,12.417917286229734,,108.0,169.5,52.0,,,14.317821063276353,,
6.0,158.0,67.0,115.0,,8.164698102539191,,6.0,158.0,67.0,115.0,gastruloid_nuclei,True,0.0,93,released prediction raster plus released raw daughter-label centroids,all_groundtruth_centers,4.288867401743579,0.8660254037844386,84.95269514345159,,11.431219839726232,,158.0,67.0,115.0,,,19.595917942265423,,
6.0,188.0,117.0,39.0,,3.7560920931361235,,6.0,188.0,117.0,39.0,gastruloid_nuclei,True,0.7071067811865476,94,released prediction raster plus released raw daughter-label centroids,all_groundtruth_centers,36.390079904513534,0.8660254037844386,169.0886729223197,,14.519574789360943,,188.5,117.5,39.0,,,18.275666882497067,,
6.0,190.0,148.0,97.0,,1.0327835708935353,,6.0,190.0,148.0,97.0,gastruloid_nuclei,True,0.5,95,released prediction raster plus released raw daughter-label centroids,all_groundtruth_centers,8.784538537987007,0.8660254037844386,74.54908601931427,,9.095041319192084,,190.0,148.5,97.0,,,8.06225774829855,,
6.0,211.0,65.0,88.0,,2.7773982029505895,,6.0,211.0,65.0,88.0,gastruloid_nuclei,True,0.5,96,released prediction raster plus released raw daughter-label centroids,all_groundtruth_centers,8.279649366806945,0.8660254037844386,162.4208436061738,,13.957738090449539,,211.0,65.5,88.0,,,11.180339887498949,,
6.0,211.0,98.0,57.0,,0.12117003189367992,,6.0,211.0,98.0,57.0,gastruloid_nuclei,True,0.7071067811865476,97,released prediction raster plus released raw daughter-label centroids,all_groundtruth_centers,2.4762848936865103,0.8660254037844386,125.74548826779261,,13.06973592637924,,211.0,98.5,57.5,,,13.19090595827292,,
6.0,221.0,139.0,137.0,,0.35069106332455036,,6.0,221.0,139.0,137.0,gastruloid_nuclei,True,0.7071067811865476,98,released prediction raster plus released raw daughter-label centroids,all_groundtruth_centers,10.631760884634502,0.8660254037844386,214.3201666870537,,17.027456133658216,,221.5,139.0,137.5,,,17.378147196982766,,
6.0,227.0,184.0,148.0,,0.5914951429105884,,6.0,227.0,184.0,148.0,gastruloid_nuclei,True,0.8660254037844386,99,released prediction raster plus released raw daughter-label centroids,all_groundtruth_centers,12.877914660882677,0.8660254037844386,173.5396855342383,,13.372744900858352,,227.5,184.5,148.5,,,13.96424004376894,,
6.0,270.0,114.0,65.0,,2.1300476838791838,,6.0,270.0,114.0,65.0,gastruloid_nuclei,True,0.5,100,released prediction raster plus released raw daughter-label centroids,all_groundtruth_centers,12.05512978536201,0.8660254037844386,159.9326149019169,,14.75189533225495,,270.5,114.0,65.0,,,16.881943016134134,,
6.0,294.0,160.0,46.0,,0.9068063193096307,,6.0,294.0,160.0,46.0,gastruloid_nuclei,True,0.5,101,released prediction raster plus released raw daughter-label centroids,all_groundtruth_centers,9.232281092829998,0.8660254037844386,112.14896214711892,,11.7234601457016,,294.0,160.5,46.0,,,10.816653826391969,,
7.0,38.0,124.0,142.0,,3.5428338294440582,,7.0,38.0,124.0,142.0,gastruloid_nuclei,True,0.7071067811865476,102,released prediction raster plus released raw daughter-label centroids,all_groundtruth_centers,29.826892632913342,0.8660254037844386,160.36650869814724,,13.950021855091842,,38.0,124.5,142.5,,,17.4928556845359,,
7.0,43.0,99.0,83.0,,2.415695943348924,,7.0,43.0,99.0,83.0,gastruloid_nuclei,True,0.5,103,released prediction raster plus released raw daughter-label centroids,all_groundtruth_centers,18.064864955390625,0.8660254037844386,100.761751466365,,11.761750935408902,,43.0,99.0,83.5,,,14.177446878757825,,
7.0,67.0,69.0,99.0,,0.37069772613616614,,7.0,67.0,69.0,99.0,gastruloid_nuclei,True,0.5,104,released prediction raster plus released raw daughter-label centroids,all_groundtruth_centers,12.660024211227869,0.8660254037844386,159.44619611289755,,14.49537102118234,,67.0,69.0,99.5,,,14.866068747318506,,
8.0,87.0,204.0,60.0,,,,8.0,87.0,204.0,60.0,gastruloid_nuclei,False,,105,released prediction raster plus released raw daughter-label centroids,all_groundtruth_centers,,0.8660254037844386,117.66702337806647,,11.787249649742414,production gather_groundtruth_info found no label pair within per-axis atol=3,,,,,,,,
7.0,94.0,213.0,131.0,,2.253038179729913,,7.0,94.0,213.0,131.0,gastruloid_nuclei,True,0.5,106,released prediction raster plus released raw daughter-label centroids,all_groundtruth_centers,5.85331942950293,0.8660254037844386,162.4208436061737,,13.957738090449539,,94.5,213.0,131.0,,,11.704699910719626,,
7.0,115.0,71.0,96.0,,0.8860466161848084,,7.0,115.0,71.0,96.0,gastruloid_nuclei,True,0.5,107,released prediction raster plus released raw daughter-label centroids,all_groundtruth_centers,9.798510758306682,0.8660254037844386,113.43339483558921,,12.418088079465262,,115.0,71.5,96.0,,,13.30413469565007,,
7.0,115.0,245.0,66.0,,0.7512506294188519,,7.0,115.0,245.0,66.0,gastruloid_nuclei,True,0.5,108,released prediction raster plus released raw daughter-label centroids,all_groundtruth_centers,9.934988199892295,0.8660254037844386,258.09945447302994,,17.276505747901094,,115.0,245.5,66.0,,,18.027756377319946,,
7.0,141.0,201.0,109.0,,4.170668863908283,,7.0,141.0,201.0,109.0,gastruloid_nuclei,True,0.7071067811865476,109,released prediction raster plus released raw daughter-label centroids,all_groundtruth_centers,7.869607644689058,0.8660254037844386,140.51660666154916,,13.322186820627618,,141.5,201.5,109.0,,,17.4928556845359,,
7.0,154.0,63.0,157.0,,1.0425893232204615,,7.0,154.0,63.0,157.0,gastruloid_nuclei,True,0.5,110,released prediction raster plus released raw daughter-label centroids,all_groundtruth_centers,7.525909314225692,0.8660254037844386,161.9000309974195,,14.790316408087982,,154.0,63.0,157.5,,,13.74772708486752,,
7.0,156.0,101.0,75.0,,0.6453453637513604,,7.0,156.0,101.0,75.0,gastruloid_nuclei,True,0.7071067811865476,111,released prediction raster plus released raw daughter-label centroids,all_groundtruth_centers,7.573591532048978,0.8660254037844386,105.03851004721642,,12.728391337345933,,156.0,101.5,75.5,,,12.083045973594572,,
7.0,162.0,89.0,134.0,,0.5751519533691472,,7.0,162.0,89.0,134.0,gastruloid_nuclei,True,0.5,112,released prediction raster plus released raw daughter-label centroids,all_groundtruth_centers,16.632548838141656,0.8660254037844386,210.2406477779534,,15.580342468034363,,162.5,89.0,134.0,,,16.15549442140351,,
7.0,199.0,114.0,88.0,,4.663366508798061,,7.0,199.0,114.0,88.0,gastruloid_nuclei,True,0.5,113,released prediction raster plus released raw daughter-label centroids,all_groundtruth_centers,16.267115311109976,0.8660254037844386,130.30998588097373,,13.364389868521885,,199.0,114.0,88.5,,,18.027756377319946,,
7.0,222.0,210.0,101.0,,2.800210577371974,,7.0,222.0,210.0,101.0,gastruloid_nuclei,True,0.5,114,released prediction raster plus released raw daughter-label centroids,all_groundtruth_centers,5.194065531917719,0.8660254037844386,158.15297662248648,,13.962844036868237,,222.0,210.0,101.5,,,16.76305461424021,,
7.0,226.0,85.0,74.0,,3.670228558375239,,7.0,226.0,85.0,74.0,gastruloid_nuclei,True,0.7071067811865476,115,released prediction raster plus released raw daughter-label centroids,all_groundtruth_centers,6.955164311997319,0.8660254037844386,182.02574455166612,,16.07818909975626,,226.0,85.5,74.5,,,19.748417658131498,,
7.0,265.0,227.0,145.0,,1.947998567936823,,7.0,265.0,227.0,145.0,gastruloid_nuclei,True,0.7071067811865476,116,released prediction raster plus released raw daughter-label centroids,all_groundtruth_centers,14.655457351405214,0.8660254037844386,149.49577251139598,,14.238415488301824,,265.5,227.5,145.0,,,16.186414056238647,,
7.0,285.0,191.0,114.0,,6.7024859603739735,,7.0,285.0,191.0,114.0,gastruloid_nuclei,True,0.8660254037844386,117,released prediction raster plus released raw daughter-label centroids,all_groundtruth_centers,24.49579159434691,0.8660254037844386,99.18267964213447,,11.045753388924876,,285.5,191.5,114.5,,,17.74823934929885,,
7.0,326.0,182.0,102.0,,0.5545728860385903,,7.0,326.0,182.0,102.0,gastruloid_nuclei,True,0.5,118,released prediction raster plus released raw daughter-label centroids,all_groundtruth_centers,11.813352042374534,0.8660254037844386,110.70916662456266,,9.88573362287196,,326.0,182.5,102.0,,,10.44030650891055,,
8.0,81.0,84.0,98.0,,2.9358953747870267,,8.0,81.0,84.0,98.0,gastruloid_nuclei,True,0.0,119,released prediction raster plus released raw daughter-label centroids,all_groundtruth_centers,8.723176168606672,0.8660254037844386,138.27401798335245,,13.064104625212973,,81.0,84.0,98.0,,,16.0,,
8.0,131.0,249.0,124.0,,1.6271165206615787,,8.0,131.0,249.0,124.0,gastruloid_nuclei,True,0.5,120,released prediction raster plus released raw daughter-label centroids,all_groundtruth_centers,25.671269368855484,0.8660254037844386,128.2859996180555,,12.443770347053547,,131.5,249.0,124.0,,,10.816653826391969,,
8.0,144.0,121.0,64.0,,2.2524493849800216,,8.0,144.0,121.0,64.0,gastruloid_nuclei,True,0.0,121,released prediction raster plus released raw daughter-label centroids,all_groundtruth_centers,23.779914433095207,0.8660254037844386,107.87641276243191,,12.444489071719048,,144.0,121.0,64.0,,,14.696938456699069,,
8.0,166.0,83.0,85.0,,1.8869399663318642,,8.0,166.0,83.0,85.0,gastruloid_nuclei,True,0.7071067811865476,122,released prediction raster plus released raw daughter-label centroids,all_groundtruth_centers,2.9356899140253154,0.8660254037844386,149.7026381182585,,15.024594558955899,,166.5,83.0,85.5,,,16.911534525287763,,
8.0,190.0,169.0,44.0,,2.101447958299385,,8.0,190.0,169.0,44.0,gastruloid_nuclei,True,0.5,123,released prediction raster plus released raw daughter-label centroids,all_groundtruth_centers,5.279777268424817,0.8660254037844386,148.63708496165302,,13.929771583582014,,190.0,169.5,44.0,,,16.0312195418814,,
8.0,258.0,157.0,52.0,,0.3217226474941146,,8.0,258.0,157.0,52.0,gastruloid_nuclei,True,0.7071067811865476,124,released prediction raster plus released raw daughter-label centroids,all_groundtruth_centers,5.236644277828899,0.8660254037844386,89.09042377134352,,10.723638369693147,,258.0,157.5,52.5,,,11.045361017187261,,
8.0,262.0,56.0,77.0,,1.9079377573064882,,8.0,262.0,56.0,77.0,gastruloid_nuclei,True,0.7071067811865476,125,released prediction raster plus released raw daughter-label centroids,all_groundtruth_centers,32.28886341199369,0.8660254037844386,75.50941187832645,,11.394770737811626,,262.5,56.5,77.0,,,9.486832980505138,,
8.0,312.0,80.0,137.0,,0.28784738650755237,,8.0,312.0,80.0,137.0,gastruloid_nuclei,True,0.8660254037844386,126,released prediction raster plus released raw daughter-label centroids,all_groundtruth_centers,32.60155177387866,0.8660254037844386,140.77205963965727,,14.237991659826397,,312.5,80.5,137.5,,,14.52583904633395,,
9.0,43.0,147.0,92.0,,2.9700675973728377,,9.0,43.0,147.0,92.0,gastruloid_nuclei,True,0.5,127,released prediction raster plus released raw daughter-label centroids,all_groundtruth_centers,6.229431449339637,0.8660254037844386,136.1678397231858,,12.424736720967815,,43.5,147.0,92.0,,,15.394804318340652,,
9.0,69.0,135.0,124.0,,0.3751795458296243,,9.0,69.0,135.0,124.0,gastruloid_nuclei,True,0.5,128,released prediction raster plus released raw daughter-label centroids,all_groundtruth_centers,15.855877537397546,0.8660254037844386,138.8338787624629,,13.063757086279145,,69.5,135.0,124.0,,,12.68857754044952,,
9.0,116.0,118.0,59.0,,0.4651308501201399,,9.0,116.0,118.0,59.0,gastruloid_nuclei,True,0.8660254037844386,129,released prediction raster plus released raw daughter-label centroids,all_groundtruth_centers,14.90598533991177,0.8660254037844386,166.71371326228703,,14.99096989645409,,116.5,118.5,59.5,,,14.52583904633395,,
9.0,122.0,86.0,100.0,,1.4527450479747088,,9.0,122.0,86.0,100.0,gastruloid_nuclei,True,0.7071067811865476,130,released prediction raster plus released raw daughter-label centroids,all_groundtruth_centers,22.46359415455542,0.8660254037844386,89.7494509334896,,11.431353678750417,,122.5,86.0,100.5,,,12.884098726725126,,
9.0,140.0,143.0,44.0,,0.2229666322564512,,9.0,140.0,143.0,44.0,gastruloid_nuclei,True,0.0,131,released prediction raster plus released raw daughter-label centroids,all_groundtruth_centers,22.254326281027836,0.8660254037844386,157.67976695160795,,14.505823489342152,,140.0,143.0,44.0,,,14.2828568570857,,
9.0,172.0,164.0,116.0,,0.7150484299175588,,9.0,172.0,164.0,116.0,gastruloid_nuclei,True,0.5,132,released prediction raster plus released raw daughter-label centroids,all_groundtruth_centers,5.0242580594685675,0.8660254037844386,191.53925603942557,,15.06468540814194,,172.0,164.5,116.0,,,15.7797338380595,,
9.0,197.0,120.0,56.0,,0.8296412353501665,,9.0,197.0,120.0,56.0,gastruloid_nuclei,True,0.8660254037844386,133,released prediction raster plus released raw daughter-label centroids,all_groundtruth_centers,13.71405525898934,0.8660254037844386,132.93721237072722,,14.236877937969197,,197.5,120.5,56.5,,,15.066519173319364,,
9.0,205.0,184.0,135.0,,0.7918153553541494,,9.0,205.0,184.0,135.0,gastruloid_nuclei,True,0.5,134,released prediction raster plus released raw daughter-label centroids,all_groundtruth_centers,11.872217943870153,0.8660254037844386,133.51324973060466,,13.944761793320055,,205.0,184.5,135.0,,,13.152946437965905,,
9.0,229.0,104.0,152.0,,0.46915497927950334,,9.0,229.0,104.0,152.0,gastruloid_nuclei,True,0.5,135,released prediction raster plus released raw daughter-label centroids,all_groundtruth_centers,10.927995667510087,0.8660254037844386,178.20867431515563,,15.05501971698052,,229.0,104.5,152.0,,,15.524174696260024,,
9.0,239.0,221.0,45.0,,3.7025435671972335,,9.0,239.0,221.0,45.0,gastruloid_nuclei,True,0.7071067811865476,136,released prediction raster plus released raw daughter-label centroids,all_groundtruth_centers,14.82884935994824,0.8660254037844386,218.69023144430844,,15.323754023243213,,239.5,221.5,45.0,,,19.026297590440446,,
9.0,241.0,232.0,74.0,,1.070194481239925,,9.0,241.0,232.0,74.0,gastruloid_nuclei,True,0.5,137,released prediction raster plus released raw daughter-label centroids,all_groundtruth_centers,4.1765402319556575,0.8660254037844386,77.84107599300513,,9.929805518760075,,241.0,232.5,74.0,,,11.0,,
9.0,243.0,49.0,116.0,,0.5899340644342406,,9.0,243.0,49.0,116.0,gastruloid_nuclei,True,0.5,138,released prediction raster plus released raw daughter-label centroids,all_groundtruth_centers,9.103386711572652,0.8660254037844386,110.48406394412794,,11.77938281241874,,243.0,49.5,116.0,,,12.36931687685298,,
9.0,250.0,115.0,62.0,,3.2453276699113616,,9.0,250.0,115.0,62.0,gastruloid_nuclei,True,0.0,139,released prediction raster plus released raw daughter-label centroids,all_groundtruth_centers,13.798437045072905,0.8660254037844386,203.43148990192196,,14.754672330088638,,250.0,115.0,62.0,,,18.0,,
9.0,260.0,115.0,77.0,,0.5431995246042618,,9.0,260.0,115.0,77.0,gastruloid_nuclei,True,0.7071067811865476,140,released prediction raster plus released raw daughter-label centroids,all_groundtruth_centers,28.419016007908912,0.8660254037844386,149.66887090075053,,13.948177221585176,,260.5,115.0,77.5,,,14.491376746189438,,
9.0,264.0,72.0,132.0,,1.5980063218088887,,9.0,264.0,72.0,132.0,gastruloid_nuclei,True,0.7071067811865476,141,released prediction raster plus released raw daughter-label centroids,all_groundtruth_centers,10.580706651667805,0.8660254037844386,85.08558395795612,,10.318368966004096,,264.5,72.0,132.5,,,11.916375287812984,,
9.0,297.0,188.0,85.0,,1.6439915387483346,,9.0,297.0,188.0,85.0,gastruloid_nuclei,True,1.689628646627492,142,released prediction raster plus released raw daughter-label centroids,all_groundtruth_centers,42.17371586429091,0.8660254037844386,87.3708520245121,,10.259499873793505,,297.959074605452,188.9988880918221,85.96811334289814,,,8.61550833504517,,
9.0,301.0,168.0,141.0,,3.0272050516099878,,9.0,301.0,168.0,141.0,gastruloid_nuclei,True,0.8660254037844386,143,released prediction raster plus released raw daughter-label centroids,all_groundtruth_centers,17.289324011681973,0.8660254037844386,104.3102238626693,,11.771443535338754,,301.5,168.5,141.5,,,14.798648586948742,,
9.0,317.0,147.0,88.0,,1.6591593818505785,,9.0,317.0,147.0,88.0,gastruloid_nuclei,True,0.7071067811865476,144,released prediction raster plus released raw daughter-label centroids,all_groundtruth_centers,4.330993001361216,0.8660254037844386,209.8255298533946,,15.833696302685322,,317.5,147.5,88.0,,,17.4928556845359,,
2.5,274.0,61.5,111.0,,2.972743183274467,,2.5,274.0,61.5,111.0,gastruloid_nuclei,True,1.6583123951777,0,released prediction raster plus released raw daughter-label centroids,matched_groundtruth_centers,9.42325609626203,1.224744871391589,153.96137043220637,,14.520112501261433,,275.5,61.0,111.5,,,17.4928556845359,,
3.5,126.0,228.0,62.0,,4.8924277772099956,,3.5,126.0,228.0,62.0,gastruloid_nuclei,True,1.5811388300841898,1,released prediction raster plus released raw daughter-label centroids,matched_groundtruth_centers,18.534745274110534,0.8660254037844386,101.34945933411282,,11.044949673299232,,126.0,228.5,63.5,,,15.937377450509228,,
9.0,205.0,184.0,135.0,,0.7918153553541494,,9.0,205.0,184.0,135.0,gastruloid_nuclei,True,0.5,2,released prediction raster plus released raw daughter-label centroids,matched_groundtruth_centers,11.872217943870153,0.8660254037844386,133.51324973060466,,13.944761793320055,,205.0,184.5,135.0,,,13.152946437965905,,
9.0,250.0,115.0,62.0,,3.2453276699113616,,9.0,250.0,115.0,62.0,gastruloid_nuclei,True,0.0,3,released prediction raster plus released raw daughter-label centroids,matched_groundtruth_centers,13.798437045072905,0.8660254037844386,203.43148990192196,,14.754672330088638,,250.0,115.0,62.0,,,18.0,,
9.0,43.0,147.0,92.0,,2.9700675973728377,,9.0,43.0,147.0,92.0,gastruloid_nuclei,True,0.5,4,released prediction raster plus released raw daughter-label centroids,matched_groundtruth_centers,6.229431449339637,0.8660254037844386,136.1678397231858,,12.424736720967815,,43.5,147.0,92.0,,,15.394804318340652,,
9.0,69.0,135.0,124.0,,0.3751795458296243,,9.0,69.0,135.0,124.0,gastruloid_nuclei,True,0.5,5,released prediction raster plus released raw daughter-label centroids,matched_groundtruth_centers,15.855877537397546,0.8660254037844386,138.8338787624629,,13.063757086279145,,69.5,135.0,124.0,,,12.68857754044952,,
9.0,229.0,104.0,152.0,,0.46915497927950334,,9.0,229.0,104.0,152.0,gastruloid_nuclei,True,0.5,6,released prediction raster plus released raw daughter-label centroids,matched_groundtruth_centers,10.927995667510087,0.8660254037844386,178.20867431515563,,15.05501971698052,,229.0,104.5,152.0,,,15.524174696260024,,
9.0,241.0,232.0,74.0,,1.070194481239925,,9.0,241.0,232.0,74.0,gastruloid_nuclei,True,0.5,7,released prediction raster plus released raw daughter-label centroids,matched_groundtruth_centers,4.1765402319556575,0.8660254037844386,77.84107599300513,,9.929805518760075,,241.0,232.5,74.0,,,11.0,,
9.0,243.0,49.0,116.0,,0.5899340644342406,,9.0,243.0,49.0,116.0,gastruloid_nuclei,True,0.5,8,released prediction raster plus released raw daughter-label centroids,matched_groundtruth_centers,9.103386711572652,0.8660254037844386,110.48406394412794,,11.77938281241874,,243.0,49.5,116.0,,,12.36931687685298,,
7.5,87.0,203.5,59.5,,3.9924841883170856,,7.5,87.0,203.5,59.5,gastruloid_nuclei,True,2.598076211353316,9,released prediction raster plus released raw daughter-label centroids,matched_groundtruth_centers,45.48618050687985,1.5,117.66702337806647,,11.787249649742414,,84.5,204.0,59.0,,,15.7797338380595,,
9.0,172.0,164.0,116.0,,0.7150484299175588,,9.0,172.0,164.0,116.0,gastruloid_nuclei,True,0.5,10,released prediction raster plus released raw daughter-label centroids,matched_groundtruth_centers,5.0242580594685675,0.8660254037844386,191.53925603942557,,15.06468540814194,,172.0,164.5,116.0,,,15.7797338380595,,
9.0,264.0,72.0,132.0,,1.5980063218088887,,9.0,264.0,72.0,132.0,gastruloid_nuclei,True,0.7071067811865476,11,released prediction raster plus released raw daughter-label centroids,matched_groundtruth_centers,10.580706651667805,0.8660254037844386,85.08558395795612,,10.318368966004096,,264.5,72.0,132.5,,,11.916375287812984,,
9.0,317.0,147.0,88.0,,1.6591593818505785,,9.0,317.0,147.0,88.0,gastruloid_nuclei,True,0.7071067811865476,12,released prediction raster plus released raw daughter-label centroids,matched_groundtruth_centers,4.330993001361216,0.8660254037844386,209.8255298533946,,15.833696302685322,,317.5,147.5,88.0,,,17.4928556845359,,
9.0,116.0,118.0,59.0,,0.4651308501201399,,9.0,116.0,118.0,59.0,gastruloid_nuclei,True,0.8660254037844386,13,released prediction raster plus released raw daughter-label centroids,matched_groundtruth_centers,14.90598533991177,0.8660254037844386,166.71371326228703,,14.99096989645409,,116.5,118.5,59.5,,,14.52583904633395,,
9.0,301.0,168.0,141.0,,3.0272050516099878,,9.0,301.0,168.0,141.0,gastruloid_nuclei,True,0.8660254037844386,14,released prediction raster plus released raw daughter-label centroids,matched_groundtruth_centers,17.289324011681973,0.8660254037844386,104.3102238626693,,11.771443535338754,,301.5,168.5,141.5,,,14.798648586948742,,
4.0,69.0,92.0,82.0,,0.9016836179366479,,4.0,69.0,92.0,82.0,gastruloid_nuclei,True,0.5,15,released prediction raster plus released raw daughter-label centroids,matched_groundtruth_centers,4.998828701782351,0.8660254037844386,198.1301165658681,,16.56256557863633,,69.0,92.5,82.0,,,17.46424919657298,,
3.5,227.0,215.5,61.5,,3.87309303007979,,3.5,227.0,215.5,61.5,gastruloid_nuclei,True,2.692582403567252,16,released prediction raster plus released raw daughter-label centroids,matched_groundtruth_centers,58.4317368916867,1.5,110.48406394412801,,11.779382812418739,,226.0,215.5,64.0,,,15.652475842498529,,
2.0,97.0,132.0,85.0,,2.1430127021581384,,2.0,97.0,132.0,85.0,gastruloid_nuclei,True,0.0,17,released prediction raster plus released raw daughter-label centroids,matched_groundtruth_centers,6.903731954957856,0.8660254037844386,104.46623528296918,,12.417207076402898,,97.0,132.0,85.0,,,14.560219778561036,,
2.0,305.0,99.0,52.0,,2.7813102890110297,,2.0,305.0,99.0,52.0,gastruloid_nuclei,True,0.7071067811865476,18,released prediction raster plus released raw daughter-label centroids,matched_groundtruth_centers,14.176125974526292,0.8660254037844386,162.29064189760695,,15.051244211115977,,305.5,99.5,52.0,,,17.832554500127006,,
3.0,272.0,209.0,61.0,,0.7861580693361816,,3.0,272.0,209.0,61.0,gastruloid_nuclei,True,0.5,19,released prediction raster plus released raw daughter-label centroids,matched_groundtruth_centers,7.950720496681237,0.8660254037844386,133.51324973060454,,13.944761793320053,,272.5,209.0,61.0,,,14.730919862656235,,
3.0,84.0,234.0,103.0,,1.2604953516835256,,3.0,84.0,234.0,103.0,gastruloid_nuclei,True,0.5,20,released prediction raster plus released raw daughter-label centroids,matched_groundtruth_centers,17.09827472234772,0.8660254037844386,93.75216212148331,,11.428082188765995,,84.5,234.0,103.0,,,12.68857754044952,,
3.0,319.0,120.0,53.0,,0.025493347854583348,,3.0,319.0,120.0,53.0,gastruloid_nuclei,True,0.7071067811865476,21,released prediction raster plus released raw daughter-label centroids,matched_groundtruth_centers,5.633779564858494,0.8660254037844386,161.90003099741938,,14.790316408087984,,319.5,120.5,53.0,,,14.7648230602334,,
2.0,50.0,117.0,113.0,,0.3886578340749285,,2.0,50.0,117.0,113.0,gastruloid_nuclei,True,0.7071067811865476,22,released prediction raster plus released raw daughter-label centroids,matched_groundtruth_centers,17.971662821239793,0.8660254037844386,91.32565148111347,,11.06573608610624,,50.5,117.5,113.0,,,10.677078252031311,,
6.0,227.0,184.0,148.0,,0.5914951429105884,,6.0,227.0,184.0,148.0,gastruloid_nuclei,True,0.8660254037844386,23,released prediction raster plus released raw daughter-label centroids,matched_groundtruth_centers,12.877914660882677,0.8660254037844386,173.5396855342383,,13.372744900858352,,227.5,184.5,148.5,,,13.96424004376894,,
9.0,140.0,143.0,44.0,,0.2229666322564512,,9.0,140.0,143.0,44.0,gastruloid_nuclei,True,0.0,24,released prediction raster plus released raw daughter-label centroids,matched_groundtruth_centers,22.254326281027836,0.8660254037844386,157.67976695160795,,14.505823489342152,,140.0,143.0,44.0,,,14.2828568570857,,
8.0,312.0,80.0,137.0,,0.28784738650755237,,8.0,312.0,80.0,137.0,gastruloid_nuclei,True,0.8660254037844386,25,released prediction raster plus released raw daughter-label centroids,matched_groundtruth_centers,32.60155177387866,0.8660254037844386,140.77205963965727,,14.237991659826397,,312.5,80.5,137.5,,,14.52583904633395,,
6.0,211.0,98.0,57.0,,0.12117003189367992,,6.0,211.0,98.0,57.0,gastruloid_nuclei,True,0.7071067811865476,26,released prediction raster plus released raw daughter-label centroids,matched_groundtruth_centers,2.4762848936865103,0.8660254037844386,125.74548826779261,,13.06973592637924,,211.0,98.5,57.5,,,13.19090595827292,,
2.0,167.0,146.0,136.0,,3.1475282866200853,,2.0,167.0,146.0,136.0,gastruloid_nuclei,True,0.5,27,released prediction raster plus released raw daughter-label centroids,matched_groundtruth_centers,35.05967557079784,0.8660254037844386,124.82964873212026,,12.116809235853662,,167.0,146.0,136.5,,,15.264337522473747,,
8.0,262.0,56.0,77.0,,1.9079377573064882,,8.0,262.0,56.0,77.0,gastruloid_nuclei,True,0.7071067811865476,28,released prediction raster plus released raw daughter-label centroids,matched_groundtruth_centers,32.28886341199369,0.8660254037844386,75.50941187832645,,11.394770737811626,,262.5,56.5,77.0,,,9.486832980505138,,
7.0,265.0,227.0,145.0,,1.947998567936823,,7.0,265.0,227.0,145.0,gastruloid_nuclei,True,0.7071067811865476,29,released prediction raster plus released raw daughter-label centroids,matched_groundtruth_centers,14.655457351405214,0.8660254037844386,149.49577251139598,,14.238415488301824,,265.5,227.5,145.0,,,16.186414056238647,,
4.0,277.0,108.0,85.0,,3.487347114932618,,4.0,277.0,108.0,85.0,gastruloid_nuclei,True,0.7071067811865476,30,released prediction raster plus released raw daughter-label centroids,matched_groundtruth_centers,3.084935419580569,0.8660254037844386,103.44981698256449,,13.305508508814047,,277.0,108.5,85.5,,,16.792855623746664,,
5.0,84.0,165.0,93.0,,3.6325336578749017,,5.0,84.0,165.0,93.0,gastruloid_nuclei,True,0.5,31,released prediction raster plus released raw daughter-label centroids,matched_groundtruth_centers,12.25934877135725,0.8660254037844386,157.6797669516079,,14.505823489342152,,84.0,165.5,93.0,,,18.138357147217054,,
9.0,197.0,120.0,56.0,,0.8296412353501665,,9.0,197.0,120.0,56.0,gastruloid_nuclei,True,0.8660254037844386,32,released prediction raster plus released raw daughter-label centroids,matched_groundtruth_centers,13.71405525898934,0.8660254037844386,132.93721237072722,,14.236877937969197,,197.5,120.5,56.5,,,15.066519173319364,,
2.0,139.0,249.0,101.0,,3.455734026760595,,2.0,139.0,249.0,101.0,gastruloid_nuclei,True,0.0,33,released prediction raster plus released raw daughter-label centroids,matched_groundtruth_centers,25.67789203661932,0.8660254037844386,84.67604359212295,,10.686401596970356,,139.0,249.0,101.0,,,14.142135623730951,,
8.0,166.0,83.0,85.0,,1.8869399663318642,,8.0,166.0,83.0,85.0,gastruloid_nuclei,True,0.7071067811865476,34,released prediction raster plus released raw daughter-label centroids,matched_groundtruth_centers,2.9356899140253154,0.8660254037844386,149.7026381182585,,15.024594558955899,,166.5,83.0,85.5,,,16.911534525287763,,
4.5,281.0,84.0,118.0,,,,4.5,281.0,84.0,118.0,gastruloid_nuclei,False,,35,released prediction raster plus released raw daughter-label centroids,matched_groundtruth_centers,,0.8660254037844386,101.88380352388664,,13.022574256522287,production gather_groundtruth_info found no label pair within per-axis atol=3,,,,,,,,
8.0,258.0,157.0,52.0,,0.3217226474941146,,8.0,258.0,157.0,52.0,gastruloid_nuclei,True,0.7071067811865476,36,released prediction raster plus released raw daughter-label centroids,matched_groundtruth_centers,5.236644277828899,0.8660254037844386,89.09042377134352,,10.723638369693147,,258.0,157.5,52.5,,,11.045361017187261,,
7.0,222.0,210.0,101.0,,2.800210577371974,,7.0,222.0,210.0,101.0,gastruloid_nuclei,True,0.5,37,released prediction raster plus released raw daughter-label centroids,matched_groundtruth_centers,5.194065531917719,0.8660254037844386,158.15297662248648,,13.962844036868237,,222.0,210.0,101.5,,,16.76305461424021,,
3.0,261.0,134.0,33.0,,0.3217472262318779,,3.0,261.0,134.0,33.0,gastruloid_nuclei,True,0.0,38,released prediction raster plus released raw daughter-label centroids,matched_groundtruth_centers,4.146253884165255,0.8660254037844386,158.71204352820914,,15.040544269505338,,261.0,134.0,33.0,,,15.362291495737216,,
3.0,271.0,90.0,72.0,,3.517675728359615,,3.0,271.0,90.0,72.0,gastruloid_nuclei,True,0.7071067811865476,39,released prediction raster plus released raw daughter-label centroids,matched_groundtruth_centers,14.80393813023208,0.8660254037844386,110.48406394412777,,11.77938281241874,,271.0,90.5,72.5,,,15.297058540778355,,
8.0,131.0,249.0,124.0,,1.6271165206615787,,8.0,131.0,249.0,124.0,gastruloid_nuclei,True,0.5,40,released prediction raster plus released raw daughter-label centroids,matched_groundtruth_centers,25.671269368855484,0.8660254037844386,128.2859996180555,,12.443770347053547,,131.5,249.0,124.0,,,10.816653826391969,,
7.0,115.0,245.0,66.0,,0.7512506294188519,,7.0,115.0,245.0,66.0,gastruloid_nuclei,True,0.5,41,released prediction raster plus released raw daughter-label centroids,matched_groundtruth_centers,9.934988199892295,0.8660254037844386,258.09945447302994,,17.276505747901094,,115.0,245.5,66.0,,,18.027756377319946,,
7.0,226.0,85.0,74.0,,3.670228558375239,,7.0,226.0,85.0,74.0,gastruloid_nuclei,True,0.7071067811865476,42,released prediction raster plus released raw daughter-label centroids,matched_groundtruth_centers,6.955164311997319,0.8660254037844386,182.02574455166612,,16.07818909975626,,226.0,85.5,74.5,,,19.748417658131498,,
6.0,221.0,139.0,137.0,,0.35069106332455036,,6.0,221.0,139.0,137.0,gastruloid_nuclei,True,0.7071067811865476,43,released prediction raster plus released raw daughter-label centroids,matched_groundtruth_centers,10.631760884634502,0.8660254037844386,214.3201666870537,,17.027456133658216,,221.5,139.0,137.5,,,17.378147196982766,,
6.0,190.0,148.0,97.0,,1.0327835708935353,,6.0,190.0,148.0,97.0,gastruloid_nuclei,True,0.5,44,released prediction raster plus released raw daughter-label centroids,matched_groundtruth_centers,8.784538537987007,0.8660254037844386,74.54908601931427,,9.095041319192084,,190.0,148.5,97.0,,,8.06225774829855,,
7.0,326.0,182.0,102.0,,0.5545728860385903,,7.0,326.0,182.0,102.0,gastruloid_nuclei,True,0.5,45,released prediction raster plus released raw daughter-label centroids,matched_groundtruth_centers,11.813352042374534,0.8660254037844386,110.70916662456266,,9.88573362287196,,326.0,182.5,102.0,,,10.44030650891055,,
5.0,309.0,81.0,109.0,,2.513159380766009,,5.0,309.0,81.0,109.0,gastruloid_nuclei,True,0.5,46,released prediction raster plus released raw daughter-label centroids,matched_groundtruth_centers,10.677791192604662,0.8660254037844386,214.47863997773572,,17.51315938076601,,309.0,81.5,109.0,,,15.0,,
2.0,284.0,67.0,136.0,,0.6821308269783319,,2.0,284.0,67.0,136.0,gastruloid_nuclei,True,0.7071067811865476,47,released prediction raster plus released raw daughter-label centroids,matched_groundtruth_centers,15.171826585750239,0.8660254037844386,101.64133503609219,,11.065209297492398,,284.5,67.0,136.5,,,11.74734012447073,,
2.0,44.0,200.0,118.0,,1.0930426706019496,,2.0,44.0,200.0,118.0,gastruloid_nuclei,True,0.5,48,released prediction raster plus released raw daughter-label centroids,matched_groundtruth_centers,22.751528050944284,0.8660254037844386,202.09520981759974,,17.26451708008387,,44.0,200.0,118.5,,,18.35755975068582,,
6.0,211.0,65.0,88.0,,2.7773982029505895,,6.0,211.0,65.0,88.0,gastruloid_nuclei,True,0.5,49,released prediction raster plus released raw daughter-label centroids,matched_groundtruth_centers,8.279649366806945,0.8660254037844386,162.4208436061738,,13.957738090449539,,211.0,65.5,88.0,,,11.180339887498949,,
2.0,79.0,141.0,43.0,,0.20042067301681143,,2.0,79.0,141.0,43.0,gastruloid_nuclei,True,0.5,50,released prediction raster plus released raw daughter-label centroids,matched_groundtruth_centers,17.501983628491722,0.8660254037844386,218.6902314443088,,15.323754023243213,,79.5,141.0,43.0,,,15.524174696260024,,
2.0,114.0,150.0,57.0,,0.7624222532225406,,2.0,114.0,150.0,57.0,gastruloid_nuclei,True,0.7071067811865476,51,released prediction raster plus released raw daughter-label centroids,matched_groundtruth_centers,9.640489180896195,0.8660254037844386,409.03304566485895,,16.573810554064437,,114.5,150.5,57.0,,,15.811388300841896,,
4.0,99.0,188.5,49.0,,,,4.0,99.0,188.5,49.0,gastruloid_nuclei,False,,52,released prediction raster plus released raw daughter-label centroids,matched_groundtruth_centers,,1.224744871391589,139.21510875651734,,14.241085409100412,production gather_groundtruth_info found no label pair within per-axis atol=3,,,,,,,,
5.0,303.0,108.0,94.0,,1.7511824747158364,,5.0,303.0,108.0,94.0,gastruloid_nuclei,True,0.5,53,released prediction raster plus released raw daughter-label centroids,matched_groundtruth_centers,15.443402369636983,0.8660254037844386,162.4208436061737,,13.957738090449539,,303.5,108.0,94.0,,,12.206555615733702,,
3.0,304.0,219.0,112.0,,0.2928644101371951,,3.0,304.0,219.0,112.0,gastruloid_nuclei,True,0.7071067811865476,54,released prediction raster plus released raw daughter-label centroids,matched_groundtruth_centers,10.022562657375202,0.8660254037844386,124.82964873212062,,12.116809235853662,,304.5,219.5,112.0,,,12.409673645990857,,
4.0,275.0,160.0,121.0,,3.535082321954164,,4.0,275.0,160.0,121.0,gastruloid_nuclei,True,0.8660254037844386,55,released prediction raster plus released raw daughter-label centroids,matched_groundtruth_centers,8.902623785331333,0.8660254037844386,208.1573581042651,,16.339524592397627,,275.5,160.5,121.5,,,19.87460691435179,,
2.0,208.0,96.0,43.0,,2.0067564450309323,,2.0,208.0,96.0,43.0,gastruloid_nuclei,True,0.5,56,released prediction raster plus released raw daughter-label centroids,matched_groundtruth_centers,13.533419353185794,0.8660254037844386,156.62171239625678,,14.515955196827372,,208.5,96.0,43.0,,,16.522711641858304,,
2.0,165.0,128.0,76.0,,0.19195876386410937,,2.0,165.0,128.0,76.0,gastruloid_nuclei,True,0.5,57,released prediction raster plus released raw daughter-label centroids,matched_groundtruth_centers,19.00714364381828,0.8660254037844386,127.26410241415687,,12.398514379597811,,165.0,128.0,76.5,,,12.206555615733702,,
8.0,190.0,169.0,44.0,,2.101447958299385,,8.0,190.0,169.0,44.0,gastruloid_nuclei,True,0.5,58,released prediction raster plus released raw daughter-label centroids,matched_groundtruth_centers,5.279777268424817,0.8660254037844386,148.63708496165302,,13.929771583582014,,190.0,169.5,44.0,,,16.0312195418814,,
4.0,81.0,174.0,115.0,,1.9793902432135972,,4.0,81.0,174.0,115.0,gastruloid_nuclei,True,0.7071067811865476,59,released prediction raster plus released raw daughter-label centroids,matched_groundtruth_centers,23.58180883566211,0.8660254037844386,123.10808324167213,,13.05390613515931,,81.5,174.5,115.0,,,15.033296378372908,,
4.0,141.0,129.0,35.0,,0.4376163136806621,,4.0,141.0,129.0,35.0,gastruloid_nuclei,True,0.7071067811865476,60,released prediction raster plus released raw daughter-label centroids,matched_groundtruth_centers,10.539480735107816,0.8660254037844386,161.90003099741958,,14.790316408087985,,141.5,129.0,35.5,,,14.352700094407323,,
2.0,184.0,95.0,64.0,,1.2880067583158947,,2.0,184.0,95.0,64.0,gastruloid_nuclei,True,0.7071067811865476,61,released prediction raster plus released raw daughter-label centroids,matched_groundtruth_centers,10.393127836548388,0.8660254037844386,72.351444969414,,11.43991530304196,,184.5,95.0,64.5,,,12.727922061357855,,
4.0,26.0,179.5,104.5,,,,4.0,26.0,179.5,104.5,gastruloid_nuclei,False,,62,released prediction raster plus released raw daughter-label centroids,matched_groundtruth_centers,,1.5,122.30049764685425,,12.439640684614421,production gather_groundtruth_info found no label pair within per-axis atol=3,,,,,,,,
4.0,248.0,84.0,92.0,,0.9137384047741648,,4.0,248.0,84.0,92.0,gastruloid_nuclei,True,0.7071067811865476,63,released prediction raster plus released raw daughter-label centroids,matched_groundtruth_centers,18.385979898930398,0.8660254037844386,213.7780616289163,,17.943124770700567,,248.5,84.5,92.0,,,17.029386365926403,,
9.0,239.0,221.0,45.0,,3.7025435671972335,,9.0,239.0,221.0,45.0,gastruloid_nuclei,True,0.7071067811865476,64,released prediction raster plus released raw daughter-label centroids,matched_groundtruth_centers,14.82884935994824,0.8660254037844386,218.69023144430844,,15.323754023243213,,239.5,221.5,45.0,,,19.026297590440446,,
7.0,94.0,213.0,131.0,,2.253038179729913,,7.0,94.0,213.0,131.0,gastruloid_nuclei,True,0.5,65,released prediction raster plus released raw daughter-label centroids,matched_groundtruth_centers,5.85331942950293,0.8660254037844386,162.4208436061737,,13.957738090449539,,94.5,213.0,131.0,,,11.704699910719626,,
2.0,279.0,217.0,92.0,,0.07291147454290936,,2.0,279.0,217.0,92.0,gastruloid_nuclei,True,0.0,66,released prediction raster plus released raw daughter-label centroids,matched_groundtruth_centers,15.250369004391965,0.8660254037844386,123.30774474037862,,13.041965574061091,,279.0,217.0,92.0,,,13.114877048604,,
2.0,192.0,212.0,88.0,,0.8253352169685613,,2.0,192.0,212.0,88.0,gastruloid_nuclei,True,0.7071067811865476,67,released prediction raster plus released raw daughter-label centroids,matched_groundtruth_centers,15.523042625862798,0.8660254037844386,225.68290452217127,,16.086199308319202,,192.5,212.0,88.5,,,16.911534525287763,,
2.0,283.0,188.0,78.0,,2.7014235324793567,,2.0,283.0,188.0,78.0,gastruloid_nuclei,True,0.0,68,released prediction raster plus released raw daughter-label centroids,matched_groundtruth_centers,12.32922657327512,0.8660254037844386,114.25724887865115,,12.398245338062143,,283.0,188.0,78.0,,,15.0996688705415,,
2.0,26.0,154.0,65.0,,4.248522507686026,,2.0,26.0,154.0,65.0,gastruloid_nuclei,True,0.5,69,released prediction raster plus released raw daughter-label centroids,matched_groundtruth_centers,10.904307762488985,0.8660254037844386,191.53925603942565,,15.06468540814194,,26.5,154.0,65.0,,,19.313207915827967,,
2.0,141.0,215.0,57.0,,1.191322911285365,,2.0,141.0,215.0,57.0,gastruloid_nuclei,True,0.7071067811865476,70,released prediction raster plus released raw daughter-label centroids,matched_groundtruth_centers,59.12925485227614,0.8660254037844386,196.32230171809934,,16.301532773250536,,141.5,215.5,57.0,,,17.4928556845359,,
5.0,40.0,126.0,86.0,,3.5241938691764005,,5.0,40.0,126.0,86.0,gastruloid_nuclei,True,0.0,71,released prediction raster plus released raw daughter-label centroids,matched_groundtruth_centers,17.78491570167813,0.8660254037844386,158.71991548751558,,15.023043121815007,,40.0,126.0,86.0,,,18.547236990991408,,
3.0,180.0,157.0,64.0,,0.9166256084827733,,3.0,180.0,157.0,64.0,gastruloid_nuclei,True,0.7071067811865476,72,released prediction raster plus released raw daughter-label centroids,matched_groundtruth_centers,1.7413011915411654,0.8660254037844386,199.45242148978318,,13.955030418888072,,180.5,157.0,64.5,,,13.038404810405298,,
2.0,248.0,216.0,69.0,,2.505451322110007,,2.0,248.0,216.0,69.0,gastruloid_nuclei,True,0.7071067811865476,73,released prediction raster plus released raw daughter-label centroids,matched_groundtruth_centers,16.526359684705795,0.8660254037844386,125.40226239380195,,13.050897863994038,,248.0,216.5,69.5,,,15.556349186104045,,
4.0,138.0,195.0,40.0,,2.0245535992582724,,4.0,138.0,195.0,40.0,gastruloid_nuclei,True,0.8660254037844386,74,released prediction raster plus released raw daughter-label centroids,matched_groundtruth_centers,34.79296881104421,0.8660254037844386,123.30774474037862,,13.041965574061091,,138.5,195.5,40.5,,,15.066519173319364,,
3.5,100.5,184.5,108.5,,0.3483054932760883,,3.5,100.5,184.5,108.5,gastruloid_nuclei,True,3.0,75,released prediction raster plus released raw daughter-label centroids,matched_groundtruth_centers,78.60171276952299,1.7320508075688772,105.03851004721652,,12.728391337345933,,98.5,183.5,110.5,,,13.076696830622021,,
4.0,306.0,174.0,79.0,,4.194681573144209,,4.0,306.0,174.0,79.0,gastruloid_nuclei,True,0.0,76,released prediction raster plus released raw daughter-label centroids,matched_groundtruth_centers,1.918590979038492,0.8660254037844386,173.95385946127325,,14.778984387866068,,306.0,174.0,79.0,,,18.973665961010276,,
7.0,156.0,101.0,75.0,,0.6453453637513604,,7.0,156.0,101.0,75.0,gastruloid_nuclei,True,0.7071067811865476,77,released prediction raster plus released raw daughter-label centroids,matched_groundtruth_centers,7.573591532048978,0.8660254037844386,105.03851004721642,,12.728391337345933,,156.0,101.5,75.5,,,12.083045973594572,,
7.0,141.0,201.0,109.0,,4.170668863908283,,7.0,141.0,201.0,109.0,gastruloid_nuclei,True,0.7071067811865476,78,released prediction raster plus released raw daughter-label centroids,matched_groundtruth_centers,7.869607644689058,0.8660254037844386,140.51660666154916,,13.322186820627618,,141.5,201.5,109.0,,,17.4928556845359,,
3.0,99.0,163.0,140.0,,4.365809200120562,,3.0,99.0,163.0,140.0,gastruloid_nuclei,True,0.8660254037844386,79,released prediction raster plus released raw daughter-label centroids,matched_groundtruth_centers,3.5766771916902815,0.8660254037844386,92.86862397499009,,10.700709973198801,,99.5,163.5,140.5,,,15.066519173319364,,
5.0,273.0,76.0,85.0,,4.189266274461568,,5.0,273.0,76.0,85.0,gastruloid_nuclei,True,0.5,80,released prediction raster plus released raw daughter-label centroids,matched_groundtruth_centers,9.26037749542184,0.8660254037844386,153.11056627357178,,15.020106437836978,,273.0,76.0,85.5,,,19.209372712298546,,
3.5,166.5,219.0,129.0,,7.8480080919149575,,3.5,166.5,219.0,129.0,gastruloid_nuclei,True,2.692582403567252,81,released prediction raster plus released raw daughter-label centroids,matched_groundtruth_centers,55.00616137927529,1.224744871391589,286.50488353901886,,17.747503028526623,,166.5,221.5,128.0,,,9.899494936611665,,
4.0,322.0,88.0,78.0,,0.5504295553920713,,4.0,322.0,88.0,78.0,gastruloid_nuclei,True,0.8660254037844386,82,released prediction raster plus released raw daughter-label centroids,matched_groundtruth_centers,6.312269565319907,0.8660254037844386,148.52892376165323,,14.516089617927292,,322.5,88.5,78.5,,,15.066519173319364,,
2.0,128.0,191.0,58.0,,0.8326147940125157,,2.0,128.0,191.0,58.0,gastruloid_nuclei,True,0.7071067811865476,83,released prediction raster plus released raw daughter-label centroids,matched_groundtruth_centers,16.244998446193538,0.8660254037844386,97.6033540681489,,11.414833919903375,,128.0,191.5,58.5,,,12.24744871391589,,
8.0,144.0,121.0,64.0,,2.2524493849800216,,8.0,144.0,121.0,64.0,gastruloid_nuclei,True,0.0,84,released prediction raster plus released raw daughter-label centroids,matched_groundtruth_centers,23.779914433095207,0.8660254037844386,107.87641276243191,,12.444489071719048,,144.0,121.0,64.0,,,14.696938456699069,,
4.0,307.0,221.0,87.0,,2.592736009101074,,4.0,307.0,221.0,87.0,gastruloid_nuclei,True,0.7071067811865476,85,released prediction raster plus released raw daughter-label centroids,matched_groundtruth_centers,17.109933532949928,0.8660254037844386,124.8367469056874,,11.75996408530625,,307.0,221.5,87.5,,,14.352700094407323,,
2.0,320.0,188.0,55.0,,0.809718446190935,,2.0,320.0,188.0,55.0,gastruloid_nuclei,True,0.7071067811865476,86,released prediction raster plus released raw daughter-label centroids,matched_groundtruth_centers,5.076973821730412,0.8660254037844386,186.66586869919414,,16.797098415468074,,320.5,188.5,55.0,,,17.60681686165901,,
4.5,154.0,172.5,93.0,,2.0806030635903348,,4.5,154.0,172.5,93.0,gastruloid_nuclei,True,2.5,87,released prediction raster plus released raw daughter-label centroids,matched_groundtruth_centers,13.236651049520104,1.224744871391589,181.84810510921827,,15.065825135891913,,152.0,172.5,94.5,,,17.146428199482248,,
3.0,150.0,171.0,42.0,,1.7195804491079745,,3.0,150.0,171.0,42.0,gastruloid_nuclei,True,0.0,88,released prediction raster plus released raw daughter-label centroids,matched_groundtruth_centers,7.959440962980837,0.8660254037844386,202.0697989901966,,15.83034832567627,,150.0,171.0,42.0,,,17.549928774784245,,
4.0,111.0,221.0,55.0,,1.1739115593665588,,4.0,111.0,221.0,55.0,gastruloid_nuclei,True,0.7071067811865476,89,released prediction raster plus released raw daughter-label centroids,matched_groundtruth_centers,12.676678649580651,0.8660254037844386,156.47790006960952,,14.212316369771857,,111.5,221.0,55.5,,,13.038404810405298,,
5.0,255.0,178.0,66.0,,1.4949972819912638,,5.0,255.0,178.0,66.0,gastruloid_nuclei,True,0.5,90,released prediction raster plus released raw daughter-label centroids,matched_groundtruth_centers,19.835264712627552,0.8660254037844386,237.5338294501606,,16.083398549255683,,255.5,178.0,66.0,,,17.578395831246947,,
3.0,216.0,227.0,106.0,,1.0626172753714833,,3.0,216.0,227.0,106.0,gastruloid_nuclei,True,0.0,91,released prediction raster plus released raw daughter-label centroids,matched_groundtruth_centers,5.024548933813679,0.8660254037844386,223.49760901253674,,17.04815300090335,,216.0,227.0,106.0,,,18.110770276274835,,
3.0,170.0,68.0,82.0,,1.7679103436037593,,3.0,170.0,68.0,82.0,gastruloid_nuclei,True,0.7071067811865476,92,released prediction raster plus released raw daughter-label centroids,matched_groundtruth_centers,20.55634198332296,0.8660254037844386,106.12063961157448,,14.785035013643089,,170.5,68.5,82.0,,,16.55294535724685,,
8.0,81.0,84.0,98.0,,2.9358953747870267,,8.0,81.0,84.0,98.0,gastruloid_nuclei,True,0.0,93,released prediction raster plus released raw daughter-label centroids,matched_groundtruth_centers,8.723176168606672,0.8660254037844386,138.27401798335245,,13.064104625212973,,81.0,84.0,98.0,,,16.0,,
5.0,197.0,132.0,38.0,,2.5878307888947845,,5.0,197.0,132.0,38.0,gastruloid_nuclei,True,0.7071067811865476,94,released prediction raster plus released raw daughter-label centroids,matched_groundtruth_centers,78.93693606019438,0.8660254037844386,161.90003099741944,,14.790316408087982,,197.5,132.5,38.0,,,17.378147196982766,,
6.0,188.0,117.0,39.0,,3.7560920931361235,,6.0,188.0,117.0,39.0,gastruloid_nuclei,True,0.7071067811865476,95,released prediction raster plus released raw daughter-label centroids,matched_groundtruth_centers,36.390079904513534,0.8660254037844386,169.0886729223197,,14.519574789360943,,188.5,117.5,39.0,,,18.275666882497067,,
2.0,208.0,126.0,125.0,,3.959650439547165,,2.0,208.0,126.0,125.0,gastruloid_nuclei,True,0.7071067811865476,96,released prediction raster plus released raw daughter-label centroids,matched_groundtruth_centers,15.604557041690112,0.8660254037844386,125.74548826779257,,13.069735926379238,,208.5,126.5,125.0,,,17.029386365926403,,
5.0,293.0,136.0,92.0,,3.517675728359615,,5.0,293.0,136.0,92.0,gastruloid_nuclei,True,0.7071067811865476,97,released prediction raster plus released raw daughter-label centroids,matched_groundtruth_centers,14.80393813023208,0.8660254037844386,110.48406394412777,,11.77938281241874,,293.0,136.5,92.5,,,15.297058540778355,,
4.0,270.0,183.0,41.0,,0.749011760554442,,4.0,270.0,183.0,41.0,gastruloid_nuclei,True,0.5,98,released prediction raster plus released raw daughter-label centroids,matched_groundtruth_centers,16.241642570799247,0.8660254037844386,164.10339016504489,,16.78023130243584,,270.0,183.5,41.0,,,16.0312195418814,,
5.0,228.0,165.0,115.0,,4.1655276246289485,,5.0,228.0,165.0,115.0,gastruloid_nuclei,True,0.5,99,released prediction raster plus released raw daughter-label centroids,matched_groundtruth_centers,3.371717209891981,0.8660254037844386,177.648714513972,,13.068160314985137,,228.5,165.0,115.0,,,17.233687939614086,,
3.0,192.0,82.0,78.0,,4.933658125263719,,3.0,192.0,82.0,78.0,gastruloid_nuclei,True,0.7071067811865476,100,released prediction raster plus released raw daughter-label centroids,matched_groundtruth_centers,10.953077505530308,0.8660254037844386,107.87641276243183,,12.444489071719048,,192.5,82.5,78.0,,,17.378147196982766,,
4.0,91.0,109.0,63.0,,0.9928852267480579,,4.0,91.0,109.0,63.0,gastruloid_nuclei,True,0.5,101,released prediction raster plus released raw daughter-label centroids,matched_groundtruth_centers,13.713263652860189,0.8660254037844386,107.21317655626802,,10.711814683971568,,91.0,109.0,63.5,,,11.704699910719626,,
4.0,78.0,205.0,93.0,,1.8010232725190463,,4.0,78.0,205.0,93.0,gastruloid_nuclei,True,0.9013878188659973,102,released prediction raster plus released raw daughter-label centroids,matched_groundtruth_centers,13.328362681943432,0.8660254037844386,140.77205963965721,,14.237991659826395,,78.0,205.75,93.5,,,16.03901493234544,,
3.0,72.0,227.0,116.0,,4.348349396996225,,3.0,72.0,227.0,116.0,gastruloid_nuclei,True,0.0,103,released prediction raster plus released raw daughter-label centroids,matched_groundtruth_centers,4.441432821910336,0.8660254037844386,141.73350451264946,,13.651650603003775,,72.0,227.0,116.0,,,18.0,,
2.0,188.0,167.0,76.0,,2.3918582875770635,,2.0,188.0,167.0,76.0,gastruloid_nuclei,True,0.8660254037844386,104,released prediction raster plus released raw daughter-label centroids,matched_groundtruth_centers,3.432384370887498,0.8660254037844386,210.2406477779536,,15.580342468034365,,188.5,167.5,76.5,,,17.97220075561143,,
7.0,285.0,191.0,114.0,,6.7024859603739735,,7.0,285.0,191.0,114.0,gastruloid_nuclei,True,0.8660254037844386,105,released prediction raster plus released raw daughter-label centroids,matched_groundtruth_centers,24.49579159434691,0.8660254037844386,99.18267964213447,,11.045753388924876,,285.5,191.5,114.5,,,17.74823934929885,,
7.0,43.0,99.0,83.0,,2.415695943348924,,7.0,43.0,99.0,83.0,gastruloid_nuclei,True,0.5,106,released prediction raster plus released raw daughter-label centroids,matched_groundtruth_centers,18.064864955390625,0.8660254037844386,100.761751466365,,11.761750935408902,,43.0,99.0,83.5,,,14.177446878757825,,
7.0,38.0,124.0,142.0,,3.5428338294440582,,7.0,38.0,124.0,142.0,gastruloid_nuclei,True,0.7071067811865476,107,released prediction raster plus released raw daughter-label centroids,matched_groundtruth_centers,29.826892632913342,0.8660254037844386,160.36650869814724,,13.950021855091842,,38.0,124.5,142.5,,,17.4928556845359,,
5.0,136.0,79.0,105.0,,3.853349451881618,,5.0,136.0,79.0,105.0,gastruloid_nuclei,True,0.0,108,released prediction raster plus released raw daughter-label centroids,matched_groundtruth_centers,11.93355532665882,0.8660254037844386,140.9699165546284,,13.351301082203635,,136.0,79.0,105.0,,,17.204650534085253,,
6.0,270.0,114.0,65.0,,2.1300476838791838,,6.0,270.0,114.0,65.0,gastruloid_nuclei,True,0.5,109,released prediction raster plus released raw daughter-label centroids,matched_groundtruth_centers,12.05512978536201,0.8660254037844386,159.9326149019169,,14.75189533225495,,270.5,114.0,65.0,,,16.881943016134134,,
7.0,115.0,71.0,96.0,,0.8860466161848084,,7.0,115.0,71.0,96.0,gastruloid_nuclei,True,0.5,110,released prediction raster plus released raw daughter-label centroids,matched_groundtruth_centers,9.798510758306682,0.8660254037844386,113.43339483558921,,12.418088079465262,,115.0,71.5,96.0,,,13.30413469565007,,
7.0,199.0,114.0,88.0,,4.663366508798061,,7.0,199.0,114.0,88.0,gastruloid_nuclei,True,0.5,111,released prediction raster plus released raw daughter-label centroids,matched_groundtruth_centers,16.267115311109976,0.8660254037844386,130.30998588097373,,13.364389868521885,,199.0,114.0,88.5,,,18.027756377319946,,
4.0,208.0,152.0,119.0,,2.6555096353866112,,4.0,208.0,152.0,119.0,gastruloid_nuclei,True,0.0,112,released prediction raster plus released raw daughter-label centroids,matched_groundtruth_centers,12.07705717981234,0.8660254037844386,162.42084360617363,,13.957738090449539,,208.0,152.0,119.0,,,16.61324772583615,,
7.0,162.0,89.0,134.0,,0.5751519533691472,,7.0,162.0,89.0,134.0,gastruloid_nuclei,True,0.5,113,released prediction raster plus released raw daughter-label centroids,matched_groundtruth_centers,16.632548838141656,0.8660254037844386,210.2406477779534,,15.580342468034363,,162.5,89.0,134.0,,,16.15549442140351,,
5.0,92.0,61.0,92.0,,1.5234633894899758,,5.0,92.0,61.0,92.0,gastruloid_nuclei,True,0.7071067811865476,114,released prediction raster plus released raw daughter-label centroids,matched_groundtruth_centers,10.07415623982199,0.8660254037844386,189.56969253670636,,15.029481967756873,,92.0,61.5,92.5,,,16.55294535724685,,
5.0,209.0,67.0,147.0,,2.737118247007148,,5.0,209.0,67.0,147.0,gastruloid_nuclei,True,0.0,115,released prediction raster plus released raw daughter-label centroids,matched_groundtruth_centers,21.965761181561888,0.8660254037844386,74.5490860193143,,9.095041319192084,,209.0,67.0,147.0,,,11.832159566199232,,
6.0,108.0,169.0,52.0,,1.8999037770466192,,6.0,108.0,169.0,52.0,gastruloid_nuclei,True,0.5,116,released prediction raster plus released raw daughter-label centroids,matched_groundtruth_centers,7.7941677177642035,0.8660254037844386,106.52127547020154,,12.417917286229734,,108.0,169.5,52.0,,,14.317821063276353,,
5.0,234.0,106.0,46.0,,2.9015836672443367,,5.0,234.0,106.0,46.0,gastruloid_nuclei,True,0.0,117,released prediction raster plus released raw daughter-label centroids,matched_groundtruth_centers,8.183751051662643,0.8660254037844386,69.54305464654806,,9.90466480762136,,234.0,106.0,46.0,,,12.806248474865697,,
3.0,63.0,84.0,120.0,,6.536299255435317,,3.0,63.0,84.0,120.0,gastruloid_nuclei,True,0.0,118,released prediction raster plus released raw daughter-label centroids,matched_groundtruth_centers,15.05781761903995,0.8660254037844386,212.32126290579757,,16.787508323945886,,63.0,84.0,120.0,,,23.323807579381203,,
4.0,300.0,124.0,59.0,,2.7148286641918187,,4.0,300.0,124.0,59.0,gastruloid_nuclei,True,0.5,119,released prediction raster plus released raw daughter-label centroids,matched_groundtruth_centers,3.343942591552132,0.8660254037844386,106.52127547020139,,12.417917286229738,,300.0,124.0,59.5,,,15.132745950421556,,
2.0,123.0,227.0,86.0,,0.02571146678450731,,2.0,123.0,227.0,86.0,gastruloid_nuclei,True,0.8660254037844386,120,released prediction raster plus released raw daughter-label centroids,matched_groundtruth_centers,4.040593035511655,0.8660254037844386,85.085583957956,,10.318368966004094,,123.5,227.5,86.5,,,10.344080432788601,,
6.0,158.0,67.0,115.0,,8.164698102539191,,6.0,158.0,67.0,115.0,gastruloid_nuclei,True,0.0,121,released prediction raster plus released raw daughter-label centroids,matched_groundtruth_centers,4.288867401743579,0.8660254037844386,84.95269514345159,,11.431219839726232,,158.0,67.0,115.0,,,19.595917942265423,,
2.0,232.0,199.0,115.0,,1.5960456333483286,,2.0,232.0,199.0,115.0,gastruloid_nuclei,True,0.7071067811865476,122,released prediction raster plus released raw daughter-label centroids,matched_groundtruth_centers,11.08887363703433,0.8660254037844386,205.7026209738867,,16.087422379537767,,232.5,199.0,115.5,,,14.491376746189438,,
2.0,170.0,220.0,91.0,,7.073147849724656,,2.0,170.0,220.0,91.0,gastruloid_nuclei,True,0.5,123,released prediction raster plus released raw daughter-label centroids,matched_groundtruth_centers,6.163578317483242,0.8660254037844386,101.64133503609236,,11.065209297492398,,170.0,220.5,91.0,,,18.138357147217054,,
2.5,274.0,61.5,111.0,,4.450890110474809,,2.0,275.0,62.0,112.0,gastruloid_nuclei,True,1.3228756555322954,0,released prediction raster plus released raw daughter-label centroids,predicted_centers,8.503157631060459,0.8660254037844386,123.30774474037882,,13.041965574061091,,275.5,61.0,111.5,,,17.4928556845359,,
3.5,126.0,228.0,62.0,,3.1101664743124964,,3.0,126.0,229.0,63.0,gastruloid_nuclei,True,0.8660254037844386,1,released prediction raster plus released raw daughter-label centroids,predicted_centers,14.083804173494515,0.8660254037844386,274.69944831192396,,19.047543924821724,,126.0,228.5,63.5,,,15.937377450509228,,
9.0,205.0,184.0,135.0,,0.780174190309582,,9.0,205.0,184.0,136.0,gastruloid_nuclei,True,1.118033988749895,2,released prediction raster plus released raw daughter-label centroids,predicted_centers,11.404902173387566,0.8660254037844386,147.7615265244644,,13.933120628275487,,205.0,184.5,135.0,,,13.152946437965905,,
9.0,250.0,115.0,62.0,,0.2693496363071439,,9.0,249.0,114.0,64.0,gastruloid_nuclei,True,2.449489742783178,3,released prediction raster plus released raw daughter-label centroids,predicted_centers,14.267676664281689,0.8660254037844386,211.08160928093983,,17.730650363692856,,250.0,115.0,62.0,,,18.0,,
9.0,43.0,147.0,92.0,,2.9700675973728377,,9.0,44.0,148.0,91.0,gastruloid_nuclei,True,1.5,4,released prediction raster plus released raw daughter-label centroids,predicted_centers,6.229431449339637,0.8660254037844386,136.1678397231858,,12.424736720967815,,43.5,147.0,92.0,,,15.394804318340652,,
9.0,69.0,135.0,124.0,,0.3811583859297176,,9.0,69.0,135.0,122.0,gastruloid_nuclei,True,2.0615528128088303,5,released prediction raster plus released raw daughter-label centroids,predicted_centers,15.831809461791227,0.8660254037844386,125.74548826779264,,13.069735926379238,,69.5,135.0,124.0,,,12.68857754044952,,
9.0,229.0,104.0,152.0,,1.523978304643327,,9.0,230.0,105.0,153.0,gastruloid_nuclei,True,1.5,6,released prediction raster plus released raw daughter-label centroids,predicted_centers,11.193121965572043,0.8660254037844386,223.49760901253683,,17.04815300090335,,229.0,104.5,152.0,,,15.524174696260024,,
9.0,241.0,232.0,74.0,,0.060827929527896174,,9.0,243.0,230.0,74.0,gastruloid_nuclei,True,3.2015621187164243,7,released prediction raster plus released raw daughter-label centroids,predicted_centers,9.89879989157297,0.8660254037844386,91.8867626075543,,11.060827929527896,,241.0,232.5,74.0,,,11.0,,
9.0,243.0,49.0,116.0,,0.5920223141435876,,9.0,242.0,51.0,118.0,gastruloid_nuclei,True,2.692582403567252,8,released prediction raster plus released raw daughter-label centroids,predicted_centers,8.670798405358731,0.8660254037844386,102.0592756129092,,11.777294562709393,,243.0,49.5,116.0,,,12.36931687685298,,
7.5,87.0,203.5,59.5,,2.711573523074364,,7.0,85.0,204.0,62.0,gastruloid_nuclei,True,3.082207001484488,9,released prediction raster plus released raw daughter-label centroids,predicted_centers,7.109403459153257,0.8660254037844386,177.64871451397207,,13.068160314985136,,84.5,204.0,59.0,,,15.7797338380595,,
9.0,172.0,164.0,116.0,,8.107356829642661,,8.0,172.0,164.0,119.0,gastruloid_nuclei,True,3.2015621187164243,10,released prediction raster plus released raw daughter-label centroids,predicted_centers,84.11273667601976,0.8660254037844386,63.42588317106818,,7.672377008416838,,172.0,164.5,116.0,,,15.7797338380595,,
9.0,264.0,72.0,132.0,,0.5001257672155486,,9.0,266.0,73.0,134.0,gastruloid_nuclei,True,2.345207879911715,11,released prediction raster plus released raw daughter-label centroids,predicted_centers,0.914688837829622,0.8660254037844386,110.75174606646983,,11.416249520597436,,264.5,72.0,132.5,,,11.916375287812984,,
9.0,317.0,147.0,88.0,,2.1691016612926877,,9.0,318.0,147.0,91.0,gastruloid_nuclei,True,3.082207001484488,12,released prediction raster plus released raw daughter-label centroids,predicted_centers,3.0979939112371584,0.8660254037844386,218.69023144430835,,15.323754023243213,,317.5,147.5,88.0,,,17.4928556845359,,
9.0,116.0,118.0,59.0,,0.5250047499079109,,9.0,116.0,119.0,62.0,gastruloid_nuclei,True,2.598076211353316,13,released prediction raster plus released raw daughter-label centroids,predicted_centers,12.804571399884363,0.8660254037844386,203.95590931191217,,15.05084379624186,,116.5,118.5,59.5,,,14.52583904633395,,
9.0,301.0,168.0,141.0,,1.7289126605695024,,9.0,302.0,168.0,144.0,gastruloid_nuclei,True,2.598076211353316,14,released prediction raster plus released raw daughter-label centroids,predicted_centers,4.917448630148775,0.8660254037844386,125.74548826779292,,13.06973592637924,,301.5,168.5,141.5,,,14.798648586948742,,
4.0,69.0,92.0,82.0,,0.8874646724536994,,4.0,70.0,93.0,82.0,gastruloid_nuclei,True,1.118033988749895,15,released prediction raster plus released raw daughter-label centroids,predicted_centers,5.037665772015648,0.8660254037844386,207.50866967842117,,16.57678452411928,,69.0,92.5,82.0,,,17.46424919657298,,
3.5,227.0,215.5,61.5,,1.4373377947676431,,3.0,226.0,215.0,67.0,gastruloid_nuclei,True,3.082207001484488,16,released prediction raster plus released raw daughter-label centroids,predicted_centers,10.830030732421395,0.8660254037844386,135.70525131525392,,14.215138047730886,,226.0,215.5,64.0,,,15.652475842498529,,
2.0,97.0,132.0,85.0,,1.2241349707852542,,2.0,98.0,132.0,85.0,gastruloid_nuclei,True,1.0,17,released prediction raster plus released raw daughter-label centroids,predicted_centers,6.701839834110754,0.8660254037844386,116.99652218493458,,13.336084807775782,,97.0,132.0,85.0,,,14.560219778561036,,
2.0,305.0,99.0,52.0,,1.7959382621336566,,2.0,305.0,100.0,54.0,gastruloid_nuclei,True,2.1213203435596424,18,released prediction raster plus released raw daughter-label centroids,predicted_centers,5.816526872053925,0.8660254037844386,220.11345395833223,,16.03661623799335,,305.5,99.5,52.0,,,17.832554500127006,,
3.0,272.0,209.0,61.0,,0.03619612904674163,,3.0,272.0,209.0,62.0,gastruloid_nuclei,True,1.118033988749895,19,released prediction raster plus released raw daughter-label centroids,predicted_centers,6.9203914738207075,0.8660254037844386,177.8081042182679,,14.767115991702976,,272.5,209.0,61.0,,,14.730919862656235,,
3.0,84.0,234.0,103.0,,1.2541584634952034,,3.0,85.0,233.0,104.0,gastruloid_nuclei,True,1.5,20,released prediction raster plus released raw daughter-label centroids,predicted_centers,19.26512362153539,0.8660254037844386,111.93417855743482,,11.434419076954317,,84.5,234.0,103.0,,,12.68857754044952,,
3.0,319.0,120.0,53.0,,2.7449114637106327,,3.0,320.0,121.0,54.0,gastruloid_nuclei,True,1.224744871391589,21,released prediction raster plus released raw daughter-label centroids,predicted_centers,5.138006525378842,0.8660254037844386,216.63711120946573,,17.509734523944033,,319.5,120.5,53.0,,,14.7648230602334,,
2.0,50.0,117.0,113.0,,0.35162765759282877,,2.0,51.0,117.0,114.0,gastruloid_nuclei,True,1.224744871391589,22,released prediction raster plus released raw daughter-label centroids,predicted_centers,13.276015391151743,0.8660254037844386,113.83024302080997,,10.325450594438482,,50.5,117.5,113.0,,,10.677078252031311,,
6.0,227.0,184.0,148.0,,0.006501953319402176,,6.0,228.0,185.0,147.0,gastruloid_nuclei,True,1.6583123951777,23,released prediction raster plus released raw daughter-label centroids,predicted_centers,1.7485085229260766,0.8660254037844386,162.4208436061737,,13.957738090449539,,227.5,184.5,148.5,,,13.96424004376894,,
9.0,140.0,143.0,44.0,,0.23671793227524063,,9.0,142.0,145.0,47.0,gastruloid_nuclei,True,4.123105625617661,24,released prediction raster plus released raw daughter-label centroids,predicted_centers,5.372042895828479,0.8660254037844386,169.0886729223194,,14.519574789360941,,140.0,143.0,44.0,,,14.2828568570857,,
8.0,312.0,80.0,137.0,,0.5346365000136721,,8.0,310.0,79.0,137.0,gastruloid_nuclei,True,2.958039891549808,25,released prediction raster plus released raw daughter-label centroids,predicted_centers,18.679951108537498,0.8660254037844386,161.42204152707063,,15.060475546347622,,312.5,80.5,137.5,,,14.52583904633395,,
6.0,211.0,98.0,57.0,,0.13011409621350722,,6.0,211.0,99.0,57.0,gastruloid_nuclei,True,0.7071067811865476,26,released prediction raster plus released raw daughter-label centroids,predicted_centers,3.2109941974222442,0.8660254037844386,121.40506219185252,,13.060791862059412,,211.0,98.5,57.5,,,13.19090595827292,,
2.0,167.0,146.0,136.0,,2.8462494430084835,,2.0,165.0,147.0,138.0,gastruloid_nuclei,True,2.692582403567252,27,released prediction raster plus released raw daughter-label centroids,predicted_centers,32.338907947931034,0.8660254037844386,113.43339483558924,,12.418088079465264,,167.0,146.0,136.5,,,15.264337522473747,,
8.0,262.0,56.0,77.0,,0.7991437031337227,,8.0,263.0,57.0,78.0,gastruloid_nuclei,True,1.224744871391589,28,released prediction raster plus released raw daughter-label centroids,predicted_centers,36.90427808394609,0.8660254037844386,75.44647936920215,,10.28597668363886,,262.5,56.5,77.0,,,9.486832980505138,,
7.0,265.0,227.0,145.0,,0.3963413683048529,,7.0,265.0,226.0,146.0,gastruloid_nuclei,True,1.8708286933869707,29,released prediction raster plus released raw daughter-label centroids,predicted_centers,19.247347202680945,0.8660254037844386,186.87695893997815,,16.5827554245435,,265.5,227.5,145.0,,,16.186414056238647,,
4.0,277.0,108.0,85.0,,2.2974846025643245,,4.0,278.0,109.0,86.0,gastruloid_nuclei,True,1.224744871391589,30,released prediction raster plus released raw daughter-label centroids,predicted_centers,9.02720295449812,0.8660254037844386,159.44619611289747,,14.49537102118234,,277.0,108.5,85.5,,,16.792855623746664,,
5.0,84.0,165.0,93.0,,1.3305999657246694,,5.0,85.0,164.0,94.0,gastruloid_nuclei,True,2.0615528128088303,31,released prediction raster plus released raw daughter-label centroids,predicted_centers,7.1528098545274466,0.8660254037844386,185.6977245708548,,16.807757181492384,,84.0,165.5,93.0,,,18.138357147217054,,
9.0,197.0,120.0,56.0,,1.1186718466407743,,9.0,199.0,121.0,61.0,gastruloid_nuclei,True,4.769696007084728,32,released prediction raster plus released raw daughter-label centroids,predicted_centers,4.042676755371957,0.8660254037844386,140.84978213671815,,13.94784732667859,,197.5,120.5,56.5,,,15.066519173319364,,
2.0,139.0,249.0,101.0,,2.051723880559722,,2.0,140.0,248.0,104.0,gastruloid_nuclei,True,3.3166247903554,33,released prediction raster plus released raw daughter-label centroids,predicted_centers,20.408748156414827,0.8660254037844386,116.77524324046912,,12.090411743171229,,139.0,249.0,101.0,,,14.142135623730951,,
8.0,166.0,83.0,85.0,,1.8691537228774813,,8.0,166.0,85.0,85.0,gastruloid_nuclei,True,2.1213203435596424,34,released prediction raster plus released raw daughter-label centroids,predicted_centers,8.912196915178885,0.8660254037844386,144.44593774125153,,15.042380802410282,,166.5,83.0,85.5,,,16.911534525287763,,
4.5,281.0,84.0,118.0,,,,4.0,282.0,83.0,121.0,gastruloid_nuclei,False,,35,released prediction raster plus released raw daughter-label centroids,predicted_centers,,0.8660254037844386,138.27401798335245,,13.064104625212973,production gather_groundtruth_info found no label pair within per-axis atol=3,,,,,,,,
8.0,258.0,157.0,52.0,,0.3589594202169035,,8.0,259.0,159.0,53.0,gastruloid_nuclei,True,1.8708286933869707,36,released prediction raster plus released raw daughter-label centroids,predicted_centers,5.467249566906822,0.8660254037844386,84.67604359212302,,10.686401596970358,,258.0,157.5,52.5,,,11.045361017187261,,
7.0,222.0,210.0,101.0,,0.4620335658627184,,7.0,223.0,210.0,104.0,gastruloid_nuclei,True,2.692582403567252,37,released prediction raster plus released raw daughter-label centroids,predicted_centers,6.288986125376634,0.8660254037844386,197.7461428258753,,16.301021048377493,,222.0,210.0,101.5,,,16.76305461424021,,
3.0,261.0,134.0,33.0,,2.012980492627996,,3.0,260.0,134.0,35.0,gastruloid_nuclei,True,2.23606797749979,38,released prediction raster plus released raw daughter-label centroids,predicted_centers,9.29434717987533,0.8660254037844386,126.05551872661287,,13.34931100310922,,261.0,134.0,33.0,,,15.362291495737216,,
3.0,271.0,90.0,72.0,,1.9280807656636973,,3.0,272.0,91.0,72.0,gastruloid_nuclei,True,1.224744871391589,39,released prediction raster plus released raw daughter-label centroids,predicted_centers,10.312852406751524,0.8660254037844386,129.42507027737636,,13.368977775114658,,271.0,90.5,72.5,,,15.297058540778355,,
8.0,131.0,249.0,124.0,,0.5767315194944427,,8.0,132.0,248.0,122.0,gastruloid_nuclei,True,2.29128784747792,40,released prediction raster plus released raw daughter-label centroids,predicted_centers,20.8155893944659,0.8660254037844386,110.4840639441278,,11.393385345886411,,131.5,249.0,124.0,,,10.816653826391969,,
7.0,115.0,245.0,66.0,,0.7426676157798475,,7.0,117.0,246.0,66.0,gastruloid_nuclei,True,2.0615528128088303,41,released prediction raster plus released raw daughter-label centroids,predicted_centers,8.840346812294372,0.8660254037844386,285.9658526069384,,17.2850887615401,,115.0,245.5,66.0,,,18.027756377319946,,
7.0,226.0,85.0,74.0,,3.6602015916867288,,7.0,227.0,85.0,77.0,gastruloid_nuclei,True,2.7386127875258306,42,released prediction raster plus released raw daughter-label centroids,predicted_centers,5.2864823547131445,0.8660254037844386,231.9581682939997,,16.08821606644477,,226.0,85.5,74.5,,,19.748417658131498,,
6.0,221.0,139.0,137.0,,0.570390015490382,,6.0,223.0,140.0,136.0,gastruloid_nuclei,True,2.345207879911715,43,released prediction raster plus released raw daughter-label centroids,predicted_centers,9.343606550151215,0.8660254037844386,185.69772457085497,,16.807757181492384,,221.5,139.0,137.5,,,17.378147196982766,,
6.0,190.0,148.0,97.0,,6.992761968681972,,7.0,191.0,148.0,98.0,gastruloid_nuclei,True,1.8027756377319946,44,released prediction raster plus released raw daughter-label centroids,predicted_centers,5.650080168259978,0.8660254037844386,178.20867431515614,,15.05501971698052,,190.0,148.5,97.0,,,8.06225774829855,,
7.0,326.0,182.0,102.0,,0.5545728860385903,,7.0,326.0,183.0,102.0,gastruloid_nuclei,True,0.5,45,released prediction raster plus released raw daughter-label centroids,predicted_centers,11.813352042374534,0.8660254037844386,110.70916662456266,,9.88573362287196,,326.0,182.5,102.0,,,10.44030650891055,,
5.0,309.0,81.0,109.0,,1.551527468687265,,5.0,309.0,81.0,107.0,gastruloid_nuclei,True,2.0615528128088303,46,released prediction raster plus released raw daughter-label centroids,predicted_centers,14.23949406427634,0.8660254037844386,170.5471574799218,,16.551527468687265,,309.0,81.5,109.0,,,15.0,,
2.0,284.0,67.0,136.0,,0.7023904511714978,,2.0,284.0,68.0,139.0,gastruloid_nuclei,True,2.7386127875258306,47,released prediction raster plus released raw daughter-label centroids,predicted_centers,7.137539742070114,0.8660254037844386,101.34945933411278,,11.044949673299232,,284.5,67.0,136.5,,,11.74734012447073,,
2.0,44.0,200.0,118.0,,2.8038591668689534,,2.0,44.0,200.0,121.0,gastruloid_nuclei,True,2.5,48,released prediction raster plus released raw daughter-label centroids,predicted_centers,25.760193542181444,0.8660254037844386,153.93698620065365,,15.553700583816866,,44.0,200.0,118.5,,,18.35755975068582,,
6.0,211.0,65.0,88.0,,2.7773982029505895,,6.0,211.0,66.0,91.0,gastruloid_nuclei,True,3.0413812651491097,49,released prediction raster plus released raw daughter-label centroids,predicted_centers,8.279649366806945,0.8660254037844386,162.4208436061738,,13.957738090449539,,211.0,65.5,88.0,,,11.180339887498949,,
2.0,79.0,141.0,43.0,,0.04429698187661124,,2.0,79.0,141.0,45.0,gastruloid_nuclei,True,2.0615528128088303,50,released prediction raster plus released raw daughter-label centroids,predicted_centers,10.71818066155452,0.8660254037844386,236.11397644237803,,15.568471678136635,,79.5,141.0,43.0,,,15.524174696260024,,
2.0,114.0,150.0,57.0,,1.0210718927539109,,2.0,115.0,150.0,59.0,gastruloid_nuclei,True,2.1213203435596424,51,released prediction raster plus released raw daughter-label centroids,predicted_centers,7.781917975967469,0.8660254037844386,161.90003099741958,,14.790316408087985,,114.5,150.5,57.0,,,15.811388300841896,,
4.0,99.0,188.5,49.0,,,,4.0,100.0,188.0,54.0,gastruloid_nuclei,False,,52,released prediction raster plus released raw daughter-label centroids,predicted_centers,,0.8660254037844386,123.10808324167213,,13.05390613515931,production gather_groundtruth_info found no label pair within per-axis atol=3,,,,,,,,
5.0,303.0,108.0,94.0,,2.848464101246819,,5.0,301.0,108.0,97.0,gastruloid_nuclei,True,3.905124837953327,53,released prediction raster plus released raw daughter-label centroids,predicted_centers,30.0267733596628,0.8660254037844386,178.20867431515563,,15.05501971698052,,303.5,108.0,94.0,,,12.206555615733702,,
3.0,304.0,219.0,112.0,,0.9733837733612312,,3.0,306.0,218.0,114.0,gastruloid_nuclei,True,2.9154759474226504,54,released prediction raster plus released raw daughter-label centroids,predicted_centers,11.910292668082482,0.8660254037844386,130.92975147027778,,11.436289872629626,,304.5,219.5,112.0,,,12.409673645990857,,
4.0,275.0,160.0,121.0,,5.106373275720507,,4.0,276.0,163.0,123.0,gastruloid_nuclei,True,2.958039891549808,55,released prediction raster plus released raw daughter-label centroids,predicted_centers,6.3478857897816034,0.8660254037844386,153.09826012186238,,14.768233638631283,,275.5,160.5,121.5,,,19.87460691435179,,
2.0,208.0,96.0,43.0,,0.9637525792729029,,2.0,209.0,97.0,46.0,gastruloid_nuclei,True,3.2015621187164243,56,released prediction raster plus released raw daughter-label centroids,predicted_centers,10.734068549491106,0.8660254037844386,204.35593189014426,,15.558959062585402,,208.5,96.0,43.0,,,16.522711641858304,,
2.0,165.0,128.0,76.0,,0.23048785925786675,,2.0,164.0,129.0,79.0,gastruloid_nuclei,True,2.8722813232690143,57,released prediction raster plus released raw daughter-label centroids,predicted_centers,13.548561261890617,0.8660254037844386,126.19411073741675,,12.437043474991569,,165.0,128.0,76.5,,,12.206555615733702,,
8.0,190.0,169.0,44.0,,0.4687138251902887,,8.0,189.0,170.0,47.0,gastruloid_nuclei,True,3.2015621187164243,58,released prediction raster plus released raw daughter-label centroids,predicted_centers,2.597028337935108,0.8660254037844386,154.040428761605,,15.56250571669111,,190.0,169.5,44.0,,,16.0312195418814,,
4.0,81.0,174.0,115.0,,1.963560451993672,,4.0,82.0,175.0,118.0,gastruloid_nuclei,True,3.082207001484488,59,released prediction raster plus released raw daughter-label centroids,predicted_centers,20.569205105853243,0.8660254037844386,125.74548826779271,,13.069735926379236,,81.5,174.5,115.0,,,15.033296378372908,,
4.0,141.0,129.0,35.0,,0.43761631368065856,,4.0,141.0,129.0,38.0,gastruloid_nuclei,True,2.5495097567963922,60,released prediction raster plus released raw daughter-label centroids,predicted_centers,4.712479727024082,0.8660254037844386,161.9000309974195,,14.790316408087982,,141.5,129.0,35.5,,,14.352700094407323,,
2.0,184.0,95.0,64.0,,0.31198729068489683,,2.0,182.0,95.0,66.0,gastruloid_nuclei,True,2.9154759474226504,61,released prediction raster plus released raw daughter-label centroids,predicted_centers,6.454975663060327,0.8660254037844386,135.51499946973092,,13.039909352042752,,184.5,95.0,64.5,,,12.727922061357855,,
4.0,26.0,179.5,104.5,,,,4.0,26.0,178.0,108.0,gastruloid_nuclei,False,,62,released prediction raster plus released raw daughter-label centroids,predicted_centers,,0.8660254037844386,128.28599961805568,,12.443770347053547,production gather_groundtruth_info found no label pair within per-axis atol=3,,,,,,,,
4.0,248.0,84.0,92.0,,0.9549902844620561,,4.0,249.0,84.0,95.0,gastruloid_nuclei,True,3.082207001484488,63,released prediction raster plus released raw daughter-label centroids,predicted_centers,8.96417099726359,0.8660254037844386,173.4974709395927,,16.074396081464347,,248.5,84.5,92.0,,,17.029386365926403,,
9.0,239.0,221.0,45.0,,5.699754973211981,,8.0,241.0,221.0,47.0,gastruloid_nuclei,True,2.7386127875258306,64,released prediction raster plus released raw daughter-label centroids,predicted_centers,11.841187145225836,0.8660254037844386,155.82304278858115,,13.326542617228466,,239.5,221.5,45.0,,,19.026297590440446,,
7.0,94.0,213.0,131.0,,1.6573947509401492,,7.0,95.0,214.0,134.0,gastruloid_nuclei,True,3.2015621187164243,65,released prediction raster plus released raw daughter-label centroids,predicted_centers,7.797603792330439,0.8660254037844386,160.1017336058682,,13.362094661659775,,94.5,213.0,131.0,,,11.704699910719626,,
2.0,279.0,217.0,92.0,,1.3354942361852622,,2.0,278.0,216.0,95.0,gastruloid_nuclei,True,3.3166247903554,66,released prediction raster plus released raw daughter-label centroids,predicted_centers,13.94187984910651,0.8660254037844386,110.48406394412801,,11.779382812418739,,279.0,217.0,92.0,,,13.114877048604,,
2.0,192.0,212.0,88.0,,1.3838296694999173,,2.0,195.0,214.0,90.0,gastruloid_nuclei,True,3.5355339059327378,67,released prediction raster plus released raw daughter-label centroids,predicted_centers,7.76741761950375,0.8660254037844386,149.79533145265617,,15.527704855787846,,192.5,212.0,88.5,,,16.911534525287763,,
2.0,283.0,188.0,78.0,,0.8585834614410874,,2.0,284.0,188.0,81.0,gastruloid_nuclei,True,3.1622776601683795,68,released prediction raster plus released raw daughter-label centroids,predicted_centers,5.861656607944049,0.8660254037844386,139.21510875651725,,14.241085409100412,,283.0,188.0,78.0,,,15.0996688705415,,
2.0,26.0,154.0,65.0,,4.522891507739985,,2.0,27.0,154.0,67.0,gastruloid_nuclei,True,2.0615528128088303,69,released prediction raster plus released raw daughter-label centroids,predicted_centers,9.382897040840213,0.8660254037844386,161.9000309974194,,14.790316408087982,,26.5,154.0,65.0,,,19.313207915827967,,
2.0,141.0,215.0,57.0,,1.6591593818505768,,2.0,139.0,215.0,60.0,gastruloid_nuclei,True,3.9370039370059056,70,released prediction raster plus released raw daughter-label centroids,predicted_centers,9.270492637312525,0.8660254037844386,209.82552985339444,,15.833696302685324,,141.5,215.5,57.0,,,17.4928556845359,,
5.0,40.0,126.0,86.0,,4.030922676055692,,5.0,42.0,126.0,88.0,gastruloid_nuclei,True,2.8284271247461903,71,released prediction raster plus released raw daughter-label centroids,predicted_centers,12.20828502490312,0.8660254037844386,132.8123357378443,,14.516314314935716,,40.0,126.0,86.0,,,18.547236990991408,,
3.0,180.0,157.0,64.0,,0.9101751774813032,,3.0,181.0,157.0,67.0,gastruloid_nuclei,True,2.5495097567963922,72,released prediction raster plus released raw daughter-label centroids,predicted_centers,1.5908403980431483,0.8660254037844386,161.32704687286346,,13.948579987886601,,180.5,157.0,64.5,,,13.038404810405298,,
2.0,248.0,216.0,69.0,,1.040393989276673,,2.0,247.0,216.0,72.0,gastruloid_nuclei,True,2.7386127875258306,73,released prediction raster plus released raw daughter-label centroids,predicted_centers,7.442485047301091,0.8660254037844386,156.6217123962567,,14.515955196827372,,248.0,216.5,69.5,,,15.556349186104045,,
4.0,138.0,195.0,40.0,,0.8285275134929666,,4.0,136.0,196.0,43.0,gastruloid_nuclei,True,3.570714214271425,74,released prediction raster plus released raw daughter-label centroids,predicted_centers,16.84825838891148,0.8660254037844386,140.77205963965724,,14.237991659826397,,138.5,195.5,40.5,,,15.066519173319364,,
3.5,100.5,184.5,108.5,,0.6647426527418911,,4.0,104.0,185.0,102.0,gastruloid_nuclei,True,10.246950765959598,75,released prediction raster plus released raw daughter-label centroids,predicted_centers,74.83390747592208,0.8660254037844386,135.10606603998707,,12.41195417788013,,98.5,183.5,110.5,,,13.076696830622021,,
4.0,306.0,174.0,79.0,,4.194681573144209,,4.0,306.0,174.0,81.0,gastruloid_nuclei,True,2.0,76,released prediction raster plus released raw daughter-label centroids,predicted_centers,1.918590979038492,0.8660254037844386,173.95385946127325,,14.778984387866068,,306.0,174.0,79.0,,,18.973665961010276,,
7.0,156.0,101.0,75.0,,2.154945686231823,,7.0,156.0,103.0,78.0,gastruloid_nuclei,True,2.9154759474226504,77,released prediction raster plus released raw daughter-label centroids,predicted_centers,1.5197422109513778,0.8660254037844386,140.77205963965724,,14.237991659826395,,156.0,101.5,75.5,,,12.083045973594572,,
7.0,141.0,201.0,109.0,,7.9640474028433825,,6.0,143.0,203.0,108.0,gastruloid_nuclei,True,2.5495097567963922,78,released prediction raster plus released raw daughter-label centroids,predicted_centers,50.42908904139505,0.8660254037844386,88.90250462952905,,9.528808281692518,,141.5,201.5,109.0,,,17.4928556845359,,
3.0,99.0,163.0,140.0,,1.1183419517341857,,3.0,101.0,162.0,143.0,gastruloid_nuclei,True,3.278719262151,79,released prediction raster plus released raw daughter-label centroids,predicted_centers,9.618758998704704,0.8660254037844386,149.66887090075056,,13.948177221585178,,99.5,163.5,140.5,,,15.066519173319364,,
5.0,273.0,76.0,85.0,,4.431949483210916,,5.0,273.0,78.0,88.0,gastruloid_nuclei,True,3.2015621187164243,80,released prediction raster plus released raw daughter-label centroids,predicted_centers,4.24873931863522,0.8660254037844386,126.02382519466903,,14.77742322908763,,273.0,76.0,85.5,,,19.209372712298546,,
3.5,166.5,219.0,129.0,,6.426178561134206,,5.0,160.0,220.0,131.0,gastruloid_nuclei,True,7.466592261534039,81,released prediction raster plus released raw daughter-label centroids,predicted_centers,38.89025562297296,0.8660254037844386,222.3204106292781,,16.32567349774587,,166.5,221.5,128.0,,,9.899494936611665,,
4.0,322.0,88.0,78.0,,0.8285275134929666,,4.0,323.0,86.0,82.0,gastruloid_nuclei,True,4.330127018922194,82,released prediction raster plus released raw daughter-label centroids,predicted_centers,13.66126747299635,0.8660254037844386,140.77205963965758,,14.237991659826397,,322.5,88.5,78.5,,,15.066519173319364,,
2.0,128.0,191.0,58.0,,0.8111588412862645,,2.0,127.0,191.0,62.0,gastruloid_nuclei,True,3.6742346141747673,83,released prediction raster plus released raw daughter-label centroids,predicted_centers,18.76393011543357,0.8660254037844386,130.9297514702778,,11.436289872629626,,128.0,191.5,58.5,,,12.24744871391589,,
8.0,144.0,121.0,64.0,,0.1960673060387883,,8.0,142.0,120.0,64.0,gastruloid_nuclei,True,2.23606797749979,84,released prediction raster plus released raw daughter-label centroids,predicted_centers,22.009478701519416,0.8660254037844386,130.96110909558564,,14.50087115066028,,144.0,121.0,64.0,,,14.696938456699069,,
4.0,307.0,221.0,87.0,,2.289461374506475,,4.0,306.0,221.0,91.0,gastruloid_nuclei,True,3.6742346141747673,85,released prediction raster plus released raw daughter-label centroids,predicted_centers,34.13613890712356,0.8660254037844386,97.39023853915154,,12.063238719900848,,307.0,221.5,87.5,,,14.352700094407323,,
2.0,320.0,188.0,55.0,,0.13491882951491263,,2.0,318.0,188.0,59.0,gastruloid_nuclei,True,4.743416490252569,86,released prediction raster plus released raw daughter-label centroids,predicted_centers,14.038866931239143,0.8660254037844386,273.38100208635353,,17.741735691173922,,320.5,188.5,55.0,,,17.60681686165901,,
4.5,154.0,172.5,93.0,,2.909550261513054,,5.0,146.0,163.0,97.0,gastruloid_nuclei,True,11.521718621802913,87,released prediction raster plus released raw daughter-label centroids,predicted_centers,33.68637405044858,0.8660254037844386,132.93721237072722,,14.236877937969194,,152.0,172.5,94.5,,,17.146428199482248,,
3.0,150.0,171.0,42.0,,2.7821596989370185,,3.0,150.0,174.0,45.0,gastruloid_nuclei,True,4.242640687119285,88,released prediction raster plus released raw daughter-label centroids,predicted_centers,16.243372988851604,0.8660254037844386,200.3005219868717,,14.767769075847227,,150.0,171.0,42.0,,,17.549928774784245,,
4.0,111.0,221.0,55.0,,2.7952914922800236,,4.0,110.0,221.0,59.0,gastruloid_nuclei,True,3.8078865529319543,89,released prediction raster plus released raw daughter-label centroids,predicted_centers,10.966280935726651,0.8660254037844386,209.8255298533946,,15.833696302685322,,111.5,221.0,55.5,,,13.038404810405298,,
5.0,255.0,178.0,66.0,,1.766688298864084,,5.0,257.0,180.0,69.0,gastruloid_nuclei,True,3.905124837953327,90,released prediction raster plus released raw daughter-label centroids,predicted_centers,2.4034509926010315,0.8660254037844386,200.27023372744918,,15.811707532382863,,255.5,178.0,66.0,,,17.578395831246947,,
3.0,216.0,227.0,106.0,,1.1432570838857252,,3.0,219.0,226.0,109.0,gastruloid_nuclei,True,4.358898943540674,91,released prediction raster plus released raw daughter-label centroids,predicted_centers,14.901579368064496,0.8660254037844386,322.1305338633527,,19.25402736016056,,216.0,227.0,106.0,,,18.110770276274835,,
3.0,170.0,68.0,82.0,,5.483483242502318,,2.0,171.0,66.0,87.0,gastruloid_nuclei,True,5.70087712549569,92,released prediction raster plus released raw daughter-label centroids,predicted_centers,18.996463515558595,0.8660254037844386,120.29068663952887,,11.06946211474453,,170.5,68.5,82.0,,,16.55294535724685,,
8.0,81.0,84.0,98.0,,4.567970781023641,,8.0,81.0,86.0,102.0,gastruloid_nuclei,True,4.47213595499958,93,released prediction raster plus released raw daughter-label centroids,predicted_centers,14.807245290130279,0.8660254037844386,120.20583470753188,,11.432029218976359,,81.0,84.0,98.0,,,16.0,,
5.0,197.0,132.0,38.0,,4.336181622921671,,5.0,199.0,135.0,41.0,gastruloid_nuclei,True,4.183300132670378,94,released prediction raster plus released raw daughter-label centroids,predicted_centers,8.31444423729304,0.8660254037844386,123.3077447403789,,13.041965574061095,,197.5,132.5,38.0,,,17.378147196982766,,
6.0,188.0,117.0,39.0,,5.547275545151134,,6.0,191.0,116.0,43.0,gastruloid_nuclei,True,4.949747468305833,95,released prediction raster plus released raw daughter-label centroids,predicted_centers,40.816455513579704,0.8660254037844386,105.03851004721653,,12.728391337345933,,188.5,117.5,39.0,,,18.275666882497067,,
2.0,208.0,126.0,125.0,,2.0033583184507577,,2.0,208.0,128.0,129.0,gastruloid_nuclei,True,4.301162633521313,96,released prediction raster plus released raw daughter-label centroids,predicted_centers,6.917275628177627,0.8660254037844386,191.54596296114084,,15.026028047475645,,208.5,126.5,125.0,,,17.029386365926403,,
5.0,293.0,136.0,92.0,,1.0590668809519599,,5.0,292.0,138.0,96.0,gastruloid_nuclei,True,3.9370039370059056,97,released prediction raster plus released raw daughter-label centroids,predicted_centers,9.095768489118342,0.8660254037844386,140.77205963965727,,14.237991659826395,,293.0,136.5,92.5,,,15.297058540778355,,
4.0,270.0,183.0,41.0,,2.094373288570665,,4.0,272.0,182.0,46.0,gastruloid_nuclei,True,5.5901699437494745,98,released prediction raster plus released raw daughter-label centroids,predicted_centers,10.282277580871908,0.8660254037844386,144.46940574905537,,13.936846253310733,,270.0,183.5,41.0,,,16.0312195418814,,
5.0,228.0,165.0,115.0,,2.9956962797876905,,5.0,229.0,164.0,120.0,gastruloid_nuclei,True,5.123475382979799,99,released prediction raster plus released raw daughter-label centroids,predicted_centers,5.523620790996735,0.8660254037844386,140.77205963965707,,14.237991659826395,,228.5,165.0,115.0,,,17.233687939614086,,
3.0,192.0,82.0,78.0,,4.960059117517503,,3.0,192.0,85.0,82.0,gastruloid_nuclei,True,4.743416490252569,100,released prediction raster plus released raw daughter-label centroids,predicted_centers,11.981182827423284,0.8660254037844386,113.4333948355895,,12.418088079465264,,192.5,82.5,78.0,,,17.378147196982766,,
4.0,91.0,109.0,63.0,,1.9070196550306147,,3.0,97.0,108.0,63.0,gastruloid_nuclei,True,6.18465843842649,101,released prediction raster plus released raw daughter-label centroids,predicted_centers,27.344871874977578,0.8660254037844386,135.8639017318714,,13.61171956575024,,91.0,109.0,63.5,,,11.704699910719626,,
4.0,78.0,205.0,93.0,,1.8021369943762444,,4.0,80.0,203.0,96.0,gastruloid_nuclei,True,4.220485754033533,102,released prediction raster plus released raw daughter-label centroids,predicted_centers,14.17896341910861,0.8660254037844386,132.93721237072702,,14.236877937969197,,78.0,205.75,93.5,,,16.03901493234544,,
3.0,72.0,227.0,116.0,,7.6745494055615175,,4.0,73.0,225.0,116.0,gastruloid_nuclei,True,2.449489742783178,103,released prediction raster plus released raw daughter-label centroids,predicted_centers,68.11741168164411,0.8660254037844386,113.83024302081003,,10.325450594438482,,72.0,227.0,116.0,,,18.0,,
2.0,188.0,167.0,76.0,,0.6991273944188379,,2.0,188.0,168.0,81.0,gastruloid_nuclei,True,4.55521678957215,104,released prediction raster plus released raw daughter-label centroids,predicted_centers,11.808087789261391,0.8660254037844386,249.07925050289674,,17.27307336119259,,188.5,167.5,76.5,,,17.97220075561143,,
7.0,285.0,191.0,114.0,,0.4634151978211136,,7.0,289.0,189.0,113.0,gastruloid_nuclei,True,4.55521678957215,105,released prediction raster plus released raw daughter-label centroids,predicted_centers,27.894616767242876,0.8660254037844386,205.70672964934073,,17.284824151477736,,285.5,191.5,114.5,,,17.74823934929885,,
7.0,43.0,99.0,83.0,,2.3901972290154117,,7.0,43.0,98.0,88.0,gastruloid_nuclei,True,4.6097722286464435,106,released prediction raster plus released raw daughter-label centroids,predicted_centers,3.622367240962336,0.8660254037844386,117.66702337806657,,11.787249649742414,,43.0,99.0,83.5,,,14.177446878757825,,
7.0,38.0,124.0,142.0,,5.7194669166420145,,7.0,35.0,129.0,141.0,gastruloid_nuclei,True,5.612486080160912,107,released prediction raster plus released raw daughter-label centroids,predicted_centers,85.10416553745482,0.8660254037844386,131.4557500059757,,11.773388767893886,,38.0,124.5,142.5,,,17.4928556845359,,
5.0,136.0,79.0,105.0,,1.1307939404461926,,5.0,135.0,81.0,110.0,gastruloid_nuclei,True,5.477225575051661,108,released prediction raster plus released raw daughter-label centroids,predicted_centers,17.47406799660712,0.8660254037844386,172.86898356155632,,16.07385659363906,,136.0,79.0,105.0,,,17.204650534085253,,
6.0,270.0,114.0,65.0,,2.112582571744422,,7.0,267.0,114.0,71.0,gastruloid_nuclei,True,7.0178344238090995,109,released prediction raster plus released raw daughter-label centroids,predicted_centers,80.37639180862045,0.8660254037844386,143.40174635182294,,14.769360444389712,,270.5,114.0,65.0,,,16.881943016134134,,
7.0,115.0,71.0,96.0,,0.8879894456769435,,8.0,118.0,78.0,99.0,gastruloid_nuclei,True,7.826237921249264,110,released prediction raster plus released raw daughter-label centroids,predicted_centers,52.87826915076117,0.8660254037844386,87.47479966591943,,12.416145249973127,,115.0,71.5,96.0,,,13.30413469565007,,
7.0,199.0,114.0,88.0,,8.09795085855987,,6.0,201.0,113.0,92.0,gastruloid_nuclei,True,4.272001872658765,111,released prediction raster plus released raw daughter-label centroids,predicted_centers,28.982385503365883,0.8660254037844386,77.84107599300509,,9.929805518760077,,199.0,114.0,88.5,,,18.027756377319946,,
4.0,208.0,152.0,119.0,,3.5491431006231764,,3.0,209.0,150.0,123.0,gastruloid_nuclei,True,4.69041575982343,112,released prediction raster plus released raw daughter-label centroids,predicted_centers,30.82084470548348,0.8660254037844386,138.27401798335242,,13.064104625212973,,208.0,152.0,119.0,,,16.61324772583615,,
7.0,162.0,89.0,134.0,,4.092255701502662,,6.0,160.0,83.0,140.0,gastruloid_nuclei,True,8.902246907382429,113,released prediction raster plus released raw daughter-label centroids,predicted_centers,61.91185781551337,0.8660254037844386,97.39023853915147,,12.063238719900848,,162.5,89.0,134.0,,,16.15549442140351,,
5.0,92.0,61.0,92.0,,6.644816941684148,,4.0,90.0,64.0,92.0,gastruloid_nuclei,True,3.391164991562634,114,released prediction raster plus released raw daughter-label centroids,predicted_centers,0.4870762139254914,0.8660254037844386,92.30050216092872,,9.9081284155627,,92.0,61.5,92.5,,,16.55294535724685,,
5.0,209.0,67.0,147.0,,0.07040863079033066,,4.0,211.0,68.0,148.0,gastruloid_nuclei,True,2.6457513110645907,115,released prediction raster plus released raw daughter-label centroids,predicted_centers,25.135936606710096,0.8660254037844386,100.76175146636477,,11.761750935408902,,209.0,67.0,147.0,,,11.832159566199232,,
6.0,108.0,169.0,52.0,,1.255301038422246,,7.0,112.0,165.0,47.0,gastruloid_nuclei,True,7.88986691902975,116,released prediction raster plus released raw daughter-label centroids,predicted_centers,79.16290336345928,0.8660254037844386,146.0016154114996,,13.062520024854107,,108.0,169.5,52.0,,,14.317821063276353,,
5.0,234.0,106.0,46.0,,2.0944337908941293,,5.0,234.0,111.0,45.0,gastruloid_nuclei,True,5.0990195135927845,117,released prediction raster plus released raw daughter-label centroids,predicted_centers,27.693772726870147,0.8660254037844386,107.21317655626791,,10.711814683971568,,234.0,106.0,46.0,,,12.806248474865697,,
3.0,63.0,84.0,120.0,,8.268787862400682,,3.0,64.0,84.0,125.0,gastruloid_nuclei,True,5.0990195135927845,118,released prediction raster plus released raw daughter-label centroids,predicted_centers,66.58955315168227,0.8660254037844386,178.20867431515563,,15.05501971698052,,63.0,84.0,120.0,,,23.323807579381203,,
4.0,300.0,124.0,59.0,,1.7708819958137987,,3.0,294.0,117.0,60.0,gastruloid_nuclei,True,9.287087810503355,119,released prediction raster plus released raw daughter-label centroids,predicted_centers,86.9568286889049,0.8660254037844386,125.7592391051152,,13.361863954607758,,300.0,124.0,59.5,,,15.132745950421556,,
2.0,123.0,227.0,86.0,,0.35662954041019823,,4.0,122.0,224.0,98.0,gastruloid_nuclei,True,12.278029157808675,120,released prediction raster plus released raw daughter-label centroids,predicted_centers,75.01559217057857,0.8660254037844386,92.8686239749901,,10.7007099731988,,123.5,227.5,86.5,,,10.344080432788601,,
6.0,158.0,67.0,115.0,,4.816933554399355,,4.0,161.0,72.0,112.0,gastruloid_nuclei,True,6.855654600401044,121,released prediction raster plus released raw daughter-label centroids,predicted_centers,57.68440807707248,0.8660254037844386,173.95385946127325,,14.778984387866068,,158.0,67.0,115.0,,,19.595917942265423,,
2.0,232.0,199.0,115.0,,1.7629854088435053,,3.0,241.0,198.0,109.0,gastruloid_nuclei,True,10.793516572461451,122,released prediction raster plus released raw daughter-label centroids,predicted_centers,72.74517558474564,0.8660254037844386,105.03851004721665,,12.728391337345933,,232.5,199.0,115.5,,,14.491376746189438,,
2.0,170.0,220.0,91.0,,6.704210697191996,,2.0,170.0,225.0,106.0,gastruloid_nuclei,True,15.660459763365825,123,released prediction raster plus released raw daughter-label centroids,predicted_centers,81.069146406469,0.8660254037844386,100.02147006153075,,11.434146450025057,,170.0,220.5,91.0,,,18.138357147217054,,
