absolute_length_error_physical_um,absolute_length_error_regression_voxels,annotation_index,center_distance_raw_voxels,corrected_nematic_axis_error_deg,evaluated,event_id,inference_raw_m,inference_raw_t,inference_raw_x,inference_raw_y,inference_raw_z,inference_regression_m,inference_regression_t,inference_regression_x,inference_regression_y,inference_regression_z,legacy_raw_absolute_length_error_voxels,legacy_raw_corrected_nematic_axis_error_deg,legacy_raw_evaluated,mode,model,pair_index,predicted_axis_physical_x,predicted_axis_physical_y,predicted_axis_physical_z,predicted_length_physical_um,predicted_length_regression_voxels,production_quaternion_error_deg,profile,reported_pair_count,scope,segmentation_event_id,target_candidate_count,target_center_distance_raw_voxels,training_consistent_minus_legacy_angle_deg,training_consistent_minus_legacy_length_error_voxels,true_axis_physical_x,true_axis_physical_y,true_axis_physical_z,true_length_physical_um,true_length_regression_voxels
2.940757229961884,2.9407572299618856,13,0.5,7.942428908162922,True,movie2:2:13,0.0,2.0,26.0,154.0,65.0,0.0,2.0,23.764,140.756,59.410000000000004,4.229908278987146,12.48876407895179,True,all_groundtruth_centers,original_epoch_098,0,0.8158919972128478,0.2198996552483211,-0.5347563842589445,14.975715637207033,14.975715637207031,15.969535290487796,training_consistent_log_reconstructed,145,nuclei_movie2_frozen_centers,movie2:component:0,1,0.5,-4.546335170788868,-1.2891510490252607,0.7814038044302498,0.1116291116991269,-0.6139601256133788,17.916472867168917,17.916472867168917
0.220822235413781,0.220822235413781,8,0.5,15.664458761287504,True,movie2:2:8,0.0,2.0,44.0,200.0,118.0,0.0,2.0,40.216,182.8,107.852,1.7466073733664835,21.492241883714,True,all_groundtruth_centers,original_epoch_098,1,0.9335033799713304,0.35527501477212653,0.048488178567228306,16.622041702270508,16.622041702270508,12.76017421324991,training_consistent_log_reconstructed,145,nuclei_movie2_frozen_centers,movie2:component:1,1,0.5,-5.8277831224264975,-1.5257851379527025,0.9755372158568809,0.12194215198211011,0.1829132363941367,16.401219466856727,16.401219466856727
1.3474399685545908,1.347439968554589,18,0.7071067811865476,14.142581909009804,True,movie2:2:18,0.0,2.0,50.0,117.0,113.0,0.0,2.0,45.7,106.938,103.28200000000001,0.9915409038524778,15.800252087137174,True,all_groundtruth_centers,original_epoch_098,2,0.7039522339201043,-0.31588615000786274,0.6361345711342095,10.621058464050295,10.621058464050293,25.723469199776694,training_consistent_log_reconstructed,145,nuclei_movie2_frozen_centers,movie2:component:2,1,0.7071067811865476,-1.6576701781273702,0.3558990647021112,-0.646996644757806,0.10783277138953609,-0.7548294079370473,9.273618495495704,9.273618495495704
0.7232525961504948,0.7232525961504948,0,0.5,17.164008781550464,True,movie2:2:0,0.0,2.0,79.0,141.0,43.0,0.0,2.0,72.206,128.874,39.302,0.613217359834243,18.404746658906113,True,all_groundtruth_centers,original_epoch_098,3,-0.18816804181910132,0.9802312729365538,-0.061150957434437554,13.524554252624512,13.524554252624512,26.548902872356848,training_consistent_log_reconstructed,145,nuclei_movie2_frozen_centers,movie2:component:3,1,0.5,-1.2407378773556488,0.11003523631625178,-0.21055871529851447,0.9124211315489575,-0.3509311985486031,14.247806848775006,14.247806848775006
0.9589162768345005,0.9589162768345023,4,0.0,8.468104294117289,True,movie2:2:4,0.0,2.0,97.0,132.0,85.0,0.0,2.0,88.658,120.64800000000001,77.69,1.78908730938379,7.986610022706805,True,all_groundtruth_centers,original_epoch_098,4,0.6279769391924165,-0.22009064635058329,0.7464617011150046,14.149822235107422,14.149822235107422,14.81777605832138,training_consistent_log_reconstructed,145,nuclei_movie2_frozen_centers,movie2:component:4,1,0.0,0.48149427141048395,-0.8301710325492877,-0.5306686455805337,0.1516196130230096,-0.8339078375602874,13.190905958272921,13.19090595827292
0.7022676467895508,0.7022676467895508,2,0.7071067811865476,10.401896993901223,True,movie2:2:2,0.0,2.0,114.0,150.0,57.0,0.0,2.0,104.196,137.1,52.098,0.03724412817343925,9.072351220743048,True,all_groundtruth_centers,original_epoch_098,5,0.8757377538037582,-0.47162548410152344,-0.10321235056305926,14.29773235321045,14.29773235321045,20.26087315344573,training_consistent_log_reconstructed,145,nuclei_movie2_frozen_centers,movie2:component:5,1,0.7071067811865476,1.3295457731581752,0.6650235186161115,-0.8,0.6,0.0,15.0,15.0
0.9598220470006833,0.9598220470006833,9,0.8660254037844386,5.763926566970703,True,movie2:2:9,0.0,2.0,123.0,227.0,86.0,0.0,2.0,112.42200000000001,207.478,78.604,0.6667628441889377,2.488683634826282,True,all_groundtruth_centers,original_epoch_098,6,0.757159085352268,0.21731921251472097,-0.6160214925962394,9.677619934082031,9.677619934082031,4.628798546156871,training_consistent_log_reconstructed,145,nuclei_movie2_frozen_centers,movie2:component:6,1,0.8660254037844386,3.2752429321444207,0.2930592028117456,0.6882472016116853,0.22941573387056174,-0.6882472016116853,8.717797887081348,8.717797887081348
1.2570507634387784,1.2570507634387802,3,0.7071067811865476,11.550743875807505,True,movie2:2:3,0.0,2.0,128.0,191.0,58.0,0.0,2.0,116.992,174.574,53.012,0.6750982119017301,15.72436969209082,True,all_groundtruth_centers,original_epoch_098,7,0.9087945819507683,-0.07634404674571894,0.41019994434838175,10.949504852294924,10.949504852294922,22.744893566314918,training_consistent_log_reconstructed,145,nuclei_movie2_frozen_centers,movie2:component:7,1,0.7071067811865476,-4.173625816283314,0.5819525515370501,-0.8192319146469484,0.0,-0.5734623527520312,12.206555615733702,12.206555615733702
2.4413499490132686,2.4413499490132686,17,0.0,27.828198954904025,True,movie2:2:17,0.0,2.0,139.0,249.0,101.0,0.0,2.0,127.046,227.586,92.31400000000001,2.5748529470341737,26.527879788659824,True,all_groundtruth_centers,original_epoch_098,8,-0.17848720414959654,0.4646929437221016,-0.8672962504298909,10.711596488952637,10.711596488952637,41.51959918513801,training_consistent_log_reconstructed,145,nuclei_movie2_frozen_centers,movie2:component:8,1,0.0,1.3003191662442006,-0.13350299802090504,-0.1520571842539411,0.0,-0.9883716976506172,13.152946437965905,13.152946437965905
0.10029984121851854,0.10029984121852031,1,0.7071067811865476,8.99289260367461,True,movie2:2:1,0.0,2.0,141.0,215.0,57.0,0.0,2.0,128.874,196.51000000000002,52.098,1.299469606655041,57.84545668364007,True,all_groundtruth_centers,original_epoch_098,9,0.9889654773528205,0.07995701209883638,-0.12471632138791774,15.423874855041506,15.423874855041504,24.867766006960085,training_consistent_log_reconstructed,145,nuclei_movie2_frozen_centers,movie2:component:9,1,0.7071067811865476,-48.85256407996546,-1.1991697654365208,-0.9662349435922334,0.0,0.25766263559413044,15.524174696260024,15.524174696260024
3.9781707803423263,3.9781707803423263,15,0.7071067811865476,34.20911597046558,True,movie2:2:15,0.0,2.0,163.0,96.0,74.0,0.0,2.0,148.982,87.744,67.636,4.84261644222811,69.49777068314948,True,all_groundtruth_centers,original_epoch_098,10,0.20775898425350042,0.8727265344846863,0.44179701274262095,11.578178405761717,11.578178405761719,36.641012275872015,training_consistent_log_reconstructed,145,nuclei_movie2_frozen_centers,movie2:component:10,1,0.7071067811865476,-35.2886547126839,-0.8644456618857834,0.4499770510272496,0.4499770510272496,0.7713892059768792,15.556349186104043,15.556349186104045
1.9413331960079336,1.9413331960079336,14,0.5,23.817263492410948,True,movie2:2:14,0.0,2.0,165.0,128.0,76.0,0.0,2.0,150.81,116.992,69.464,0.3141529668079208,18.554014303968973,True,all_groundtruth_centers,original_epoch_098,11,0.7802986159329163,0.4403692601799715,0.4440821823285863,12.757987022399902,12.757987022399902,25.48994700300738,training_consistent_log_reconstructed,145,nuclei_movie2_frozen_centers,movie2:component:11,1,0.5,5.263249188441975,1.6271802292000128,0.6471502443935288,0.18490006222462543,0.7396002488985017,10.816653826391969,10.816653826391969
1.0032084929288079,1.0032084929288079,19,0.5,39.877306320553984,True,movie2:2:19,0.0,2.0,167.0,146.0,136.0,0.0,2.0,152.638,133.44400000000002,124.304,2.612953168836052,35.143185558016775,True,all_groundtruth_centers,original_epoch_098,12,0.9328625621408736,-0.10603184513057037,0.344274146537569,12.889235496520996,12.889235496520996,78.7889833034818,training_consistent_log_reconstructed,145,nuclei_movie2_frozen_centers,movie2:component:12,1,0.5,4.734120762537209,-1.609744675907244,-0.5038710212502906,0.0,-0.8637789033914809,13.892443989449804,13.892443989449804
5.3157375848351585,5.3157375848351585,27,0.5,10.814998554243285,True,movie2:2:27,0.0,2.0,170.0,220.0,91.0,0.0,2.0,155.38,201.08,83.174,6.857151969909925,3.1366393406524145,True,all_groundtruth_centers,original_epoch_098,13,0.4263963140492742,0.7339395600490312,0.5286954752598394,11.115939140319824,11.115939140319824,16.26560958735621,training_consistent_log_reconstructed,145,nuclei_movie2_frozen_centers,movie2:component:13,1,0.5,7.678359213590871,-1.5414143850747664,0.42600642588869525,0.608580616359611,0.669438689121637,16.431676725154983,16.431676725154983
1.631437423951981,1.6314374239519793,21,0.7071067811865476,5.397489497388794,True,movie2:2:21,0.0,2.0,184.0,95.0,64.0,0.0,2.0,168.17600000000002,86.83,58.496,1.7832551988700622,8.94932203641879,True,all_groundtruth_centers,original_epoch_098,14,0.5029563370094631,0.33761429416179173,-0.7956453427499333,10.242904663085938,10.242904663085938,7.43454020252228,training_consistent_log_reconstructed,145,nuclei_movie2_frozen_centers,movie2:component:14,1,0.7071067811865476,-3.551832539029996,-0.1518177749180829,0.42107596131897473,0.336860763515887,-0.8421519226379495,11.874342087037919,11.874342087037917
0.8921954681220488,0.892195468122047,16,0.8660254037844386,6.165796268504354,True,movie2:2:16,0.0,2.0,188.0,167.0,76.0,0.0,2.0,171.832,152.638,69.464,1.328356151119241,2.492671648545357,True,all_groundtruth_centers,original_epoch_098,15,-0.2833556755887378,0.9321300512463461,0.22548420936982305,15.870859146118166,15.870859146118164,10.371264747384608,training_consistent_log_reconstructed,145,nuclei_movie2_frozen_centers,movie2:component:15,1,0.8660254037844386,3.673124619958997,-0.436160682997194,-0.17896499588156806,0.9544799780350297,0.23861999450875743,16.763054614240215,16.76305461424021
1.3117281332019637,1.3117281332019637,7,0.7071067811865476,4.428059422743044,True,movie2:2:7,0.0,2.0,192.0,212.0,88.0,0.0,2.0,175.488,193.768,80.432,0.3669731391793647,15.97617179140953,True,all_groundtruth_centers,original_epoch_098,16,0.8523551335053707,0.4230028119536472,-0.3075050364894031,17.059743881225586,17.059743881225586,5.229714288569957,training_consistent_log_reconstructed,145,nuclei_movie2_frozen_centers,movie2:component:16,1,0.7071067811865476,-11.548112368666487,0.944754994022599,0.8890008920619218,0.38100036875821786,-0.254000261651852,15.748015748023622,15.748015748023622
1.2401277711002674,1.2401277711002674,6,0.5,13.338467651059577,True,movie2:2:6,0.0,2.0,208.0,96.0,43.0,0.0,2.0,190.112,87.744,39.302,1.1995734048587927,13.951584867617688,True,all_groundtruth_centers,original_epoch_098,17,-0.6317591420196768,0.7614307641028051,-0.1452707057612801,13.89261817932129,13.892618179321289,31.043541799039318,training_consistent_log_reconstructed,145,nuclei_movie2_frozen_centers,movie2:component:17,1,0.5,-0.6131172165581109,0.04055436624147468,-0.792982312574065,0.5947367501684605,-0.13216372400831475,15.132745950421558,15.132745950421556
3.0038306000145774,3.0038306000145774,25,0.7071067811865476,12.134526785611703,True,movie2:2:25,0.0,2.0,208.0,126.0,125.0,0.0,2.0,190.112,115.164,114.25,3.0033806209923206,18.36415050191647,True,all_groundtruth_centers,original_epoch_098,18,0.0566405794851487,-0.46957784310116246,0.8810723545907263,13.089646339416504,13.089646339416504,18.635383610880698,training_consistent_log_reconstructed,145,nuclei_movie2_frozen_centers,movie2:component:18,1,0.7071067811865476,-6.229623716304767,0.00044997902225674125,-0.18641092718587707,0.3106848657450127,-0.932054655276559,16.09347693943108,16.09347693943108
0.4190236444355655,0.41902364443556195,5,0.7071067811865476,12.166984983035873,True,movie2:2:5,0.0,2.0,232.0,199.0,115.0,0.0,2.0,212.048,181.886,105.11,1.2594415063740385,11.924232991810515,True,all_groundtruth_centers,original_epoch_098,19,0.8371885736205056,-0.5260206656227323,0.1497249195594401,14.910400390625002,14.910400390625,25.625666889062302,training_consistent_log_reconstructed,145,nuclei_movie2_frozen_centers,movie2:component:19,1,0.7071067811865476,0.24275199122535795,-0.8404178619384766,-0.7590721072564883,0.5520524589744059,-0.34503277891456374,14.491376746189436,14.491376746189438
0.8165048657436245,0.8165048657436227,22,0.7071067811865476,5.983285458506319,True,movie2:2:22,0.0,2.0,248.0,216.0,69.0,0.0,2.0,226.672,197.424,63.066,2.630150226753459,14.368802781492645,True,all_groundtruth_centers,original_epoch_098,20,-0.570174393786243,0.236022494505606,0.7868891553184868,12.374401092529297,12.374401092529297,13.762517847762329,training_consistent_log_reconstructed,145,nuclei_movie2_frozen_centers,movie2:component:20,1,0.7071067811865476,-8.385517322986328,-1.8136453610098364,-0.5306686455805337,0.1516196130230096,0.8339078375602874,13.190905958272921,13.19090595827292
1.2847654850650532,1.284765485065055,23,0.0,13.164889238642283,True,movie2:2:23,0.0,2.0,249.0,197.0,96.0,0.0,2.0,227.586,180.058,87.744,0.07282586672259406,16.030778511999888,True,all_groundtruth_centers,original_epoch_098,21,0.3028443435777161,0.8972325107075391,0.32133957940538244,14.663853645324707,14.663853645324707,19.738876717342166,training_consistent_log_reconstructed,145,nuclei_movie2_frozen_centers,movie2:component:21,1,0.0,-2.8658892733576042,1.211939618342461,0.2242305355781158,0.822178598551855,0.5232045670649855,13.379088160259654,13.379088160259652
1.7769469846342076,1.7769469846342076,28,1.8708286933869707,7.386994492079266,True,movie2:2:28,0.0,2.0,274.0,62.0,111.0,0.0,2.0,250.436,56.668,101.45400000000001,3.0527426169089473,7.747074181326092,True,all_groundtruth_centers,original_epoch_098,22,0.698971053987941,-0.2926376404743797,-0.6525355753248818,14.34756851196289,14.34756851196289,14.539240937654045,training_consistent_log_reconstructed,145,nuclei_movie2_frozen_centers,movie2:component:22,1,1.8708286933869707,-0.36007968924682654,-1.2757956322747397,-0.6201736805872538,0.24806946230132654,0.7442084034599379,16.1245154965971,16.1245154965971
0.27750099473419,0.2775009947341882,24,0.0,20.359797805055727,True,movie2:2:24,0.0,2.0,279.0,217.0,92.0,0.0,2.0,255.006,198.338,84.08800000000001,0.17994529353808275,13.886549805547793,True,all_groundtruth_centers,original_epoch_098,23,0.6596280189213176,0.6826954142591072,-0.31435306265968566,12.41107654571533,12.411076545715332,17.969214138322098,training_consistent_log_reconstructed,145,nuclei_movie2_frozen_centers,movie2:component:23,1,0.0,6.473247999507935,0.09755570119610546,0.7881104062391007,0.39405520311955033,-0.47286624374346037,12.68857754044952,12.68857754044952
2.334975877892129,2.334975877892127,26,0.0,14.127016446235697,True,movie2:2:26,0.0,2.0,283.0,188.0,78.0,0.0,2.0,258.66200000000003,171.832,71.292,2.5892738204926715,13.614775198057973,True,all_groundtruth_centers,original_epoch_098,24,-0.4067747142608444,0.39566494091487825,0.8233975870555089,11.593412399291992,11.593412399291992,24.85822137049668,training_consistent_log_reconstructed,145,nuclei_movie2_frozen_centers,movie2:component:24,1,0.0,0.5122412481777232,-0.2542979426005445,-0.21538744591028236,0.2871832675854271,0.9333456053162741,13.928388277184121,13.92838827718412
1.0222617456544416,1.0222617456544416,12,0.7071067811865476,9.628494705095793,True,movie2:2:12,0.0,2.0,284.0,67.0,136.0,0.0,2.0,259.576,61.238,124.304,0.29532901607229256,12.980797897124363,True,all_groundtruth_centers,original_epoch_098,25,0.7007091574948192,0.5886947224044379,0.403044911165074,11.510350227355957,11.510350227355957,13.244807930620063,training_consistent_log_reconstructed,145,nuclei_movie2_frozen_centers,movie2:component:25,1,0.7071067811865476,-3.35230319202857,0.726932729582149,0.5720775412472399,0.6674238303363678,0.47673128437269985,10.488088481701515,10.488088481701515
0.08727455139160156,0.08727455139160156,10,0.7071067811865476,13.193051066943964,True,movie2:2:10,0.0,2.0,289.0,109.0,53.0,0.0,2.0,264.146,99.626,48.442,0.22829380344733963,16.479576212816806,True,all_groundtruth_centers,original_epoch_098,26,-0.48659288196390316,0.8712918572551358,-0.06385817647693315,13.912725448608398,13.912725448608398,22.58035356496037,training_consistent_log_reconstructed,145,nuclei_movie2_frozen_centers,movie2:component:26,1,0.7071067811865476,-3.286525145872842,-0.14101925205573806,-0.428571427851784,0.857142855703568,-0.28571429111162,14.0,14.0
1.162911275631057,1.162911275631057,20,0.7071067811865476,9.216465097573883,True,movie2:2:20,0.0,2.0,305.0,99.0,52.0,0.0,2.0,278.77000000000004,90.486,47.528,2.02469221832769,15.260777336882544,True,all_groundtruth_centers,original_epoch_098,27,0.19569004813707358,0.5284622435301399,-0.8260950685140306,15.268765449523926,15.268765449523926,12.815255622221171,training_consistent_log_reconstructed,145,nuclei_movie2_frozen_centers,movie2:component:27,1,0.7071067811865476,-6.0443122393086615,-0.8617809426966332,0.06085806365647026,0.6085806256919499,-0.7911548003522318,16.431676725154983,16.431676725154983
0.02520810283745334,0.02520810283745334,11,0.7071067811865476,4.037288049558014,True,movie2:2:11,0.0,2.0,320.0,188.0,55.0,0.0,2.0,292.48,171.832,50.27,0.2613292670545171,5.081183110425621,True,all_groundtruth_centers,original_epoch_098,28,-0.4893174876792637,0.8505727042716457,0.1925992497370471,16.273284912109375,16.273284912109375,10.165431049827856,training_consistent_log_reconstructed,145,nuclei_movie2_frozen_centers,movie2:component:28,1,0.7071067811865476,-1.043895060867607,-0.23612116421706375,-0.4923659529398475,0.8616404435202297,0.12309148823496187,16.24807680927192,16.24807680927192
2.3983790122076396,2.3983790122076414,9,0.5,23.378708661970443,True,movie2:3:9,0.0,3.0,37.0,126.0,133.0,0.0,3.0,33.818,115.164,121.562,4.888913906511608,26.574467235988408,True,all_groundtruth_centers,original_epoch_098,29,0.010058393207406756,0.9769450935418157,-0.21325363521088758,15.629377365112306,15.629377365112305,45.31514047753783,training_consistent_log_reconstructed,145,nuclei_movie2_frozen_centers,movie2:component:29,1,0.5,-3.1957585740179653,-2.4905348943039662,-0.3328201177351375,0.9429903335828895,0.0,18.027756377319946,18.027756377319946
5.906571411072942,5.906571411072942,7,0.0,11.913918510373657,True,movie2:3:7,0.0,3.0,63.0,84.0,120.0,0.0,3.0,57.582,76.776,109.68,6.055672508580422,15.635529609873824,True,all_groundtruth_centers,original_epoch_098,30,0.6433182783312388,-0.5431356331022502,-0.539578795746783,15.703611373901367,15.703611373901367,20.991464111132085,training_consistent_log_reconstructed,145,nuclei_movie2_frozen_centers,movie2:component:30,1,0.0,-3.7216110995001674,-0.14910109750747935,-0.5090192881088625,0.5090192881088625,0.6941172297719556,21.61018278497431,21.61018278497431
2.3622854001912685,2.3622854001912685,12,0.0,1.9371350235258877,True,movie2:3:12,0.0,3.0,72.0,227.0,116.0,0.0,3.0,65.808,207.478,106.024,3.5359039306640625,1.928940174751901,True,all_groundtruth_centers,original_epoch_098,31,0.33866549022540215,0.6472390671609528,0.68292552717775,14.311046600341797,14.311046600341797,4.972629631585171,training_consistent_log_reconstructed,145,nuclei_movie2_frozen_centers,movie2:component:31,1,0.0,0.008194848773986685,-1.173618530472794,0.3598560884268073,0.6597361577260101,0.6597361577260101,16.673332000533065,16.673332000533065
0.7069443877763959,0.7069443877763941,14,0.5,7.53930185458416,True,movie2:3:14,0.0,3.0,84.0,234.0,103.0,0.0,3.0,76.776,213.876,94.14200000000001,0.9525183516067468,16.10125613418465,True,all_groundtruth_centers,original_epoch_098,32,0.015740182337946208,0.4445005342735754,-0.8956402858795902,11.040395736694336,11.040395736694336,11.354158559111728,training_consistent_log_reconstructed,145,nuclei_movie2_frozen_centers,movie2:component:32,1,0.5,-8.561954279600489,-0.24557396383035268,0.08512565527109466,0.3405026210843786,-0.9363821804420109,11.747340124470732,11.74734012447073
3.788128713978063,3.788128713978063,20,3.640054944640259,24.118072098890888,True,movie2:4:20,0.0,4.0,100.0,184.0,108.0,0.0,4.0,91.4,168.17600000000002,98.712,1.89122929070518,24.94872504204675,True,all_groundtruth_centers,original_epoch_098,33,0.0403811572091812,0.6043178810867369,-0.7957193354074563,14.55845832824707,14.55845832824707,62.49482269665866,training_consistent_log_reconstructed,145,nuclei_movie2_frozen_centers,movie2:component:33,1,3.640054944640259,-0.8306529431558616,1.8968994232728829,-0.3713906800772299,0.5570860021207347,-0.7427813601544598,10.770329614269007,10.770329614269007
2.2387034184856844,2.2387034184856844,16,0.8660254037844386,4.691188526339286,True,movie2:3:16,0.0,3.0,99.0,163.0,140.0,0.0,3.0,90.486,148.982,127.96000000000001,3.6435522162270786,2.940260655589232,True,all_groundtruth_centers,original_epoch_098,34,0.39642411266188876,0.2896062239919348,0.8711923771047171,11.509023666381836,11.509023666381836,5.115312324804748,training_consistent_log_reconstructed,145,nuclei_movie2_frozen_centers,movie2:component:34,1,0.8660254037844386,1.7509278707500542,-1.4048487977413942,0.4364357804719847,0.21821789023599236,0.8728715609439694,13.74772708486752,13.74772708486752
3.4516432898150438,3.4516432898150455,30,1.118033988749895,15.554698185202145,True,movie2:4:30,0.0,4.0,126.0,228.0,62.0,0.0,4.0,115.164,208.392,56.668,6.173086874554176,23.732109604500025,True,all_groundtruth_centers,original_epoch_098,35,0.8296141251140253,0.46484123191477145,0.30929441075332703,10.796163558959963,10.796163558959961,9.962407026480188,training_consistent_log_reconstructed,145,nuclei_movie2_frozen_centers,movie2:component:35,1,1.118033988749895,-8.17741141929788,-2.7214435847391307,0.9124211282466754,0.21055872190307892,0.3509312031717982,14.247806848775006,14.247806848775006
0.5600610702098869,0.5600610702098869,1,0.0,10.075005758859888,True,movie2:3:1,0.0,3.0,150.0,171.0,42.0,0.0,3.0,137.1,156.294,38.388,1.6804057263833663,7.0078740111822295,True,all_groundtruth_centers,original_epoch_098,36,0.9742039849342718,0.16861635295319885,-0.14998373663483366,15.72581195831299,15.725811958312988,9.345316069254425,training_consistent_log_reconstructed,145,nuclei_movie2_frozen_centers,movie2:component:36,1,0.0,3.0671317476776583,-1.1203446561734793,0.9231326591188955,0.3296902408288096,-0.19781415209817146,15.165750888103103,15.165750888103101
0.6703319426971426,0.6703319426971426,8,0.5,18.163025995209285,True,movie2:3:8,0.0,3.0,162.0,83.0,114.0,0.0,3.0,148.068,75.86200000000001,104.196,2.5211955568431073,18.56427498000635,True,all_groundtruth_centers,original_epoch_098,37,0.15352936580196752,0.9836828187401623,0.09379150255675939,16.908063888549805,16.908063888549805,23.99794567493842,training_consistent_log_reconstructed,145,nuclei_movie2_frozen_centers,movie2:component:37,1,0.5,-0.40124898479706417,-1.8508636141459647,0.11377602429060397,0.9102081943248318,0.3982160962097755,17.578395831246947,17.578395831246947
3.0783821472444366,3.078382147244433,14,2.345207879911715,7.871983951696584,True,movie2:4:14,0.0,4.0,166.0,219.0,129.0,0.0,4.0,151.72400000000002,200.166,117.906,1.6439720887958948,53.36485899375452,True,all_groundtruth_centers,original_epoch_098,38,0.18275166217067695,0.9555410621485153,0.2313938385565657,14.12626838684082,14.12626838684082,12.367939317362804,training_consistent_log_reconstructed,145,nuclei_movie2_frozen_centers,movie2:component:38,1,2.345207879911715,-45.49287504205793,1.4344100584485382,0.11624763965260045,0.9299811172208036,0.3487428965411982,17.204650534085257,17.204650534085253
0.08901729893073806,0.08901729893073806,13,0.7071067811865476,10.867065941975742,True,movie2:3:13,0.0,3.0,170.0,68.0,82.0,0.0,3.0,155.38,62.152,74.94800000000001,0.41215441791579366,20.384917456938666,True,all_groundtruth_centers,original_epoch_098,39,0.5495840581897252,0.3483173890375666,-0.7593631275468709,15.076733589172363,15.076733589172363,9.890370592938316,training_consistent_log_reconstructed,145,nuclei_movie2_frozen_centers,movie2:component:39,1,0.7071067811865476,-9.517851514962924,-0.3231371189850556,0.6593804561268665,0.19781413683805996,-0.7253185378472956,15.165750888103101,15.165750888103101
0.2876981864764616,0.2876981864764616,2,0.7071067811865476,4.758004683950871,True,movie2:3:2,0.0,3.0,180.0,157.0,64.0,0.0,3.0,164.52,143.49800000000002,58.496,0.7122904181713618,2.8672215919432595,True,all_groundtruth_centers,original_epoch_098,40,0.07187701983085759,0.9224066203549715,-0.37947295126998726,11.417001724243164,11.417001724243164,8.206785070378336,training_consistent_log_reconstructed,145,nuclei_movie2_frozen_centers,movie2:component:40,1,0.7071067811865476,1.8907830920076112,-0.42459223169490024,0.0,0.9397934277954141,-0.34174305124251747,11.704699910719626,11.704699910719626
2.3689198580014583,2.3689198580014583,4,0.7071067811865476,7.710379199550673,True,movie2:3:4,0.0,3.0,192.0,82.0,78.0,0.0,3.0,175.488,74.94800000000001,71.292,3.763454508994485,12.1948831058034,True,all_groundtruth_centers,original_epoch_098,41,-0.5913259109465132,0.6563843449415094,0.4685010765825216,13.283555984497072,13.28355598449707,14.154708968937094,training_consistent_log_reconstructed,145,nuclei_movie2_frozen_centers,movie2:component:41,1,0.7071067811865476,-4.484503906252727,-1.3945346509930268,-0.5111012519999519,0.6388765649999399,0.574988908499946,15.65247584249853,15.652475842498529
0.20329841426624995,0.2032984142662464,3,0.0,5.309193376618238,True,movie2:3:3,0.0,3.0,216.0,227.0,106.0,0.0,3.0,197.424,207.478,96.884,1.2650404483939752,2.103341781619151,True,all_groundtruth_centers,original_epoch_098,42,-0.0944253868051838,0.9918766233226186,0.08523268406434054,16.826087951660156,16.826087951660156,7.873980336623354,training_consistent_log_reconstructed,145,nuclei_movie2_frozen_centers,movie2:component:42,1,0.0,3.2058515949990873,-1.0617420341277288,-0.05872202255176583,0.9982743731396844,0.0,17.029386365926406,17.029386365926403
0.6941242359236721,0.6941242359236739,17,3.1622776601683795,13.040159877617674,True,movie2:4:17,0.0,4.0,227.0,216.0,62.0,0.0,4.0,207.478,197.424,56.668,1.3937542852868248,12.558262062475714,True,all_groundtruth_centers,original_epoch_098,43,0.7442543621744672,0.6279257574107813,0.2275844624845323,11.3889217376709,11.388921737670898,14.710010493367491,training_consistent_log_reconstructed,145,nuclei_movie2_frozen_centers,movie2:component:43,1,3.1622776601683795,0.4818978151419593,-0.6996300493631509,0.5793241322585062,0.7448452850544783,0.33104237057368013,12.083045973594572,12.083045973594572
0.8956344725438719,0.8956344725438719,0,0.0,6.558199991312727,True,movie2:3:0,0.0,3.0,261.0,134.0,33.0,0.0,3.0,238.554,122.476,30.162000000000003,0.021076362070223453,4.329090352453597,True,all_groundtruth_centers,original_epoch_098,44,0.8779562624821315,0.45975799062917944,-0.13347430921726458,14.966881752014162,14.96688175201416,8.290626816534955,training_consistent_log_reconstructed,145,nuclei_movie2_frozen_centers,movie2:component:44,1,0.0,2.2291096388591303,0.8745581104736484,0.923869764413216,0.35533454239953016,-0.14213381505041364,14.07124727947029,14.071247279470288
0.23027483571683582,0.23027483571683405,6,0.7071067811865476,9.441159606725671,True,movie2:3:6,0.0,3.0,271.0,90.0,72.0,0.0,3.0,247.69400000000002,82.26,65.808,2.3834938587715193,13.2712883280119,True,all_groundtruth_centers,original_epoch_098,45,0.527377522875846,0.22865142608631256,-0.8182856919890705,13.698113441467285,13.698113441467285,15.626579911068614,training_consistent_log_reconstructed,145,nuclei_movie2_frozen_centers,movie2:component:45,1,0.7071067811865476,-3.830128721286229,-2.1532190230546853,0.5025707148443289,0.07179581320498642,-0.861549788339069,13.928388277184121,13.92838827718412
0.962246216568337,0.9622462165683388,18,0.5,8.240093681173851,True,movie2:3:18,0.0,3.0,272.0,209.0,61.0,0.0,3.0,248.608,191.026,55.754000000000005,0.19979574766600017,8.531269148556197,True,all_groundtruth_centers,original_epoch_098,46,0.4990284657515785,-0.5532292646879542,0.6670142210346426,12.491377830505373,12.491377830505371,18.523569204177747,training_consistent_log_reconstructed,145,nuclei_movie2_frozen_centers,movie2:component:46,1,0.5,-0.29117546738234523,0.7624504689023386,-0.5946353380190872,0.44597648682631036,-0.6689647135514606,13.45362404707371,13.45362404707371
1.2321232551746366,1.2321232551746366,20,0.7071067811865476,6.230637371403899,True,movie2:3:20,0.0,3.0,304.0,219.0,112.0,0.0,3.0,277.856,200.166,102.36800000000001,0.893046334284314,10.363062251920185,True,all_groundtruth_centers,original_epoch_098,47,0.014224433438343894,0.3398007819679086,-0.9403898628055047,10.213399887084961,10.213399887084961,11.957711177746388,training_consistent_log_reconstructed,145,nuclei_movie2_frozen_centers,movie2:component:47,1,0.7071067811865476,-4.132424880516286,0.3390769208903226,0.08737040440317814,0.26211120769475904,-0.9610744649792856,11.445523142259598,11.445523142259598
1.2185179772864156,1.2185179772864174,11,0.7071067811865476,5.064448272439807,True,movie2:3:11,0.0,3.0,319.0,120.0,53.0,0.0,3.0,291.56600000000003,109.68,48.442,0.24847974280615048,1.264216175374954,True,all_groundtruth_centers,original_epoch_098,48,-0.4882958376949984,0.8695213011021691,-0.07416118809276848,14.634925842285156,14.634925842285156,12.547100819585365,training_consistent_log_reconstructed,145,nuclei_movie2_frozen_centers,movie2:component:48,1,0.7071067811865476,3.8002320970648533,0.9700382344802669,-0.4472135954999579,0.8944271909999159,0.0,13.41640786499874,13.416407864998739
,,,,,False,,0.0,4.0,26.0,180.0,104.0,0.0,4.0,23.764,164.52,95.056,,,False,all_groundtruth_centers,original_epoch_098,49,,,,,,,training_consistent_log_reconstructed,145,nuclei_movie2_frozen_centers,,,,,,,,,,
0.3625702944028273,0.3625702944028255,18,0.5,2.339842060152061,True,movie2:4:18,0.0,4.0,69.0,92.0,82.0,0.0,4.0,63.066,84.08800000000001,74.94800000000001,1.2356019645173149,5.068742843914387,True,all_groundtruth_centers,original_epoch_098,50,0.89835679474139,-0.43749005938151214,-0.03946539350287981,15.289905548095703,15.289905548095703,11.473832075623061,training_consistent_log_reconstructed,145,nuclei_movie2_frozen_centers,movie2:component:50,1,0.5,-2.7289007837623256,-0.8730316701144893,-0.8944271909999159,0.4472135954999579,0.0,15.65247584249853,15.652475842498529
1.175487434173105,1.1754874341731032,8,0.9013878188659973,11.333002960224729,True,movie2:4:8,0.0,4.0,78.0,205.0,93.0,0.0,4.0,71.292,187.37,85.00200000000001,0.744847413729719,11.641566359547756,True,all_groundtruth_centers,original_epoch_098,51,0.018547080234623894,0.7852691183810012,-0.6188767385609963,13.107369422912596,13.107369422912598,17.995306575603085,training_consistent_log_reconstructed,145,nuclei_movie2_frozen_centers,movie2:component:51,1,0.9013878188659973,-0.30856339932302745,0.43064002044338423,-0.14002800646781788,0.7001400422075033,-0.7001400422075033,14.2828568570857,14.2828568570857
1.188474954854108,1.188474954854108,26,0.7071067811865476,18.892230190254764,True,movie2:4:26,0.0,4.0,81.0,174.0,115.0,0.0,4.0,74.034,159.036,105.11,1.6099193413245683,22.67461293960228,True,all_groundtruth_centers,original_epoch_098,52,0.8418612500034095,-0.12292597261398908,-0.5255081740559338,13.059331893920898,13.059331893920898,41.336855272059154,training_consistent_log_reconstructed,145,nuclei_movie2_frozen_centers,movie2:component:52,1,0.7071067811865476,-3.7823827493475157,-0.42144438647046023,-0.6316761728202276,0.07018624234099748,0.7720486410047236,14.247806848775006,14.247806848775006
0.09927590301934508,0.09927590301934686,5,0.5,22.753915652920835,True,movie2:4:5,0.0,4.0,91.0,109.0,63.0,0.0,4.0,83.174,99.626,57.582,0.1624664436175749,13.340505469323004,True,all_groundtruth_centers,original_epoch_098,53,0.8271503858192235,0.4100029057778444,0.38434340958683555,10.394906044006346,10.394906044006348,14.046234225239527,training_consistent_log_reconstructed,145,nuclei_movie2_frozen_centers,movie2:component:53,1,0.5,9.413410183597831,-0.06319054059822804,0.8741572775225928,0.48564292865673303,0.0,10.295630140987,10.295630140987
,,,,,False,,0.0,4.0,99.0,188.0,49.0,0.0,4.0,90.486,171.832,44.786,,,False,all_groundtruth_centers,original_epoch_098,54,,,,,,,training_consistent_log_reconstructed,145,nuclei_movie2_frozen_centers,,,,,,,,,,
4.6427475709736274,4.642747570973629,7,0.7071067811865476,48.24047554954616,True,movie2:4:7,0.0,4.0,104.0,186.0,90.0,0.0,4.0,95.056,170.00400000000002,82.26,7.05331589269354,59.00735545945983,True,all_groundtruth_centers,original_epoch_098,55,-0.7269282231962567,0.4709351616661056,0.4997953899619844,13.63291931152344,13.632919311523438,69.9943045950875,training_consistent_log_reconstructed,145,nuclei_movie2_frozen_centers,movie2:component:55,1,0.7071067811865476,-10.76687990991367,-2.4105683217199108,0.9849161787504134,0.16415270003309068,-0.05471756489035267,18.275666882497067,18.275666882497067
2.457286445635207,2.457286445635207,4,0.7071067811865476,15.598659417555858,True,movie2:4:4,0.0,4.0,111.0,221.0,55.0,0.0,4.0,101.45400000000001,201.994,50.27,1.6400238394970454,13.672002649432626,True,all_groundtruth_centers,original_epoch_098,56,0.13723570319099365,0.9424759312740237,-0.30480400381037476,13.682258605957033,13.682258605957031,26.002619250251964,training_consistent_log_reconstructed,145,nuclei_movie2_frozen_centers,movie2:component:56,1,0.7071067811865476,1.926656768123232,0.8172626061381614,-0.08908708264076219,0.8908708062144849,-0.44543540310724244,11.224972160321826,11.224972160321824
0.787830632637899,0.787830632637899,2,0.8660254037844386,20.816969211175675,True,movie2:4:2,0.0,4.0,138.0,195.0,40.0,0.0,4.0,126.132,178.23000000000002,36.56,1.9207986914468052,36.06199580961169,True,all_groundtruth_centers,original_epoch_098,57,0.8094245879404248,0.5844250880385728,-0.057263888346669733,12.62857723236084,12.62857723236084,14.72065489544965,training_consistent_log_reconstructed,145,nuclei_movie2_frozen_centers,movie2:component:57,1,0.8660254037844386,-15.245026598436013,-1.1329680588089062,0.7453559785796765,0.596284807920197,0.2981424039600985,13.416407864998739,13.416407864998739
1.977494918075216,1.977494918075216,0,0.7071067811865476,1.6872367492405242,True,movie2:4:0,0.0,4.0,141.0,129.0,35.0,0.0,4.0,128.874,117.906,31.990000000000002,1.0281707246844736,8.974845874421959,True,all_groundtruth_centers,original_epoch_098,58,0.8907554592438613,-0.452192421945282,0.0455711022745518,15.431118965148928,15.431118965148926,3.541128469819102,training_consistent_log_reconstructed,145,nuclei_movie2_frozen_centers,movie2:component:58,1,0.7071067811865476,-7.287609125181435,0.9493241933907424,-0.8919529754965996,0.4459764877482998,-0.07432941462471664,13.453624047073712,13.45362404707371
1.9683325757442383,1.96833257574424,25,2.5495097567963922,12.981225173104209,True,movie2:4:25,0.0,4.0,154.0,172.0,93.0,0.0,4.0,140.756,157.208,85.00200000000001,3.0593090970042205,13.224505917827896,True,all_groundtruth_centers,original_epoch_098,59,0.712548345227213,-0.373690951748922,0.5938265136341974,13.843055725097658,13.843055725097656,25.337604883862614,training_consistent_log_reconstructed,145,nuclei_movie2_frozen_centers,movie2:component:59,1,2.5495097567963922,-0.24328074472368755,-1.0909765212599805,-0.56921000157454,0.31622775996068136,-0.7589466239056353,15.811388300841896,15.811388300841896
,,,,,False,,0.0,4.0,155.0,78.0,140.0,0.0,4.0,141.67000000000002,71.292,127.96000000000001,,,False,all_groundtruth_centers,original_epoch_098,60,,,,,,,training_consistent_log_reconstructed,145,nuclei_movie2_frozen_centers,,,,,,,,,,
0.5612449507480459,0.5612449507480459,9,0.5,20.854278177077344,True,movie2:4:9,0.0,4.0,163.0,70.0,100.0,0.0,4.0,148.982,63.980000000000004,91.4,1.3488366653266368,19.75570120951271,True,all_groundtruth_centers,original_epoch_098,61,-0.06592755975649801,0.9717245288658919,0.22672670082042368,15.121464729309082,15.121464729309082,31.287380531009383,training_consistent_log_reconstructed,145,nuclei_movie2_frozen_centers,movie2:component:61,1,0.5,1.0985769675646324,-0.7875917145785909,-0.13736056394868904,0.8241633836921342,0.5494422557947561,14.560219778561036,14.560219778561036
2.211607342103207,2.211607342103207,15,0.0,6.9437211896297,True,movie2:4:15,0.0,4.0,208.0,152.0,119.0,0.0,4.0,190.112,138.928,108.766,3.5797527764953294,11.0773569377252,True,all_groundtruth_centers,original_epoch_098,62,0.3714212192576299,0.8336129279397746,0.4088224116371945,12.245224952697756,12.245224952697754,11.663213860919734,training_consistent_log_reconstructed,145,nuclei_movie2_frozen_centers,movie2:component:62,1,0.0,-4.1336357480955,-1.3681454343921224,0.27668579372682767,0.8300573564021766,0.4842001204382186,14.456832294800963,14.45683229480096
0.7358075303512575,0.735807530351261,13,0.5,6.95908905089024,True,movie2:4:13,0.0,4.0,230.0,187.0,127.0,0.0,4.0,210.22,170.918,116.078,0.3778100037001604,3.301812882403042,True,all_groundtruth_centers,original_epoch_098,63,-0.632111932504345,0.6503224672050837,0.4213255195616748,13.42438507080078,13.424385070800781,12.985558696292836,training_consistent_log_reconstructed,145,nuclei_movie2_frozen_centers,movie2:component:63,1,0.5,3.657276168487198,0.35799752665110063,-0.6304883213010551,0.7092993697154409,0.31524416065052757,12.688577540449522,12.68857754044952
0.21678188474883342,0.21678188474883342,11,0.7071067811865476,9.260838848034753,True,movie2:4:11,0.0,4.0,248.0,84.0,92.0,0.0,4.0,226.672,76.776,84.08800000000001,0.06996742435680048,18.13437922766406,True,all_groundtruth_centers,original_epoch_098,64,0.8497601292887721,0.22158973565002216,0.4783364001680016,16.372276306152344,16.372276306152344,5.013896606107682,training_consistent_log_reconstructed,145,nuclei_movie2_frozen_centers,movie2:component:64,1,0.7071067811865476,-8.873540379629306,0.14681446039203294,0.8665782412342562,0.061898446832675806,0.49518757466140645,16.15549442140351,16.15549442140351
0.7685774829752425,0.7685774829752443,12,0.5,7.685333051863358,True,movie2:4:12,0.0,4.0,263.0,80.0,145.0,0.0,4.0,240.382,73.12,132.53,1.2772223648239205,19.546382283786592,True,all_groundtruth_centers,original_epoch_098,65,0.8034361429419995,0.3550418709579698,0.477949405357039,14.097491264343263,14.097491264343262,5.661181286980765,training_consistent_log_reconstructed,145,nuclei_movie2_frozen_centers,movie2:component:65,1,0.5,-11.861049231923234,-0.5086448818486762,0.8744746321952062,0.26906912446157655,0.40360367182241985,14.866068747318506,14.866068747318506
0.3292666872088894,0.32926668720888763,1,0.5,14.664506704329254,True,movie2:4:1,0.0,4.0,270.0,183.0,41.0,0.0,4.0,246.78,167.262,37.474000000000004,0.564193666126414,16.326438488547343,True,all_groundtruth_centers,original_epoch_098,66,0.44802458790209615,0.8555121636211562,0.25956291439919704,14.681966781616214,14.681966781616211,16.344552882291204,training_consistent_log_reconstructed,145,nuclei_movie2_frozen_centers,movie2:component:66,1,0.5,-1.6619317842180887,-0.23492697891752634,0.627059712862456,0.6967330142916176,0.3483665071458088,14.352700094407325,14.352700094407323
1.9177837384887937,1.9177837384887937,27,0.8660254037844386,5.734320777350486,True,movie2:4:27,0.0,4.0,275.0,160.0,121.0,0.0,4.0,251.35000000000002,146.24,110.59400000000001,3.797433681319564,9.050356243069466,True,all_groundtruth_centers,original_epoch_098,67,0.2917558560536128,-0.6285419178053389,0.7209809831195343,16.303083419799805,16.303083419799805,9.757736035791858,training_consistent_log_reconstructed,145,nuclei_movie2_frozen_centers,movie2:component:67,1,0.8660254037844386,-3.31603546571898,-1.8796499428307705,-0.3292927799690711,0.5488212999484517,-0.7683498199278325,18.2208671582886,18.2208671582886
1.8707353760807361,1.8707353760807361,10,0.7071067811865476,8.98982711765726,True,movie2:4:10,0.0,4.0,277.0,108.0,85.0,0.0,4.0,253.178,98.712,77.69,3.9678319726236175,4.010986145006305,True,all_groundtruth_centers,original_epoch_098,68,0.4930510282431172,-0.5181007697514557,0.6989079166323371,13.262010574340822,13.26201057434082,15.559134887981676,training_consistent_log_reconstructed,145,nuclei_movie2_frozen_centers,movie2:component:68,1,0.7071067811865476,4.978840972650955,-2.0970965965428814,-0.4625730157530234,0.39649116133834644,-0.7929823226766929,15.132745950421558,15.132745950421556
,,,,,False,,0.0,4.0,281.0,84.0,118.0,0.0,4.0,256.834,76.776,107.852,,,False,all_groundtruth_centers,original_epoch_098,69,,,,,,,training_consistent_log_reconstructed,145,nuclei_movie2_frozen_centers,,,,,,,,,,
2.4179534608221616,2.4179534608221633,23,0.5,2.3212834890533607,True,movie2:4:23,0.0,4.0,300.0,124.0,59.0,0.0,4.0,274.2,113.336,53.926,2.4874241044132557,1.1043897617156428,True,all_groundtruth_centers,original_epoch_098,70,0.7890951102548264,-0.38911682766106626,-0.47530727051341365,11.54628658294678,11.546286582946777,4.389904148240334,training_consistent_log_reconstructed,145,nuclei_movie2_frozen_centers,movie2:component:70,1,0.5,1.2168937273377178,-0.06947064359109234,-0.7877263687176975,0.35805743459494255,0.5012804021285078,13.96424004376894,13.96424004376894
3.8949276614429227,3.8949276614429245,19,0.0,4.2244246345239675,True,movie2:4:19,0.0,4.0,306.0,174.0,79.0,0.0,4.0,279.684,159.036,72.206,4.302255400402366,2.0422382668249255,True,all_groundtruth_centers,original_epoch_098,71,0.36851040744762564,0.5102931196802261,-0.7770463381355113,13.937626838684084,13.937626838684082,6.430518262061872,training_consistent_log_reconstructed,145,nuclei_movie2_frozen_centers,movie2:component:71,1,0.0,2.182186367699042,-0.40732773895944163,0.39254050046720995,0.560772182150468,-0.729003782719373,17.832554500127006,17.832554500127006
0.9561065315967063,0.9561065315967046,29,0.7071067811865476,25.550426051681043,True,movie2:4:29,0.0,4.0,307.0,221.0,87.0,0.0,4.0,280.598,201.994,79.518,2.533380369370702,17.757216415923683,True,all_groundtruth_centers,original_epoch_098,72,0.3860195056997112,0.49545394961735045,0.7781480097178933,12.082298278808594,12.082298278808594,43.38662697375891,training_consistent_log_reconstructed,145,nuclei_movie2_frozen_centers,movie2:component:72,1,0.7071067811865476,7.793209635757361,-1.5772738377739977,0.3834824944236852,0.07669649888473705,0.9203579866168444,13.0384048104053,13.038404810405298
0.6211007349567002,0.6211007349566984,6,0.8660254037844386,15.699050094960002,True,movie2:4:6,0.0,4.0,322.0,88.0,78.0,0.0,4.0,294.308,80.432,71.292,0.2826276696371792,6.323011217522016,True,all_groundtruth_centers,original_epoch_098,73,0.8274584009766565,0.5503435134657672,-0.1115105907046944,14.36882781982422,14.368827819824219,12.679149359428573,training_consistent_log_reconstructed,145,nuclei_movie2_frozen_centers,movie2:component:73,1,0.8660254037844386,9.376038877437987,0.33847306531951915,0.727392967453308,0.5819143739626463,-0.363696483726654,13.74772708486752,13.74772708486752
1.7034188229563672,1.703418822956369,2,0.0,17.51702294481836,True,movie2:5:2,0.0,5.0,40.0,126.0,86.0,0.0,5.0,36.56,115.164,78.604,2.9312673330934587,18.348517772022443,True,all_groundtruth_centers,original_epoch_098,74,0.8283092426798374,-0.18698120427806456,-0.5281494369379549,15.44300937652588,15.443009376525879,35.40426603313616,training_consistent_log_reconstructed,145,nuclei_movie2_frozen_centers,movie2:component:74,1,0.0,-0.8314948272040823,-1.2278485101370897,-0.6415330040950668,0.11664237110960517,0.7581754163244072,17.146428199482248,17.146428199482248
2.221567334153251,2.2215673341532494,12,0.5,4.244470776794193,True,movie2:5:12,0.0,5.0,84.0,165.0,93.0,0.0,5.0,76.776,150.81,85.00200000000001,2.704240783691663,11.280697335865263,True,all_groundtruth_centers,original_epoch_098,75,0.4949701960570314,0.6454879657742705,-0.581678425812629,13.558166503906248,13.55816650390625,5.198801086664012,training_consistent_log_reconstructed,145,nuclei_movie2_frozen_centers,movie2:component:75,1,0.5,-7.0362265590710695,-0.48267344953841373,0.44360695721344523,0.633724256878269,-0.633724256878269,15.7797338380595,15.7797338380595
0.26071218828658616,0.26071218828658616,5,0.7071067811865476,11.458762463325767,True,movie2:5:5,0.0,5.0,92.0,61.0,92.0,0.0,5.0,84.08800000000001,55.754000000000005,84.08800000000001,0.7597868260578835,10.390754930423887,True,all_groundtruth_centers,original_epoch_098,76,0.7723595939011317,-0.573971544936335,0.2720612491926692,15.557770729064941,15.557770729064941,21.6090184412276,training_consistent_log_reconstructed,145,nuclei_movie2_frozen_centers,movie2:component:76,1,0.7071067811865476,1.0680075329018806,-0.49907463777129735,-0.7190925097934088,0.5229763532251236,-0.4576043010356952,15.297058540778355,15.297058540778355
1.214634232935424,1.214634232935424,8,0.5,3.7621311756218963,True,movie2:5:8,0.0,5.0,116.0,225.0,105.0,0.0,5.0,106.024,205.65,95.97,1.494952922040504,3.561956772249358,True,all_groundtruth_centers,original_epoch_098,77,0.5053740291986076,0.5563852059000599,0.6595700063428543,14.971779823303223,14.971779823303223,5.1140682952204175,training_consistent_log_reconstructed,145,nuclei_movie2_frozen_centers,movie2:component:77,1,0.5,0.2001744033725381,-0.28031868910507995,0.5560218496509309,0.5560218496509309,0.6178020762521887,16.186414056238647,16.186414056238647
0.9750336206017618,0.97503362060176,3,0.7071067811865476,10.680468900164236,True,movie2:5:3,0.0,5.0,126.0,218.0,94.0,0.0,5.0,115.164,199.252,85.916,2.84853141496777,9.438624024672873,True,all_groundtruth_centers,original_epoch_098,78,-0.19704747054403313,0.9719119420085683,-0.1286836094198936,15.456643104553224,15.456643104553223,20.769635132220355,training_consistent_log_reconstructed,145,nuclei_movie2_frozen_centers,movie2:component:78,1,0.7071067811865476,1.2418448754913634,-1.8734977943660098,-0.36514835363390513,0.9128709381933793,-0.18257417681695257,16.431676725154986,16.431676725154983
3.5066494918554945,3.5066494918554945,4,0.0,14.404021082057335,True,movie2:5:4,0.0,5.0,136.0,79.0,105.0,0.0,5.0,124.304,72.206,95.97,3.905938757351855,10.345624760440641,True,all_groundtruth_centers,original_epoch_098,79,0.5366698921380177,0.7050160030433652,-0.4636139151549768,12.555728912353516,12.555728912353516,24.406552436549244,training_consistent_log_reconstructed,145,nuclei_movie2_frozen_centers,movie2:component:79,1,0.0,4.058396321616694,-0.39928926549636046,0.3112864137135935,0.8093446401049982,-0.49805825178450813,16.06237840420901,16.06237840420901
1.1249953704945934,1.1249953704945934,15,0.5,9.890618657943984,True,movie2:5:15,0.0,5.0,141.0,157.0,100.0,0.0,5.0,128.874,143.49800000000002,91.4,0.08089693681455401,8.626614915660431,True,all_groundtruth_centers,original_epoch_098,80,-0.4122243661356037,0.8961357739689346,-0.16435250706088478,9.645334243774414,9.645334243774414,18.113880406497994,training_consistent_log_reconstructed,145,nuclei_movie2_frozen_centers,movie2:component:80,1,0.5,1.2640037422835526,1.0440984336800394,-0.37139067014889343,0.9284766933673434,0.0,10.770329614269007,10.770329614269007
0.32662444046681216,0.3266244404668104,18,0.7071067811865476,8.327842000513868,True,movie2:5:18,0.0,5.0,153.0,225.0,132.0,0.0,5.0,139.842,205.65,120.64800000000001,0.9777044354457711,12.001156243343626,True,all_groundtruth_centers,original_epoch_098,81,0.42842950663631146,-0.2906573284557299,0.855550393172924,11.505535125732422,11.505535125732422,17.251242724359752,training_consistent_log_reconstructed,145,nuclei_movie2_frozen_centers,movie2:component:81,1,0.7071067811865476,-3.6733142428297576,-0.6510799949789607,-0.5070925420471512,0.16903085879294602,-0.8451542596330431,11.832159566199234,11.832159566199232
3.7896061083396404,3.7896061083396404,0,0.7071067811865476,10.815721111057131,True,movie2:5:0,0.0,5.0,197.0,132.0,38.0,0.0,5.0,180.058,120.64800000000001,34.732,3.194083285544778,83.29144612736282,True,all_groundtruth_centers,original_epoch_098,82,0.6750381987871242,-0.3095016488313,0.6697254359429254,12.51990032196045,12.51990032196045,19.09426121678007,training_consistent_log_reconstructed,145,nuclei_movie2_frozen_centers,movie2:component:82,1,0.7071067811865476,-72.47572501630569,0.5955228227948623,-0.5518254118961022,0.24525574050011478,-0.7970811354795931,16.30950643030009,16.30950643030009
1.786607737743127,1.7866077377431253,17,0.0,7.980457395674567,True,movie2:5:17,0.0,5.0,209.0,67.0,147.0,0.0,5.0,191.026,61.238,134.358,2.416204022681166,21.19537528977829,True,all_groundtruth_centers,original_epoch_098,83,0.869718299190293,0.04707314002947309,0.49129848314574476,9.571208953857422,9.571208953857422,5.55313155304633,training_consistent_log_reconstructed,145,nuclei_movie2_frozen_centers,movie2:component:83,1,0.0,-13.214917894103724,-0.6295962849380405,0.8804509072705594,0.17609017535927687,0.4402254536352797,11.357816691600549,11.357816691600547
2.174812403497045,2.1748124034970466,7,0.5,1.7284782418460851,True,movie2:5:7,0.0,5.0,228.0,165.0,115.0,0.0,5.0,208.392,150.81,105.11,3.5673337602317616,2.46025038430301,True,all_groundtruth_centers,original_epoch_098,84,0.08574790201092493,0.5506723104678606,0.8303055484487099,13.668167114257814,13.668167114257812,5.820128237578829,training_consistent_log_reconstructed,145,nuclei_movie2_frozen_centers,movie2:component:84,1,0.5,-0.731772142456925,-1.392521356734715,0.0631194358426719,0.5680749606845786,0.8205527258269985,15.84297951775486,15.84297951775486
1.6925783892171005,1.6925783892171005,13,0.0,6.238109497931161,True,movie2:5:13,0.0,5.0,234.0,106.0,46.0,0.0,5.0,213.876,96.884,42.044000000000004,2.367926407604955,8.69231774472822,True,all_groundtruth_centers,original_epoch_098,85,0.7832361640855224,-0.6151462148428688,0.09020113986579054,10.349016189575195,10.349016189575195,13.297027057848869,training_consistent_log_reconstructed,145,nuclei_movie2_frozen_centers,movie2:component:85,1,0.0,-2.4542082467970587,-0.6753480183878544,-0.7474093327564348,0.6643638229980474,0.0,12.041594578792296,12.041594578792296
2.9301109313964826,2.9301109313964844,16,0.5,8.565674598066913,True,movie2:5:16,0.0,5.0,238.0,200.0,111.0,0.0,5.0,217.532,182.8,101.45400000000001,3.566215153415243,7.287669527478537,True,all_groundtruth_centers,original_epoch_098,86,0.023910088573282768,0.9888457889246256,-0.1470112696035674,11.930110931396483,11.930110931396484,12.543533000583963,training_consistent_log_reconstructed,145,nuclei_movie2_frozen_centers,movie2:component:86,1,0.5,1.2780050705883763,-0.6361042220187585,0.0,1.0,0.0,9.0,9.0
0.668404110931144,0.6684041109311458,1,0.5,13.67772361715727,True,movie2:5:1,0.0,5.0,255.0,178.0,66.0,0.0,5.0,233.07000000000002,162.692,60.324000000000005,2.1724376555877676,19.369940055877116,True,all_groundtruth_centers,original_epoch_098,87,0.9760229233190321,0.1926859245894085,0.10124913639580183,14.984071731567383,14.984071731567383,5.884264802026672,training_consistent_log_reconstructed,145,nuclei_movie2_frozen_centers,movie2:component:87,1,0.5,-5.692216438719846,-1.5040335446566218,0.9583148490797371,0.2555506212604943,-0.12777531063024716,15.652475842498527,15.652475842498529
3.309413526087722,3.30941352608772,9,0.5,4.391722232604631,True,movie2:5:9,0.0,5.0,273.0,76.0,85.0,0.0,5.0,249.52200000000002,69.464,77.69,3.731111718341026,9.123696032748182,True,all_groundtruth_centers,original_epoch_098,88,0.8711336749738469,-0.4115214972425265,0.2679107643112335,14.29740333557129,14.297403335571289,8.607793987627549,training_consistent_log_reconstructed,145,nuclei_movie2_frozen_centers,movie2:component:88,1,0.5,-4.7319738001435505,-0.42169819225330585,-0.8519427428786249,0.3975732944630285,-0.3407771095397388,17.606816861659013,17.60681686165901
0.9798616942084486,0.9798616942084468,6,0.7071067811865476,3.20771155441859,True,movie2:5:6,0.0,5.0,293.0,136.0,92.0,0.0,5.0,267.802,124.304,84.08800000000001,2.6255335392524763,13.62376191860833,True,all_groundtruth_centers,original_epoch_098,89,0.49273360150464435,-0.10490888141444792,0.8638331578196289,12.096835136413574,12.096835136413574,7.464022323654301,training_consistent_log_reconstructed,145,nuclei_movie2_frozen_centers,movie2:component:89,1,0.7071067811865476,-10.41605036418974,-1.6456718450440295,-0.5353034010613684,0.07647191079289473,-0.8411910102181401,13.076696830622023,13.076696830622021
1.3539286942600874,1.3539286942600857,14,0.5,12.864932029427413,True,movie2:5:14,0.0,5.0,303.0,108.0,94.0,0.0,5.0,276.942,98.712,85.916,1.8415391337169815,16.426726624287163,True,all_groundtruth_centers,original_epoch_098,90,-0.4362617285172226,0.8957457116698477,0.08552966886550652,12.755682945251467,12.755682945251465,25.85526972174038,training_consistent_log_reconstructed,145,nuclei_movie2_frozen_centers,movie2:component:90,1,0.5,-3.56179459485975,-0.48761043945689586,-0.6139406318892063,0.7893522030852148,0.0,11.40175425099138,11.40175425099138
1.2669221361224672,1.2669221361224619,20,0.5,9.389718408547374,True,movie2:5:20,0.0,5.0,309.0,81.0,109.0,0.0,5.0,282.426,74.034,99.626,1.6066436767578125,12.155535036110695,True,all_groundtruth_centers,original_epoch_098,91,0.655081482230879,0.7552508771366166,-0.021549111874172484,15.619622230529789,15.619622230529785,10.777925109276872,training_consistent_log_reconstructed,145,nuclei_movie2_frozen_centers,movie2:component:91,1,0.5,-2.7658166275633214,-0.33972154063535065,0.627059713616264,0.7664063166421002,0.13934659439892272,14.352700094407322,14.352700094407323
1.753555873308537,1.7535558733085388,4,0.5,8.77400652099371,True,movie2:6:4,0.0,6.0,108.0,169.0,52.0,0.0,6.0,98.712,154.466,47.528,1.4383206741772323,6.257234215921201,True,all_groundtruth_centers,original_epoch_098,92,0.5284914590519473,0.2927273934570515,-0.796873547577647,10.974366188049318,10.974366188049316,9.827514903924323,training_consistent_log_reconstructed,145,nuclei_movie2_frozen_centers,movie2:component:92,1,0.5,2.516772305072509,0.3152351991313065,0.3928371086724435,0.3142696815290108,-0.8642416174435995,12.727922061357855,12.727922061357855
5.295718284321117,5.295718284321115,3,0.0,7.197406478106862,True,movie2:6:3,0.0,6.0,158.0,67.0,115.0,0.0,6.0,144.412,61.238,105.11,7.6689522287644465,5.827036818975763,True,all_groundtruth_centers,original_epoch_098,93,0.425279938003301,-0.5112728634827578,0.7468179385888168,11.850709915161135,11.850709915161133,13.233624389019752,training_consistent_log_reconstructed,145,nuclei_movie2_frozen_centers,movie2:component:93,1,0.0,1.3703696591310983,-2.3732339444433315,-0.40824829046386296,0.40824829046386296,-0.8164965809277259,17.14642819948225,17.146428199482248
3.140569712860895,3.140569712860895,0,0.7071067811865476,42.88304286356435,True,movie2:6:0,0.0,6.0,188.0,117.0,39.0,0.0,6.0,171.832,106.938,35.646,3.3756977815449183,36.074560306116844,True,all_groundtruth_centers,original_epoch_098,94,0.29215741844476906,0.6990798337609427,0.6526342228817462,14.151046752929688,14.151046752929688,52.08277705901407,training_consistent_log_reconstructed,145,nuclei_movie2_frozen_centers,movie2:component:94,1,0.7071067811865476,6.808482557447505,-0.23512806868402336,0.17349448947429322,0.05783149649143107,0.9831353824044865,17.291616465790582,17.291616465790582
2.535145757775637,2.5351457577756378,8,0.5,6.715568864403457,True,movie2:6:8,0.0,6.0,190.0,148.0,97.0,0.0,6.0,173.66,135.272,88.658,1.5464897340012556,8.332483141036061,True,all_groundtruth_centers,original_epoch_098,95,0.9904098856016433,-0.08968337969438397,-0.10509590814647736,9.606213569641113,9.606213569641113,22.190251412891122,training_consistent_log_reconstructed,145,nuclei_movie2_frozen_centers,movie2:component:95,1,0.5,-1.6169142766326043,0.9886560237743822,-0.9899494942587161,0.1414213520544613,0.0,7.071067811865476,7.0710678118654755
2.085521775840615,2.085521775840615,1,0.5,4.379540650540208,True,movie2:6:1,0.0,6.0,211.0,65.0,88.0,0.0,6.0,192.854,59.410000000000004,80.432,1.9762782307871838,7.404464609983821,True,all_groundtruth_centers,original_epoch_098,96,0.9252880002177994,0.3731269899043365,0.06795856132875895,11.934379577636719,11.934379577636719,7.828717151859099,training_consistent_log_reconstructed,145,nuclei_movie2_frozen_centers,movie2:component:96,1,0.5,-3.024923959443613,0.10924354505343103,0.9138115486202573,0.4061384660534476,0.0,9.848857801796104,9.848857801796104
0.061992467368119364,0.06199246736811759,6,0.7071067811865476,2.931640349418899,True,movie2:6:6,0.0,6.0,211.0,98.0,57.0,0.0,6.0,192.854,89.572,52.098,0.6788993777256156,5.180454871376568,True,all_groundtruth_centers,original_epoch_098,97,-0.1110238071945906,0.8134172799100826,-0.5709869026341154,12.307324409484862,12.307324409484863,6.451579111541339,training_consistent_log_reconstructed,145,nuclei_movie2_frozen_centers,movie2:component:97,1,0.7071067811865476,-2.2488145219576694,-0.616906910357498,-0.16169041669088866,0.8084520834544433,-0.5659164584181103,12.36931687685298,12.36931687685298
0.6566512634101329,0.6566512634101329,2,0.7071067811865476,7.8902623344368,True,movie2:6:2,0.0,6.0,221.0,139.0,137.0,0.0,6.0,201.994,127.046,125.218,0.3827210190042507,11.027223147958562,True,all_groundtruth_centers,original_epoch_098,98,-0.4160042848813146,0.6421043215660414,-0.6439273834731676,16.106403350830078,16.106403350830078,16.881480329337037,training_consistent_log_reconstructed,145,nuclei_movie2_frozen_centers,movie2:component:98,1,0.7071067811865476,-3.136960813521762,0.2739302444058822,-0.5368950070025345,0.5965499775608698,-0.5965499775608698,16.76305461424021,16.76305461424021
0.801514971232935,0.801514971232935,9,0.8660254037844386,12.159977462055826,True,movie2:6:9,0.0,6.0,227.0,184.0,148.0,0.0,6.0,207.478,168.17600000000002,135.272,0.32265087903505396,11.93924495099899,True,all_groundtruth_centers,original_epoch_098,99,0.9805769283514236,-0.0016951740817065877,-0.19612754515804195,12.236889839172363,12.236889839172363,158.4929060451737,training_consistent_log_reconstructed,145,nuclei_movie2_frozen_centers,movie2:component:99,1,0.8660254037844386,0.2207325110568359,0.47886409219788106,0.9203579821144976,0.07669650006523042,-0.38348250499321895,13.038404810405298,13.038404810405298
1.5104667361985094,1.5104667361985094,7,0.5,11.955241430151569,True,movie2:6:7,0.0,6.0,270.0,114.0,65.0,0.0,6.0,246.78,104.196,59.410000000000004,2.54042842873179,12.603379018420659,True,all_groundtruth_centers,original_epoch_098,100,0.4119446581024664,0.5814769717047735,-0.7015597836520335,14.077990531921387,14.077990531921387,13.912271045819782,training_consistent_log_reconstructed,145,nuclei_movie2_frozen_centers,movie2:component:100,1,0.5,-0.6481375882690905,-1.0299616925332806,0.32075014891844916,0.4490502033719513,-0.8339503923018454,15.588457268119896,15.588457268119896
1.409691620323768,1.409691620323768,5,0.5,10.777291548644905,True,movie2:6:5,0.0,6.0,294.0,160.0,46.0,0.0,6.0,268.716,146.24,42.044000000000004,0.6349309895870352,10.21052151230649,True,all_groundtruth_centers,original_epoch_098,101,-0.628805469876951,0.7654439911969093,0.1367449355309834,10.843672752380371,10.843672752380371,18.842036705834488,training_consistent_log_reconstructed,145,nuclei_movie2_frozen_centers,movie2:component:101,1,0.5,0.5667700363384149,0.7747606307367327,-0.5299989461287924,0.8479983001765802,0.0,9.433981132056603,9.433981132056603
1.4068020654422888,1.4068020654422888,8,0.7071067811865476,17.950028512203613,True,movie2:7:8,0.0,7.0,38.0,124.0,142.0,0.0,7.0,34.732,113.336,129.788,2.9122959540061153,28.57124949978803,True,all_groundtruth_centers,original_epoch_098,102,0.35208099943750537,-0.33660713183215213,0.873346786010471,15.115909576416016,15.115909576416016,28.82618978231391,training_consistent_log_reconstructed,145,nuclei_movie2_frozen_centers,movie2:component:102,1,0.7071067811865476,-10.621220987584419,-1.5054938885638265,-0.24209101306752098,0.060522753266880246,-0.9683640522700839,16.522711641858304,16.522711641858304
2.0857463802398346,2.0857463802398364,3,0.5,18.514722453994032,True,movie2:7:3,0.0,7.0,43.0,99.0,83.0,0.0,7.0,39.302,90.486,75.86200000000001,2.0072036155131965,18.99902999286915,True,all_groundtruth_centers,original_epoch_098,103,0.3150496834828499,0.7726160673764076,0.5511879074954115,10.759486198425295,10.759486198425293,21.801188251909608,training_consistent_log_reconstructed,145,nuclei_movie2_frozen_centers,movie2:component:103,1,0.5,-0.4843075388751181,0.0785427647266399,0.3113995819740959,0.5449492430594776,0.7784989549352399,12.84523257866513,12.84523257866513
0.5142688715083068,0.5142688715083068,15,0.5,7.267605096097961,True,movie2:7:15,0.0,7.0,67.0,69.0,99.0,0.0,7.0,61.238,63.066,90.486,0.3013993236653807,11.061221703006206,True,all_groundtruth_centers,original_epoch_098,104,0.3848622695819427,0.6654554464856421,0.6395702324177,14.65640449523926,14.656404495239258,8.085114352432297,training_consistent_log_reconstructed,145,nuclei_movie2_frozen_centers,movie2:component:104,1,0.5,-3.7936166069082446,0.2128695478429261,0.424264060380016,0.5656854138400215,0.707106795073068,14.142135623730953,14.142135623730951
,,,,,False,,0.0,8.0,87.0,204.0,60.0,0.0,8.0,79.518,186.45600000000002,54.84,,,False,all_groundtruth_centers,original_epoch_098,105,,,,,,,training_consistent_log_reconstructed,145,nuclei_movie2_frozen_centers,,,,,,,,,,
1.0365274948008167,1.0365274948008167,13,0.5,4.432909593973154,True,movie2:7:13,0.0,7.0,94.0,213.0,131.0,0.0,7.0,85.916,194.68200000000002,119.73400000000001,1.5429101814434603,2.8891016196451575,True,all_groundtruth_centers,original_epoch_098,106,0.9495725744663351,-0.04291792343932167,-0.3105961649296929,11.806857109069824,11.806857109069824,10.643615312647897,training_consistent_log_reconstructed,145,nuclei_movie2_frozen_centers,movie2:component:106,1,0.5,1.5438079743279962,-0.5063826866426435,-0.928476692978359,0.0,0.37139067112135454,10.770329614269007,10.770329614269007
1.6902090105155718,1.69020901051557,4,0.5,3.8645201977930626,True,movie2:7:4,0.0,7.0,115.0,71.0,96.0,0.0,7.0,105.11,64.894,87.744,1.0248921800861055,8.39512589362355,True,all_groundtruth_centers,original_epoch_098,107,0.6441299009657405,0.584071234597295,0.4939205033179498,11.037713050842285,11.037713050842285,7.258406033718081,training_consistent_log_reconstructed,145,nuclei_movie2_frozen_centers,movie2:component:107,1,0.5,-4.530605695830488,0.6653168304294645,0.6285393789831681,0.5499719306780362,0.5499719306780362,12.727922061357857,12.727922061357855
0.4282103179434138,0.42821031794341025,10,0.5,6.2566226194448324,True,movie2:7:10,0.0,7.0,115.0,245.0,66.0,0.0,7.0,105.11,223.93,60.324000000000005,1.365036650757446,9.023908932706776,True,all_groundtruth_centers,original_epoch_098,108,0.985313096071643,-0.17072402190686245,-0.0033780251121818894,15.603009223937988,15.603009223937988,15.54465501327537,training_consistent_log_reconstructed,145,nuclei_movie2_frozen_centers,movie2:component:108,1,0.5,-2.767286313261944,-0.9368263328140358,-0.9980525784828885,0.06237828615518053,0.0,16.031219541881402,16.0312195418814
3.9152442827006126,3.9152442827006126,7,0.7071067811865476,9.76922194246564,True,movie2:7:7,0.0,7.0,141.0,201.0,109.0,0.0,7.0,128.874,183.714,99.626,3.878148691432873,8.765523221305385,True,all_groundtruth_centers,original_epoch_098,109,-0.521487573200999,0.7539647007915465,-0.39948459414256066,11.864489555358888,11.864489555358887,18.435008883700824,training_consistent_log_reconstructed,145,nuclei_movie2_frozen_centers,movie2:component:109,1,0.7071067811865476,1.003698721160255,0.037095591267739536,-0.6337242523784553,0.6337242523784553,-0.4436069700700564,15.779733838059501,15.7797338380595
2.851771561963014,2.851771561963016,16,0.5,7.8830708505836276,True,movie2:7:16,0.0,7.0,154.0,63.0,157.0,0.0,7.0,140.756,57.582,143.49800000000002,1.7266076319293546,11.439733927447321,True,all_groundtruth_centers,original_epoch_098,110,0.9156142736957313,-0.4011420048117262,0.027121832170179588,15.099220275878904,15.099220275878906,15.675924476655718,training_consistent_log_reconstructed,145,nuclei_movie2_frozen_centers,movie2:component:110,1,0.5,-3.5566630768636935,1.1251639300336613,-0.8981462390204986,0.408248290463863,-0.16329931618554522,12.24744871391589,12.24744871391589
1.140592788949922,1.1405927889499203,1,0.7071067811865476,3.1635665045759835,True,movie2:7:1,0.0,7.0,156.0,101.0,75.0,0.0,7.0,142.584,92.31400000000001,68.55,0.8617000438614824,7.396494867543814,True,all_groundtruth_centers,original_epoch_098,111,-0.6884171044630261,0.7243782935952164,-0.03685075373483766,11.770738601684572,11.77073860168457,7.621267399985453,training_consistent_log_reconstructed,145,nuclei_movie2_frozen_centers,movie2:component:111,1,0.7071067811865476,-4.232928362967831,0.278892745088438,-0.6585046264041882,0.7525766784881661,0.0,10.63014581273465,10.63014581273465
1.808525470012281,1.808525470012281,14,0.5,16.754592868541316,True,movie2:7:14,0.0,7.0,162.0,89.0,134.0,0.0,7.0,148.068,81.346,122.476,1.4540908035446236,16.279219780163057,True,all_groundtruth_centers,original_epoch_098,112,0.22260201343268698,0.16160296004147176,0.9614222937510595,13.35722541809082,13.35722541809082,27.66997362411105,training_consistent_log_reconstructed,145,nuclei_movie2_frozen_centers,movie2:component:112,1,0.5,0.47537308837825876,0.3544346664676574,-0.06593804833795398,0.13187609667590797,0.9890707097608887,15.165750888103101,15.165750888103101
4.444780958584765,4.444780958584765,6,0.5,4.422700413874804,True,movie2:7:6,0.0,7.0,199.0,114.0,88.0,0.0,7.0,181.886,104.196,80.432,5.101566001038208,17.295185704967626,True,all_groundtruth_centers,original_epoch_098,113,0.48344982003060055,0.41141758420826835,-0.7726654145984615,12.759869575500488,12.759869575500488,4.952112237986053,training_consistent_log_reconstructed,145,nuclei_movie2_frozen_centers,movie2:component:113,1,0.5,-12.872485291092822,-0.6567850424534427,0.46499055497527725,0.34874291623145787,-0.813733471206735,17.204650534085253,17.204650534085253
0.09582799832504563,0.09582799832504563,11,0.5,4.19686569259009,True,movie2:7:11,0.0,7.0,222.0,210.0,101.0,0.0,7.0,202.90800000000002,191.94,92.31400000000001,1.8440425445380626,4.883595857145241,True,all_groundtruth_centers,original_epoch_098,114,0.7999322616857686,0.37286667037205784,-0.4701901985791987,14.601110458374023,14.601110458374023,2.674650935952198,training_consistent_log_reconstructed,145,nuclei_movie2_frozen_centers,movie2:component:114,1,0.5,-0.6867301645551507,-1.748214546213017,0.816496580927726,0.408248290463863,-0.408248290463863,14.696938456699069,14.696938456699069
3.281658869137946,3.2816588691379422,2,0.7071067811865476,9.43862838618827,True,movie2:7:2,0.0,7.0,226.0,85.0,74.0,0.0,7.0,206.56400000000002,77.69,67.636,4.3099782889298375,5.827617804624039,True,all_groundtruth_centers,original_epoch_098,115,-0.1720719247338652,0.9307593486544766,-0.3226116668855566,15.184526443481445,15.184526443481445,15.113068948283793,training_consistent_log_reconstructed,145,nuclei_movie2_frozen_centers,movie2:component:115,1,0.7071067811865476,3.611010581564231,-1.0283194197918952,-0.05415303448224121,0.9747546514678492,-0.21661213792896483,18.46618531261939,18.466185312619388
0.32855465402282213,0.3285546540228239,9,0.7071067811865476,15.798813504482762,True,movie2:7:9,0.0,7.0,265.0,227.0,145.0,0.0,7.0,242.21,207.478,132.53,1.1858399443001701,14.2472496346121,True,all_groundtruth_centers,original_epoch_098,116,0.8551425229169844,0.31806219992796403,0.40935034197635467,14.571109771728517,14.571109771728516,11.82124227060726,training_consistent_log_reconstructed,145,nuclei_movie2_frozen_centers,movie2:component:116,1,0.7071067811865476,1.5515638698706624,-0.8572852902773462,0.9396184802452081,0.06711560496608929,0.3355780194704674,14.89966442575134,14.89966442575134
4.125620258673777,4.125620258673777,5,0.8660254037844386,10.20017079789663,True,movie2:7:5,0.0,7.0,285.0,191.0,114.0,0.0,7.0,260.49,174.574,104.196,5.981737922602072,22.146126607715892,True,all_groundtruth_centers,original_epoch_098,117,0.5631621939856863,0.26567590908427346,0.782473421016633,12.122456550598145,12.122456550598145,17.753103100954082,training_consistent_log_reconstructed,145,nuclei_movie2_frozen_centers,movie2:component:117,1,0.8660254037844386,-11.945955809819262,-1.8561176639282948,0.49236596078033584,0.12309149019508396,0.8616404387599333,16.24807680927192,16.24807680927192
0.6633125501955455,0.6633125501955455,12,0.5,11.73353683154651,True,movie2:7:12,0.0,7.0,326.0,182.0,102.0,0.0,7.0,297.964,166.348,93.22800000000001,0.5238610859991173,13.71041489714835,True,all_groundtruth_centers,original_epoch_098,118,-0.1973585877718374,0.3561445237907139,0.9133513376607009,10.150145530700684,10.150145530700684,17.03057740421169,training_consistent_log_reconstructed,145,nuclei_movie2_frozen_centers,movie2:component:118,1,0.5,-1.9768780656018397,0.13945146419642818,0.0,0.3162277533727837,0.9486833022651984,9.486832980505138,9.486832980505138
2.3975858688354474,2.397585868835449,1,0.0,8.211173772494549,True,movie2:8:1,0.0,8.0,81.0,84.0,98.0,0.0,8.0,74.034,76.776,89.572,3.270411491394043,5.472625553857522,True,all_groundtruth_centers,original_epoch_098,119,0.14280306378993846,0.9897483967170307,0.00232296540515423,12.602414131164553,12.60241413116455,15.136327107274575,training_consistent_log_reconstructed,145,nuclei_movie2_frozen_centers,movie2:component:119,1,0.0,2.7385482186370265,-0.8728256225585938,0.0,1.0,0.0,15.0,15.0
0.63393955275785,0.63393955275785,7,0.5,17.294308244802007,True,movie2:8:7,0.0,8.0,131.0,249.0,124.0,0.0,8.0,119.73400000000001,227.586,113.336,1.2658809636470938,22.458202578692802,True,all_groundtruth_centers,original_epoch_098,120,0.7450166833858707,-0.6094681140475857,0.2711065462802335,10.067920684814453,10.067920684814453,36.16777709239962,training_consistent_log_reconstructed,145,nuclei_movie2_frozen_centers,movie2:component:120,1,0.5,-5.163894333890795,-0.6319414108892438,-0.8479983144557922,0.5299989232820528,0.0,9.433981132056603,9.433981132056603
1.9377302702582515,1.9377302702582515,8,0.0,38.78097771756009,True,movie2:8:8,0.0,8.0,144.0,121.0,64.0,0.0,8.0,131.616,110.59400000000001,58.496,1.8943108932225066,24.593215426979516,True,all_groundtruth_centers,original_epoch_098,121,0.6265024226590284,0.7625535230061365,-0.16126636026554922,11.13896656036377,11.13896656036377,47.02676472957072,training_consistent_log_reconstructed,145,nuclei_movie2_frozen_centers,movie2:component:121,1,0.0,14.187762290580576,0.043419377035744944,0.2294157187086949,0.688247204138663,-0.688247204138663,13.076696830622021,13.076696830622021
2.3462130816717064,2.3462130816717064,6,0.7071067811865476,2.829380012582699,True,movie2:8:6,0.0,8.0,166.0,83.0,85.0,0.0,8.0,151.72400000000002,75.86200000000001,77.69,2.541595674884931,3.1868910155350134,True,all_groundtruth_centers,original_epoch_098,122,0.7890013941680966,-0.33931922236111783,-0.5121906533089473,13.274286270141602,13.274286270141602,5.602752720237225,training_consistent_log_reconstructed,145,nuclei_movie2_frozen_centers,movie2:component:122,1,0.7071067811865476,-0.3575110029523145,-0.1953825932132247,-0.7682212837541549,0.38411064187707744,0.5121475119376231,15.620499351813308,15.620499351813308
1.6915034320719222,1.691503432071924,0,0.5,6.427189811478012,True,movie2:8:0,0.0,8.0,190.0,169.0,44.0,0.0,8.0,173.66,154.466,40.216,1.6607485412100118,5.004429110841646,True,all_groundtruth_centers,original_epoch_098,123,0.8350824904015305,-0.3740376745963696,-0.4034018495338336,13.174565315246584,13.174565315246582,13.36853357724532,training_consistent_log_reconstructed,145,nuclei_movie2_frozen_centers,movie2:component:123,1,0.5,1.422760700636366,0.030754890861912187,-0.8744746321952062,0.26906911049452037,0.40360368113379047,14.866068747318506,14.866068747318506
0.6891893137793996,0.6891893137793978,4,0.7071067811865476,9.000312676391312,True,movie2:8:4,0.0,8.0,258.0,157.0,52.0,0.0,8.0,235.812,143.49800000000002,47.528,0.24873969455542522,5.8914815384081605,True,all_groundtruth_centers,original_epoch_098,124,0.26446029750070044,0.39789535957411265,-0.8784873555579662,10.487148284912111,10.48714828491211,13.90211904414812,training_consistent_log_reconstructed,145,nuclei_movie2_frozen_centers,movie2:component:124,1,0.7071067811865476,3.1088311379831515,0.44044961922397263,0.408248290463863,0.408248290463863,-0.816496580927726,9.797958971132712,9.797958971132712
1.6035287177562,1.6035287177562,5,0.7071067811865476,28.498086883947003,True,movie2:8:5,0.0,8.0,262.0,56.0,77.0,0.0,8.0,239.46800000000002,51.184000000000005,70.378,1.4711204725588267,33.10924356991617,True,all_groundtruth_centers,original_epoch_098,125,0.7772639747131571,0.4302136791988849,0.45910445853124077,10.14753246307373,10.14753246307373,20.038614127053552,training_consistent_log_reconstructed,145,nuclei_movie2_frozen_centers,movie2:component:125,1,0.7071067811865476,-4.6111566859691635,0.13240824519737338,0.9363291810011709,0.3511234324360547,0.0,8.54400374531753,8.54400374531753
1.7010656987539434,1.7010656987539434,2,0.8660254037844386,27.662668880460114,True,movie2:8:2,0.0,8.0,312.0,80.0,137.0,0.0,8.0,285.168,73.12,125.218,1.5055591619955706,37.93495619820514,True,all_groundtruth_centers,original_epoch_098,126,0.6266249430662979,0.7685491177352851,-0.12912565335932918,12.227322578430178,12.227322578430176,27.19988423536427,training_consistent_log_reconstructed,145,nuclei_movie2_frozen_centers,movie2:component:126,1,0.8660254037844386,-10.272287317745029,0.19550653675837282,0.5025707156529163,0.6461623572335301,-0.574366506563991,13.928388277184121,13.92838827718412
1.418645608620965,1.4186456086209631,14,0.5,15.118577833068334,True,movie2:9:14,0.0,9.0,43.0,147.0,92.0,0.0,9.0,39.302,134.358,84.08800000000001,2.0802720383723905,5.446636651109592,True,all_groundtruth_centers,original_epoch_098,127,0.15836782373946504,0.3738124597552901,-0.9138839517880404,11.923018455505371,11.923018455505371,26.058240820185514,training_consistent_log_reconstructed,145,nuclei_movie2_frozen_centers,movie2:component:127,1,0.5,9.671941181958744,-0.6616264297514274,0.3747658521338962,0.22485950595013435,-0.8994380238005374,13.341664064126336,13.341664064126334
1.710532934802119,1.7105329348021208,17,0.5,18.512336395124375,True,movie2:9:17,0.0,9.0,69.0,135.0,124.0,0.0,9.0,63.066,123.39,113.336,0.04609882063446413,11.083924792797857,True,all_groundtruth_centers,original_epoch_098,128,0.9360541827990623,0.3210306434633201,-0.1440204597337001,10.536915779113771,10.53691577911377,14.719752601543318,training_consistent_log_reconstructed,145,nuclei_movie2_frozen_centers,movie2:component:128,1,0.5,7.428411602326518,1.6644341141676566,0.8981462407813201,0.4082482882628362,0.1632993120035943,12.24744871391589,12.24744871391589
0.8869377766958397,0.886937776695838,3,0.8660254037844386,11.058459483657419,True,movie2:9:3,0.0,9.0,116.0,118.0,59.0,0.0,9.0,106.024,107.852,53.926,0.3225605047690081,13.381845897199858,True,all_groundtruth_centers,original_epoch_098,129,0.8845249983806932,-0.09594464061964465,-0.45651960875301084,13.041450500488281,13.041450500488281,22.696224231470545,training_consistent_log_reconstructed,145,nuclei_movie2_frozen_centers,movie2:component:129,1,0.8660254037844386,-2.3233864135424387,0.5643772719268298,-0.7897539804068481,0.21538744490584064,0.5743665197489083,13.928388277184121,13.92838827718412
0.2430210856190662,0.2430210856190662,6,0.7071067811865476,20.42947569114413,True,movie2:9:6,0.0,9.0,122.0,86.0,100.0,0.0,9.0,111.50800000000001,78.604,91.4,1.1214043678994425,24.06396666719071,True,all_groundtruth_centers,original_epoch_098,130,0.47723357997491267,0.7226084245566349,0.5000851676505781,10.937318801879883,10.937318801879883,19.529436601748813,training_consistent_log_reconstructed,145,nuclei_movie2_frozen_centers,movie2:component:130,1,0.7071067811865476,-3.6344909760465782,-0.8783832822803763,0.5366563145999496,0.447213595499958,0.7155417527999327,11.180339887498949,11.180339887498949
0.8574490164110422,0.8574490164110404,1,0.0,5.7667514108434865,True,movie2:9:1,0.0,9.0,140.0,143.0,44.0,0.0,9.0,127.96000000000001,130.702,40.216,1.366197670197014,20.91081193246704,True,all_groundtruth_centers,original_epoch_098,131,0.665558161352632,-0.18638855950820163,0.7226974738722707,14.458919525146486,14.458919525146484,12.718092854214163,training_consistent_log_reconstructed,145,nuclei_movie2_frozen_centers,movie2:component:131,1,0.0,-15.144060521623555,-0.5087486537859736,-0.7352146376591716,0.14704292753183434,-0.6616931418977839,13.601470508735444,13.601470508735444
0.3182444549180019,0.3182444549180037,10,0.5,3.5624957568139153,True,movie2:9:10,0.0,9.0,172.0,164.0,116.0,0.0,9.0,157.208,149.89600000000002,106.024,1.4849044694681908,5.687040613037807,True,all_groundtruth_centers,original_epoch_098,132,0.18785768269431277,0.45847623430879303,-0.86862479450379,13.717424392700197,13.717424392700195,5.264597478642161,training_consistent_log_reconstructed,145,nuclei_movie2_frozen_centers,movie2:component:132,1,0.5,-2.1245448562238916,-1.166660014550187,0.1424940999758193,0.49872934991536755,-0.8549645998549158,14.035668847618199,14.035668847618199
0.8033369581158176,0.8033369581158194,0,0.8660254037844386,18.841707520941068,True,movie2:9:0,0.0,9.0,197.0,120.0,56.0,0.0,9.0,180.058,109.68,51.184000000000005,0.3581251227212192,18.20603331955502,True,all_groundtruth_centers,original_epoch_098,133,-0.6778934850461608,0.7346568336454316,-0.02719852404155773,13.549363136291506,13.549363136291504,34.95433426164387,training_consistent_log_reconstructed,145,nuclei_movie2_frozen_centers,movie2:component:133,1,0.8660254037844386,0.635674201386049,0.4452118353946002,-0.6270597289021522,0.6967330027430362,-0.3483665013715181,14.352700094407323,14.352700094407323
0.7268021428292659,0.7268021428292641,8,0.5,12.617456969178658,True,movie2:9:8,0.0,9.0,205.0,184.0,135.0,0.0,9.0,187.37,168.17600000000002,123.39,0.5524006231913212,13.102296238127433,True,all_groundtruth_centers,original_epoch_098,134,0.7629224494435681,-0.4390785750294088,0.47450957955047635,12.516628265380861,12.51662826538086,23.687255412432492,training_consistent_log_reconstructed,145,nuclei_movie2_frozen_centers,movie2:component:134,1,0.5,-0.48483926894877527,0.17440151963794293,-0.7633700313460261,0.2544566718255071,-0.5937322607086912,11.789826122551595,11.789826122551595
0.8373388861009783,0.8373388861009818,11,0.5,13.999497193450054,True,movie2:9:11,0.0,9.0,229.0,104.0,152.0,0.0,9.0,209.306,95.056,138.928,1.0873622954421531,9.774214752449659,True,all_groundtruth_centers,original_epoch_098,135,-0.0663843743805104,0.9958025475207039,-0.06301111956936392,14.438809394836424,14.438809394836426,19.740987806435417,training_consistent_log_reconstructed,145,nuclei_movie2_frozen_centers,movie2:component:135,1,0.5,4.225282441000395,-0.2500234093411713,0.0,0.9557790073550252,-0.29408585328002873,13.601470508735446,13.601470508735444
3.097659751038208,3.097659751038208,12,0.7071067811865476,23.384184719378773,True,movie2:9:12,0.0,9.0,239.0,221.0,45.0,0.0,9.0,218.446,201.994,41.13,3.910238287156755,15.404310223621307,True,all_groundtruth_centers,original_epoch_098,136,-0.9303695033043775,0.19961859238605884,-0.30751423527208316,14.930096626281742,14.930096626281738,55.18061948193277,training_consistent_log_reconstructed,145,nuclei_movie2_frozen_centers,movie2:component:136,1,0.7071067811865476,7.979874495757466,-0.8125785361185471,0.9984603530504905,0.05547002241111499,0.0,18.02775637731995,18.027756377319946
0.43196436740409005,0.43196436740409005,13,0.5,4.03636630744166,True,movie2:9:13,0.0,9.0,241.0,232.0,74.0,0.0,9.0,220.274,212.048,67.636,1.223337173461914,2.408642288587501,True,all_groundtruth_centers,original_epoch_098,137,0.5606014870178311,0.6828292889932792,0.46847639732043006,9.51791000366211,9.51791000366211,6.259207181728121,training_consistent_log_reconstructed,145,nuclei_movie2_frozen_centers,movie2:component:137,1,0.5,1.6277240188541588,-0.791372806057824,0.502518907629606,0.7035264706814485,0.502518907629606,9.9498743710662,9.9498743710662
0.8408849844579613,0.8408849844579613,16,0.5,6.050886321622184,True,movie2:9:16,0.0,9.0,243.0,49.0,116.0,0.0,9.0,222.102,44.786,106.024,0.24228459688471915,6.396254802671826,True,all_groundtruth_centers,original_epoch_098,138,0.6890531735577512,0.3079542091747544,-0.6560258600554884,11.52843189239502,11.52843189239502,5.698131524502943,training_consistent_log_reconstructed,145,nuclei_movie2_frozen_centers,movie2:component:138,1,0.5,-0.3453684810496416,0.5986003875732422,0.6467616644461078,0.4042260491430513,-0.6467616644461078,12.36931687685298,12.36931687685298
2.599830988431723,2.599830988431723,2,0.0,9.284822863427419,True,movie2:9:2,0.0,9.0,250.0,115.0,62.0,0.0,9.0,228.5,105.11,56.668,2.4789886474609375,13.02571610299987,True,all_groundtruth_centers,original_epoch_098,139,0.8574169752364798,0.42710815803361435,-0.28707969610799566,14.193024635314941,14.193024635314941,12.163776916756614,training_consistent_log_reconstructed,145,nuclei_movie2_frozen_centers,movie2:component:139,1,0.0,-3.7408932395724506,0.1208423409707855,0.7741387441769642,0.4763930528741819,-0.41684393235038203,16.792855623746664,16.792855623746664
0.4365050378332924,0.4365050378332924,5,0.7071067811865476,13.506383459494906,True,movie2:9:5,0.0,9.0,260.0,115.0,77.0,0.0,9.0,237.64000000000001,105.11,70.378,0.023411881435073667,28.21960266675653,True,all_groundtruth_centers,original_epoch_098,140,-0.43963550453968503,0.6856877148601934,-0.5801318650427183,13.852912902832031,13.852912902832031,22.524963713352147,training_consistent_log_reconstructed,145,nuclei_movie2_frozen_centers,movie2:component:140,1,0.7071067811865476,-14.713219207261623,0.41309315639821875,-0.29814240111015766,0.5962848022203153,-0.7453559842795585,13.416407864998739,13.416407864998739
1.1138602045765875,1.1138602045765857,15,0.7071067811865476,5.634583922282439,True,movie2:9:15,0.0,9.0,264.0,72.0,132.0,0.0,9.0,241.29600000000002,65.808,120.64800000000001,0.7932301843583947,9.86414132340665,True,all_groundtruth_centers,original_epoch_098,141,0.359159504612681,0.5761863555835397,-0.7341755470497042,10.066479682922363,10.066479682922363,6.906411497460463,training_consistent_log_reconstructed,145,nuclei_movie2_frozen_centers,movie2:component:141,1,0.7071067811865476,-4.229557401124212,0.3206300202181911,0.4472135954999579,0.5366563145999494,-0.7155417527999327,11.18033988749895,11.180339887498949
0.4033382330176085,0.4033382330176085,4,1.689628646627492,31.32957999839934,True,movie2:9:4,0.0,9.0,297.0,188.0,85.0,0.0,9.0,271.458,171.832,77.69,0.54594014365356,43.74771775367858,True,all_groundtruth_centers,original_epoch_098,142,0.8501812139059279,-0.525018954725208,-0.03933192978602436,8.64954948425293,8.64954948425293,57.91141843656686,training_consistent_log_reconstructed,145,nuclei_movie2_frozen_centers,movie2:component:142,1,1.689628646627492,-12.41813775527924,-0.1426019106359515,-0.7276068675640948,0.4850712557313441,-0.4850712557313441,8.246211251235321,8.246211251235321
2.8211911665738274,2.8211911665738274,9,0.8660254037844386,8.016527937462259,True,movie2:9:9,0.0,9.0,301.0,168.0,141.0,0.0,9.0,275.11400000000003,153.552,128.874,1.8837344557841913,16.702806838735313,True,all_groundtruth_centers,original_epoch_098,143,0.4751494991677715,-0.13671030777262366,0.8692199061165883,11.071252822875977,11.071252822875977,19.246647821135948,training_consistent_log_reconstructed,145,nuclei_movie2_frozen_centers,movie2:component:143,1,0.8660254037844386,-8.686278901273054,0.9374567107896361,-0.5038710212502906,0.0,-0.8637789033914809,13.892443989449804,13.892443989449804
1.6697940966208886,1.6697940966208904,7,0.7071067811865476,5.379685699519848,True,movie2:9:7,0.0,9.0,317.0,147.0,88.0,0.0,9.0,289.738,134.358,80.432,2.4892097876242794,4.627742432467109,True,all_groundtruth_centers,original_epoch_098,144,0.14137452094804662,0.962989120857107,-0.22948899306408246,14.639712333679201,14.6397123336792,10.041987835720109,training_consistent_log_reconstructed,145,nuclei_movie2_frozen_centers,movie2:component:144,1,0.7071067811865476,0.7519432670527388,-0.819415691003389,0.06131393400982399,0.9810229441571838,-0.18394179659177579,16.30950643030009,16.30950643030009
2.940757229961884,2.9407572299618856,13,0.5,7.942428908162922,True,movie2:2:13,0.0,2.0,26.0,154.0,65.0,0.0,2.0,23.764,140.756,59.410000000000004,4.229908278987146,12.48876407895179,True,matched_groundtruth_centers,original_epoch_098,0,0.8158919972128478,0.2198996552483211,-0.5347563842589445,14.975715637207033,14.975715637207031,15.969535290487796,training_consistent_log_reconstructed,124,nuclei_movie2_frozen_centers,movie2:component:0,1,0.5,-4.546335170788868,-1.2891510490252607,0.7814038044302498,0.1116291116991269,-0.6139601256133788,17.916472867168917,17.916472867168917
0.220822235413781,0.220822235413781,8,0.5,15.664458761287504,True,movie2:2:8,0.0,2.0,44.0,200.0,118.0,0.0,2.0,40.216,182.8,107.852,1.7466073733664835,21.492241883714,True,matched_groundtruth_centers,original_epoch_098,1,0.9335033799713304,0.35527501477212653,0.048488178567228306,16.622041702270508,16.622041702270508,12.76017421324991,training_consistent_log_reconstructed,124,nuclei_movie2_frozen_centers,movie2:component:1,1,0.5,-5.8277831224264975,-1.5257851379527025,0.9755372158568809,0.12194215198211011,0.1829132363941367,16.401219466856727,16.401219466856727
1.3474399685545908,1.347439968554589,18,0.7071067811865476,14.142581909009804,True,movie2:2:18,0.0,2.0,50.0,117.0,113.0,0.0,2.0,45.7,106.938,103.28200000000001,0.9915409038524778,15.800252087137174,True,matched_groundtruth_centers,original_epoch_098,2,0.7039522339201043,-0.31588615000786274,0.6361345711342095,10.621058464050295,10.621058464050293,25.723469199776694,training_consistent_log_reconstructed,124,nuclei_movie2_frozen_centers,movie2:component:2,1,0.7071067811865476,-1.6576701781273702,0.3558990647021112,-0.646996644757806,0.10783277138953609,-0.7548294079370473,9.273618495495704,9.273618495495704
0.7232525961504948,0.7232525961504948,0,0.5,17.164008781550464,True,movie2:2:0,0.0,2.0,79.0,141.0,43.0,0.0,2.0,72.206,128.874,39.302,0.613217359834243,18.404746658906113,True,matched_groundtruth_centers,original_epoch_098,3,-0.18816804181910132,0.9802312729365538,-0.061150957434437554,13.524554252624512,13.524554252624512,26.548902872356848,training_consistent_log_reconstructed,124,nuclei_movie2_frozen_centers,movie2:component:3,1,0.5,-1.2407378773556488,0.11003523631625178,-0.21055871529851447,0.9124211315489575,-0.3509311985486031,14.247806848775006,14.247806848775006
0.9589162768345005,0.9589162768345023,4,0.0,8.468104294117289,True,movie2:2:4,0.0,2.0,97.0,132.0,85.0,0.0,2.0,88.658,120.64800000000001,77.69,1.78908730938379,7.986610022706805,True,matched_groundtruth_centers,original_epoch_098,4,0.6279769391924165,-0.22009064635058329,0.7464617011150046,14.149822235107422,14.149822235107422,14.81777605832138,training_consistent_log_reconstructed,124,nuclei_movie2_frozen_centers,movie2:component:4,1,0.0,0.48149427141048395,-0.8301710325492877,-0.5306686455805337,0.1516196130230096,-0.8339078375602874,13.190905958272921,13.19090595827292
0.7022676467895508,0.7022676467895508,2,0.7071067811865476,10.401896993901223,True,movie2:2:2,0.0,2.0,114.0,150.0,57.0,0.0,2.0,104.196,137.1,52.098,0.03724412817343925,9.072351220743048,True,matched_groundtruth_centers,original_epoch_098,5,0.8757377538037582,-0.47162548410152344,-0.10321235056305926,14.29773235321045,14.29773235321045,20.26087315344573,training_consistent_log_reconstructed,124,nuclei_movie2_frozen_centers,movie2:component:5,1,0.7071067811865476,1.3295457731581752,0.6650235186161115,-0.8,0.6,0.0,15.0,15.0
0.9598220470006833,0.9598220470006833,9,0.8660254037844386,5.763926566970703,True,movie2:2:9,0.0,2.0,123.0,227.0,86.0,0.0,2.0,112.42200000000001,207.478,78.604,0.6667628441889377,2.488683634826282,True,matched_groundtruth_centers,original_epoch_098,6,0.757159085352268,0.21731921251472097,-0.6160214925962394,9.677619934082031,9.677619934082031,4.628798546156871,training_consistent_log_reconstructed,124,nuclei_movie2_frozen_centers,movie2:component:6,1,0.8660254037844386,3.2752429321444207,0.2930592028117456,0.6882472016116853,0.22941573387056174,-0.6882472016116853,8.717797887081348,8.717797887081348
1.2570507634387784,1.2570507634387802,3,0.7071067811865476,11.550743875807505,True,movie2:2:3,0.0,2.0,128.0,191.0,58.0,0.0,2.0,116.992,174.574,53.012,0.6750982119017301,15.72436969209082,True,matched_groundtruth_centers,original_epoch_098,7,0.9087945819507683,-0.07634404674571894,0.41019994434838175,10.949504852294924,10.949504852294922,22.744893566314918,training_consistent_log_reconstructed,124,nuclei_movie2_frozen_centers,movie2:component:7,1,0.7071067811865476,-4.173625816283314,0.5819525515370501,-0.8192319146469484,0.0,-0.5734623527520312,12.206555615733702,12.206555615733702
2.4413499490132686,2.4413499490132686,17,0.0,27.828198954904025,True,movie2:2:17,0.0,2.0,139.0,249.0,101.0,0.0,2.0,127.046,227.586,92.31400000000001,2.5748529470341737,26.527879788659824,True,matched_groundtruth_centers,original_epoch_098,8,-0.17848720414959654,0.4646929437221016,-0.8672962504298909,10.711596488952637,10.711596488952637,41.51959918513801,training_consistent_log_reconstructed,124,nuclei_movie2_frozen_centers,movie2:component:8,1,0.0,1.3003191662442006,-0.13350299802090504,-0.1520571842539411,0.0,-0.9883716976506172,13.152946437965905,13.152946437965905
0.10029984121851854,0.10029984121852031,1,0.7071067811865476,8.99289260367461,True,movie2:2:1,0.0,2.0,141.0,215.0,57.0,0.0,2.0,128.874,196.51000000000002,52.098,1.299469606655041,57.84545668364007,True,matched_groundtruth_centers,original_epoch_098,9,0.9889654773528205,0.07995701209883638,-0.12471632138791774,15.423874855041506,15.423874855041504,24.867766006960085,training_consistent_log_reconstructed,124,nuclei_movie2_frozen_centers,movie2:component:9,1,0.7071067811865476,-48.85256407996546,-1.1991697654365208,-0.9662349435922334,0.0,0.25766263559413044,15.524174696260024,15.524174696260024
1.9413331960079336,1.9413331960079336,14,0.5,23.817263492410948,True,movie2:2:14,0.0,2.0,165.0,128.0,76.0,0.0,2.0,150.81,116.992,69.464,0.3141529668079208,18.554014303968973,True,matched_groundtruth_centers,original_epoch_098,10,0.7802986159329163,0.4403692601799715,0.4440821823285863,12.757987022399902,12.757987022399902,25.48994700300738,training_consistent_log_reconstructed,124,nuclei_movie2_frozen_centers,movie2:component:11,1,0.5,5.263249188441975,1.6271802292000128,0.6471502443935288,0.18490006222462543,0.7396002488985017,10.816653826391969,10.816653826391969
1.0032084929288079,1.0032084929288079,19,0.5,39.877306320553984,True,movie2:2:19,0.0,2.0,167.0,146.0,136.0,0.0,2.0,152.638,133.44400000000002,124.304,2.612953168836052,35.143185558016775,True,matched_groundtruth_centers,original_epoch_098,11,0.9328625621408736,-0.10603184513057037,0.344274146537569,12.889235496520996,12.889235496520996,78.7889833034818,training_consistent_log_reconstructed,124,nuclei_movie2_frozen_centers,movie2:component:12,1,0.5,4.734120762537209,-1.609744675907244,-0.5038710212502906,0.0,-0.8637789033914809,13.892443989449804,13.892443989449804
5.3157375848351585,5.3157375848351585,27,0.5,10.814998554243285,True,movie2:2:27,0.0,2.0,170.0,220.0,91.0,0.0,2.0,155.38,201.08,83.174,6.857151969909925,3.1366393406524145,True,matched_groundtruth_centers,original_epoch_098,12,0.4263963140492742,0.7339395600490312,0.5286954752598394,11.115939140319824,11.115939140319824,16.26560958735621,training_consistent_log_reconstructed,124,nuclei_movie2_frozen_centers,movie2:component:13,1,0.5,7.678359213590871,-1.5414143850747664,0.42600642588869525,0.608580616359611,0.669438689121637,16.431676725154983,16.431676725154983
1.631437423951981,1.6314374239519793,21,0.7071067811865476,5.397489497388794,True,movie2:2:21,0.0,2.0,184.0,95.0,64.0,0.0,2.0,168.17600000000002,86.83,58.496,1.7832551988700622,8.94932203641879,True,matched_groundtruth_centers,original_epoch_098,13,0.5029563370094631,0.33761429416179173,-0.7956453427499333,10.242904663085938,10.242904663085938,7.43454020252228,training_consistent_log_reconstructed,124,nuclei_movie2_frozen_centers,movie2:component:14,1,0.7071067811865476,-3.551832539029996,-0.1518177749180829,0.42107596131897473,0.336860763515887,-0.8421519226379495,11.874342087037919,11.874342087037917
0.8921954681220488,0.892195468122047,16,0.8660254037844386,6.165796268504354,True,movie2:2:16,0.0,2.0,188.0,167.0,76.0,0.0,2.0,171.832,152.638,69.464,1.328356151119241,2.492671648545357,True,matched_groundtruth_centers,original_epoch_098,14,-0.2833556755887378,0.9321300512463461,0.22548420936982305,15.870859146118166,15.870859146118164,10.371264747384608,training_consistent_log_reconstructed,124,nuclei_movie2_frozen_centers,movie2:component:15,1,0.8660254037844386,3.673124619958997,-0.436160682997194,-0.17896499588156806,0.9544799780350297,0.23861999450875743,16.763054614240215,16.76305461424021
1.3117281332019637,1.3117281332019637,7,0.7071067811865476,4.428059422743044,True,movie2:2:7,0.0,2.0,192.0,212.0,88.0,0.0,2.0,175.488,193.768,80.432,0.3669731391793647,15.97617179140953,True,matched_groundtruth_centers,original_epoch_098,15,0.8523551335053707,0.4230028119536472,-0.3075050364894031,17.059743881225586,17.059743881225586,5.229714288569957,training_consistent_log_reconstructed,124,nuclei_movie2_frozen_centers,movie2:component:16,1,0.7071067811865476,-11.548112368666487,0.944754994022599,0.8890008920619218,0.38100036875821786,-0.254000261651852,15.748015748023622,15.748015748023622
1.2401277711002674,1.2401277711002674,6,0.5,13.338467651059577,True,movie2:2:6,0.0,2.0,208.0,96.0,43.0,0.0,2.0,190.112,87.744,39.302,1.1995734048587927,13.951584867617688,True,matched_groundtruth_centers,original_epoch_098,16,-0.6317591420196768,0.7614307641028051,-0.1452707057612801,13.89261817932129,13.892618179321289,31.043541799039318,training_consistent_log_reconstructed,124,nuclei_movie2_frozen_centers,movie2:component:17,1,0.5,-0.6131172165581109,0.04055436624147468,-0.792982312574065,0.5947367501684605,-0.13216372400831475,15.132745950421558,15.132745950421556
3.0038306000145774,3.0038306000145774,25,0.7071067811865476,12.134526785611703,True,movie2:2:25,0.0,2.0,208.0,126.0,125.0,0.0,2.0,190.112,115.164,114.25,3.0033806209923206,18.36415050191647,True,matched_groundtruth_centers,original_epoch_098,17,0.0566405794851487,-0.46957784310116246,0.8810723545907263,13.089646339416504,13.089646339416504,18.635383610880698,training_consistent_log_reconstructed,124,nuclei_movie2_frozen_centers,movie2:component:18,1,0.7071067811865476,-6.229623716304767,0.00044997902225674125,-0.18641092718587707,0.3106848657450127,-0.932054655276559,16.09347693943108,16.09347693943108
0.4190236444355655,0.41902364443556195,5,0.7071067811865476,12.166984983035873,True,movie2:2:5,0.0,2.0,232.0,199.0,115.0,0.0,2.0,212.048,181.886,105.11,1.2594415063740385,11.924232991810515,True,matched_groundtruth_centers,original_epoch_098,18,0.8371885736205056,-0.5260206656227323,0.1497249195594401,14.910400390625002,14.910400390625,25.625666889062302,training_consistent_log_reconstructed,124,nuclei_movie2_frozen_centers,movie2:component:19,1,0.7071067811865476,0.24275199122535795,-0.8404178619384766,-0.7590721072564883,0.5520524589744059,-0.34503277891456374,14.491376746189436,14.491376746189438
0.8165048657436245,0.8165048657436227,22,0.7071067811865476,5.983285458506319,True,movie2:2:22,0.0,2.0,248.0,216.0,69.0,0.0,2.0,226.672,197.424,63.066,2.630150226753459,14.368802781492645,True,matched_groundtruth_centers,original_epoch_098,19,-0.570174393786243,0.236022494505606,0.7868891553184868,12.374401092529297,12.374401092529297,13.762517847762329,training_consistent_log_reconstructed,124,nuclei_movie2_frozen_centers,movie2:component:20,1,0.7071067811865476,-8.385517322986328,-1.8136453610098364,-0.5306686455805337,0.1516196130230096,0.8339078375602874,13.190905958272921,13.19090595827292
2.568407021865653,2.568407021865653,28,1.7320508075688772,7.374340821678065,True,movie2:2:28,0.0,2.5,274.0,61.5,111.0,0.0,2.5,250.436,56.211000000000006,101.45400000000001,3.0527426169089473,7.747074181326092,True,matched_groundtruth_centers,original_epoch_098,20,0.7125393481461366,-0.252059999322064,-0.6547926649598633,13.556108474731445,13.556108474731445,14.620852391754307,training_consistent_log_reconstructed,124,nuclei_movie2_frozen_centers,movie2:component:22,1,1.8708286933869707,-0.3727333596480271,-0.4843355950432944,-0.6201736805872538,0.24806946230132654,0.7442084034599379,16.1245154965971,16.1245154965971
0.27750099473419,0.2775009947341882,24,0.0,20.359797805055727,True,movie2:2:24,0.0,2.0,279.0,217.0,92.0,0.0,2.0,255.006,198.338,84.08800000000001,0.17994529353808275,13.886549805547793,True,matched_groundtruth_centers,original_epoch_098,21,0.6596280189213176,0.6826954142591072,-0.31435306265968566,12.41107654571533,12.411076545715332,17.969214138322098,training_consistent_log_reconstructed,124,nuclei_movie2_frozen_centers,movie2:component:23,1,0.0,6.473247999507935,0.09755570119610546,0.7881104062391007,0.39405520311955033,-0.47286624374346037,12.68857754044952,12.68857754044952
2.334975877892129,2.334975877892127,26,0.0,14.127016446235697,True,movie2:2:26,0.0,2.0,283.0,188.0,78.0,0.0,2.0,258.66200000000003,171.832,71.292,2.5892738204926715,13.614775198057973,True,matched_groundtruth_centers,original_epoch_098,22,-0.4067747142608444,0.39566494091487825,0.8233975870555089,11.593412399291992,11.593412399291992,24.85822137049668,training_consistent_log_reconstructed,124,nuclei_movie2_frozen_centers,movie2:component:24,1,0.0,0.5122412481777232,-0.2542979426005445,-0.21538744591028236,0.2871832675854271,0.9333456053162741,13.928388277184121,13.92838827718412
1.0222617456544416,1.0222617456544416,12,0.7071067811865476,9.628494705095793,True,movie2:2:12,0.0,2.0,284.0,67.0,136.0,0.0,2.0,259.576,61.238,124.304,0.29532901607229256,12.980797897124363,True,matched_groundtruth_centers,original_epoch_098,23,0.7007091574948192,0.5886947224044379,0.403044911165074,11.510350227355957,11.510350227355957,13.244807930620063,training_consistent_log_reconstructed,124,nuclei_movie2_frozen_centers,movie2:component:25,1,0.7071067811865476,-3.35230319202857,0.726932729582149,0.5720775412472399,0.6674238303363678,0.47673128437269985,10.488088481701515,10.488088481701515
1.162911275631057,1.162911275631057,20,0.7071067811865476,9.216465097573883,True,movie2:2:20,0.0,2.0,305.0,99.0,52.0,0.0,2.0,278.77000000000004,90.486,47.528,2.02469221832769,15.260777336882544,True,matched_groundtruth_centers,original_epoch_098,24,0.19569004813707358,0.5284622435301399,-0.8260950685140306,15.268765449523926,15.268765449523926,12.815255622221171,training_consistent_log_reconstructed,124,nuclei_movie2_frozen_centers,movie2:component:27,1,0.7071067811865476,-6.0443122393086615,-0.8617809426966332,0.06085806365647026,0.6085806256919499,-0.7911548003522318,16.431676725154983,16.431676725154983
0.02520810283745334,0.02520810283745334,11,0.7071067811865476,4.037288049558014,True,movie2:2:11,0.0,2.0,320.0,188.0,55.0,0.0,2.0,292.48,171.832,50.27,0.2613292670545171,5.081183110425621,True,matched_groundtruth_centers,original_epoch_098,25,-0.4893174876792637,0.8505727042716457,0.1925992497370471,16.273284912109375,16.273284912109375,10.165431049827856,training_consistent_log_reconstructed,124,nuclei_movie2_frozen_centers,movie2:component:28,1,0.7071067811865476,-1.043895060867607,-0.23612116421706375,-0.4923659529398475,0.8616404435202297,0.12309148823496187,16.24807680927192,16.24807680927192
5.906571411072942,5.906571411072942,7,0.0,11.913918510373657,True,movie2:3:7,0.0,3.0,63.0,84.0,120.0,0.0,3.0,57.582,76.776,109.68,6.055672508580422,15.635529609873824,True,matched_groundtruth_centers,original_epoch_098,26,0.6433182783312388,-0.5431356331022502,-0.539578795746783,15.703611373901367,15.703611373901367,20.991464111132085,training_consistent_log_reconstructed,124,nuclei_movie2_frozen_centers,movie2:component:30,1,0.0,-3.7216110995001674,-0.14910109750747935,-0.5090192881088625,0.5090192881088625,0.6941172297719556,21.61018278497431,21.61018278497431
2.3622854001912685,2.3622854001912685,12,0.0,1.9371350235258877,True,movie2:3:12,0.0,3.0,72.0,227.0,116.0,0.0,3.0,65.808,207.478,106.024,3.5359039306640625,1.928940174751901,True,matched_groundtruth_centers,original_epoch_098,27,0.33866549022540215,0.6472390671609528,0.68292552717775,14.311046600341797,14.311046600341797,4.972629631585171,training_consistent_log_reconstructed,124,nuclei_movie2_frozen_centers,movie2:component:31,1,0.0,0.008194848773986685,-1.173618530472794,0.3598560884268073,0.6597361577260101,0.6597361577260101,16.673332000533065,16.673332000533065
0.7069443877763959,0.7069443877763941,14,0.5,7.53930185458416,True,movie2:3:14,0.0,3.0,84.0,234.0,103.0,0.0,3.0,76.776,213.876,94.14200000000001,0.9525183516067468,16.10125613418465,True,matched_groundtruth_centers,original_epoch_098,28,0.015740182337946208,0.4445005342735754,-0.8956402858795902,11.040395736694336,11.040395736694336,11.354158559111728,training_consistent_log_reconstructed,124,nuclei_movie2_frozen_centers,movie2:component:32,1,0.5,-8.561954279600489,-0.24557396383035268,0.08512565527109466,0.3405026210843786,-0.9363821804420109,11.747340124470732,11.74734012447073
2.044021467579137,2.044021467579137,20,3.122498999199199,7.1047290207752,True,movie2:4:20,0.0,3.5,100.5,184.5,108.5,0.0,3.5,91.857,168.633,99.169,0.3470950547539555,72.86567216647666,True,matched_groundtruth_centers,original_epoch_098,29,-0.2538423970680197,0.5754428667324322,-0.7774506701891266,12.814351081848145,12.814351081848145,26.24068290650497,training_consistent_log_reconstructed,124,nuclei_movie2_frozen_centers,movie2:component:33,1,3.640054944640259,-65.76094314570146,1.6969264128251815,-0.3713906800772299,0.5570860021207347,-0.7427813601544598,10.770329614269007,10.770329614269007
2.2387034184856844,2.2387034184856844,16,0.8660254037844386,4.691188526339286,True,movie2:3:16,0.0,3.0,99.0,163.0,140.0,0.0,3.0,90.486,148.982,127.96000000000001,3.6435522162270786,2.940260655589232,True,matched_groundtruth_centers,original_epoch_098,30,0.39642411266188876,0.2896062239919348,0.8711923771047171,11.509023666381836,11.509023666381836,5.115312324804748,training_consistent_log_reconstructed,124,nuclei_movie2_frozen_centers,movie2:component:34,1,0.8660254037844386,1.7509278707500542,-1.4048487977413942,0.4364357804719847,0.21821789023599236,0.8728715609439694,13.74772708486752,13.74772708486752
3.4516432898150438,3.4516432898150455,30,1.224744871391589,15.554698185202145,True,movie2:4:30,0.0,3.5,126.0,228.0,62.0,0.0,3.5,115.164,208.392,56.668,5.467147347970165,21.685441123260023,True,matched_groundtruth_centers,original_epoch_098,31,0.8296141251140253,0.46484123191477145,0.30929441075332703,10.796163558959963,10.796163558959961,9.962407026480188,training_consistent_log_reconstructed,124,nuclei_movie2_frozen_centers,movie2:component:35,1,1.118033988749895,-6.130742938057878,-2.01550405815512,0.9124211282466754,0.21055872190307892,0.3509312031717982,14.247806848775006,14.247806848775006
0.5600610702098869,0.5600610702098869,1,0.0,10.075005758859888,True,movie2:3:1,0.0,3.0,150.0,171.0,42.0,0.0,3.0,137.1,156.294,38.388,1.6804057263833663,7.0078740111822295,True,matched_groundtruth_centers,original_epoch_098,32,0.9742039849342718,0.16861635295319885,-0.14998373663483366,15.72581195831299,15.725811958312988,9.345316069254425,training_consistent_log_reconstructed,124,nuclei_movie2_frozen_centers,movie2:component:36,1,0.0,3.0671317476776583,-1.1203446561734793,0.9231326591188955,0.3296902408288096,-0.19781415209817146,15.165750888103103,15.165750888103101
3.0783821472444366,3.078382147244433,14,2.1213203435596424,7.871983951696584,True,movie2:4:14,0.0,3.5,166.5,219.0,129.0,0.0,3.5,152.181,200.166,117.906,6.7321998570895065,54.586395277719305,True,matched_groundtruth_centers,original_epoch_098,33,0.18275166217067695,0.9555410621485153,0.2313938385565657,14.12626838684082,14.12626838684082,12.367939317362804,training_consistent_log_reconstructed,124,nuclei_movie2_frozen_centers,movie2:component:38,1,2.345207879911715,-46.71441132602272,-3.6538177098450735,0.11624763965260045,0.9299811172208036,0.3487428965411982,17.204650534085257,17.204650534085253
0.08901729893073806,0.08901729893073806,13,0.7071067811865476,10.867065941975742,True,movie2:3:13,0.0,3.0,170.0,68.0,82.0,0.0,3.0,155.38,62.152,74.94800000000001,0.41215441791579366,20.384917456938666,True,matched_groundtruth_centers,original_epoch_098,34,0.5495840581897252,0.3483173890375666,-0.7593631275468709,15.076733589172363,15.076733589172363,9.890370592938316,training_consistent_log_reconstructed,124,nuclei_movie2_frozen_centers,movie2:component:39,1,0.7071067811865476,-9.517851514962924,-0.3231371189850556,0.6593804561268665,0.19781413683805996,-0.7253185378472956,15.165750888103101,15.165750888103101
0.2876981864764616,0.2876981864764616,2,0.7071067811865476,4.758004683950871,True,movie2:3:2,0.0,3.0,180.0,157.0,64.0,0.0,3.0,164.52,143.49800000000002,58.496,0.7122904181713618,2.8672215919432595,True,matched_groundtruth_centers,original_epoch_098,35,0.07187701983085759,0.9224066203549715,-0.37947295126998726,11.417001724243164,11.417001724243164,8.206785070378336,training_consistent_log_reconstructed,124,nuclei_movie2_frozen_centers,movie2:component:40,1,0.7071067811865476,1.8907830920076112,-0.42459223169490024,0.0,0.9397934277954141,-0.34174305124251747,11.704699910719626,11.704699910719626
2.3689198580014583,2.3689198580014583,4,0.7071067811865476,7.710379199550673,True,movie2:3:4,0.0,3.0,192.0,82.0,78.0,0.0,3.0,175.488,74.94800000000001,71.292,3.763454508994485,12.1948831058034,True,matched_groundtruth_centers,original_epoch_098,36,-0.5913259109465132,0.6563843449415094,0.4685010765825216,13.283555984497072,13.28355598449707,14.154708968937094,training_consistent_log_reconstructed,124,nuclei_movie2_frozen_centers,movie2:component:41,1,0.7071067811865476,-4.484503906252727,-1.3945346509930268,-0.5111012519999519,0.6388765649999399,0.574988908499946,15.65247584249853,15.652475842498529
0.20329841426624995,0.2032984142662464,3,0.0,5.309193376618238,True,movie2:3:3,0.0,3.0,216.0,227.0,106.0,0.0,3.0,197.424,207.478,96.884,1.2650404483939752,2.103341781619151,True,matched_groundtruth_centers,original_epoch_098,37,-0.0944253868051838,0.9918766233226186,0.08523268406434054,16.826087951660156,16.826087951660156,7.873980336623354,training_consistent_log_reconstructed,124,nuclei_movie2_frozen_centers,movie2:component:42,1,0.0,3.2058515949990873,-1.0617420341277288,-0.05872202255176583,0.9982743731396844,0.0,17.029386365926406,17.029386365926403
0.4179973743514065,0.41799737435140827,17,2.7838821814150108,12.876925750330738,True,movie2:4:17,0.0,3.5,227.0,215.5,61.5,0.0,3.5,207.478,196.967,56.211000000000006,3.6298222627866146,59.16220173665248,True,matched_groundtruth_centers,original_epoch_098,38,0.7349291208959351,0.6472486896278283,0.20235691496508595,11.665048599243166,11.665048599243164,16.39650982810756,training_consistent_log_reconstructed,124,nuclei_movie2_frozen_centers,movie2:component:43,1,3.1622776601683795,-46.285275986321736,-3.2118248884352063,0.5793241322585062,0.7448452850544783,0.33104237057368013,12.083045973594572,12.083045973594572
0.8956344725438719,0.8956344725438719,0,0.0,6.558199991312727,True,movie2:3:0,0.0,3.0,261.0,134.0,33.0,0.0,3.0,238.554,122.476,30.162000000000003,0.021076362070223453,4.329090352453597,True,matched_groundtruth_centers,original_epoch_098,39,0.8779562624821315,0.45975799062917944,-0.13347430921726458,14.966881752014162,14.96688175201416,8.290626816534955,training_consistent_log_reconstructed,124,nuclei_movie2_frozen_centers,movie2:component:44,1,0.0,2.2291096388591303,0.8745581104736484,0.923869764413216,0.35533454239953016,-0.14213381505041364,14.07124727947029,14.071247279470288
0.23027483571683582,0.23027483571683405,6,0.7071067811865476,9.441159606725671,True,movie2:3:6,0.0,3.0,271.0,90.0,72.0,0.0,3.0,247.69400000000002,82.26,65.808,2.3834938587715193,13.2712883280119,True,matched_groundtruth_centers,original_epoch_098,40,0.527377522875846,0.22865142608631256,-0.8182856919890705,13.698113441467285,13.698113441467285,15.626579911068614,training_consistent_log_reconstructed,124,nuclei_movie2_frozen_centers,movie2:component:45,1,0.7071067811865476,-3.830128721286229,-2.1532190230546853,0.5025707148443289,0.07179581320498642,-0.861549788339069,13.928388277184121,13.92838827718412
0.962246216568337,0.9622462165683388,18,0.5,8.240093681173851,True,movie2:3:18,0.0,3.0,272.0,209.0,61.0,0.0,3.0,248.608,191.026,55.754000000000005,0.19979574766600017,8.531269148556197,True,matched_groundtruth_centers,original_epoch_098,41,0.4990284657515785,-0.5532292646879542,0.6670142210346426,12.491377830505373,12.491377830505371,18.523569204177747,training_consistent_log_reconstructed,124,nuclei_movie2_frozen_centers,movie2:component:46,1,0.5,-0.29117546738234523,0.7624504689023386,-0.5946353380190872,0.44597648682631036,-0.6689647135514606,13.45362404707371,13.45362404707371
1.2321232551746366,1.2321232551746366,20,0.7071067811865476,6.230637371403899,True,movie2:3:20,0.0,3.0,304.0,219.0,112.0,0.0,3.0,277.856,200.166,102.36800000000001,0.893046334284314,10.363062251920185,True,matched_groundtruth_centers,original_epoch_098,42,0.014224433438343894,0.3398007819679086,-0.9403898628055047,10.213399887084961,10.213399887084961,11.957711177746388,training_consistent_log_reconstructed,124,nuclei_movie2_frozen_centers,movie2:component:47,1,0.7071067811865476,-4.132424880516286,0.3390769208903226,0.08737040440317814,0.26211120769475904,-0.9610744649792856,11.445523142259598,11.445523142259598
1.2185179772864156,1.2185179772864174,11,0.7071067811865476,5.064448272439807,True,movie2:3:11,0.0,3.0,319.0,120.0,53.0,0.0,3.0,291.56600000000003,109.68,48.442,0.24847974280615048,1.264216175374954,True,matched_groundtruth_centers,original_epoch_098,43,-0.4882958376949984,0.8695213011021691,-0.07416118809276848,14.634925842285156,14.634925842285156,12.547100819585365,training_consistent_log_reconstructed,124,nuclei_movie2_frozen_centers,movie2:component:48,1,0.7071067811865476,3.8002320970648533,0.9700382344802669,-0.4472135954999579,0.8944271909999159,0.0,13.41640786499874,13.416407864998739
,,,,,False,,0.0,4.0,26.0,179.5,104.5,0.0,4.0,23.764,164.06300000000002,95.513,,,False,matched_groundtruth_centers,original_epoch_098,44,,,,,,,training_consistent_log_reconstructed,124,nuclei_movie2_frozen_centers,,,,,,,,,,
0.3625702944028273,0.3625702944028255,18,0.5,2.339842060152061,True,movie2:4:18,0.0,4.0,69.0,92.0,82.0,0.0,4.0,63.066,84.08800000000001,74.94800000000001,1.2356019645173149,5.068742843914387,True,matched_groundtruth_centers,original_epoch_098,45,0.89835679474139,-0.43749005938151214,-0.03946539350287981,15.289905548095703,15.289905548095703,11.473832075623061,training_consistent_log_reconstructed,124,nuclei_movie2_frozen_centers,movie2:component:50,1,0.5,-2.7289007837623256,-0.8730316701144893,-0.8944271909999159,0.4472135954999579,0.0,15.65247584249853,15.652475842498529
1.175487434173105,1.1754874341731032,8,0.9013878188659973,11.333002960224729,True,movie2:4:8,0.0,4.0,78.0,205.0,93.0,0.0,4.0,71.292,187.37,85.00200000000001,0.744847413729719,11.641566359547756,True,matched_groundtruth_centers,original_epoch_098,46,0.018547080234623894,0.7852691183810012,-0.6188767385609963,13.107369422912596,13.107369422912598,17.995306575603085,training_consistent_log_reconstructed,124,nuclei_movie2_frozen_centers,movie2:component:51,1,0.9013878188659973,-0.30856339932302745,0.43064002044338423,-0.14002800646781788,0.7001400422075033,-0.7001400422075033,14.2828568570857,14.2828568570857
1.188474954854108,1.188474954854108,26,0.7071067811865476,18.892230190254764,True,movie2:4:26,0.0,4.0,81.0,174.0,115.0,0.0,4.0,74.034,159.036,105.11,1.6099193413245683,22.67461293960228,True,matched_groundtruth_centers,original_epoch_098,47,0.8418612500034095,-0.12292597261398908,-0.5255081740559338,13.059331893920898,13.059331893920898,41.336855272059154,training_consistent_log_reconstructed,124,nuclei_movie2_frozen_centers,movie2:component:52,1,0.7071067811865476,-3.7823827493475157,-0.42144438647046023,-0.6316761728202276,0.07018624234099748,0.7720486410047236,14.247806848775006,14.247806848775006
0.09927590301934508,0.09927590301934686,5,0.5,22.753915652920835,True,movie2:4:5,0.0,4.0,91.0,109.0,63.0,0.0,4.0,83.174,99.626,57.582,0.1624664436175749,13.340505469323004,True,matched_groundtruth_centers,original_epoch_098,48,0.8271503858192235,0.4100029057778444,0.38434340958683555,10.394906044006346,10.394906044006348,14.046234225239527,training_consistent_log_reconstructed,124,nuclei_movie2_frozen_centers,movie2:component:53,1,0.5,9.413410183597831,-0.06319054059822804,0.8741572775225928,0.48564292865673303,0.0,10.295630140987,10.295630140987
,,,,,False,,0.0,4.0,99.0,188.5,49.0,0.0,4.0,90.486,172.28900000000002,44.786,,,False,matched_groundtruth_centers,original_epoch_098,49,,,,,,,training_consistent_log_reconstructed,124,nuclei_movie2_frozen_centers,,,,,,,,,,
2.457286445635207,2.457286445635207,4,0.7071067811865476,15.598659417555858,True,movie2:4:4,0.0,4.0,111.0,221.0,55.0,0.0,4.0,101.45400000000001,201.994,50.27,1.6400238394970454,13.672002649432626,True,matched_groundtruth_centers,original_epoch_098,50,0.13723570319099365,0.9424759312740237,-0.30480400381037476,13.682258605957033,13.682258605957031,26.002619250251964,training_consistent_log_reconstructed,124,nuclei_movie2_frozen_centers,movie2:component:56,1,0.7071067811865476,1.926656768123232,0.8172626061381614,-0.08908708264076219,0.8908708062144849,-0.44543540310724244,11.224972160321826,11.224972160321824
0.787830632637899,0.787830632637899,2,0.8660254037844386,20.816969211175675,True,movie2:4:2,0.0,4.0,138.0,195.0,40.0,0.0,4.0,126.132,178.23000000000002,36.56,1.9207986914468052,36.06199580961169,True,matched_groundtruth_centers,original_epoch_098,51,0.8094245879404248,0.5844250880385728,-0.057263888346669733,12.62857723236084,12.62857723236084,14.72065489544965,training_consistent_log_reconstructed,124,nuclei_movie2_frozen_centers,movie2:component:57,1,0.8660254037844386,-15.245026598436013,-1.1329680588089062,0.7453559785796765,0.596284807920197,0.2981424039600985,13.416407864998739,13.416407864998739
1.977494918075216,1.977494918075216,0,0.7071067811865476,1.6872367492405242,True,movie2:4:0,0.0,4.0,141.0,129.0,35.0,0.0,4.0,128.874,117.906,31.990000000000002,1.0281707246844736,8.974845874421959,True,matched_groundtruth_centers,original_epoch_098,52,0.8907554592438613,-0.452192421945282,0.0455711022745518,15.431118965148928,15.431118965148926,3.541128469819102,training_consistent_log_reconstructed,124,nuclei_movie2_frozen_centers,movie2:component:58,1,0.7071067811865476,-7.287609125181435,0.9493241933907424,-0.8919529754965996,0.4459764877482998,-0.07432941462471664,13.453624047073712,13.45362404707371
1.692146586364359,1.6921465863643572,25,2.5495097567963922,14.94334950825684,True,movie2:4:25,0.0,4.5,154.0,172.5,93.0,0.0,4.5,140.756,157.665,85.00200000000001,3.0593090970042205,13.224505917827896,True,matched_groundtruth_centers,original_epoch_098,53,0.7599267685089816,-0.28262105448234426,0.5853517285075569,14.119241714477537,14.119241714477539,27.900484445036543,training_consistent_log_reconstructed,124,nuclei_movie2_frozen_centers,movie2:component:59,1,2.5495097567963922,1.7188435904289445,-1.3671625106398633,-0.56921000157454,0.31622775996068136,-0.7589466239056353,15.811388300841896,15.811388300841896
2.211607342103207,2.211607342103207,15,0.0,6.9437211896297,True,movie2:4:15,0.0,4.0,208.0,152.0,119.0,0.0,4.0,190.112,138.928,108.766,3.5797527764953294,11.0773569377252,True,matched_groundtruth_centers,original_epoch_098,54,0.3714212192576299,0.8336129279397746,0.4088224116371945,12.245224952697756,12.245224952697754,11.663213860919734,training_consistent_log_reconstructed,124,nuclei_movie2_frozen_centers,movie2:component:62,1,0.0,-4.1336357480955,-1.3681454343921224,0.27668579372682767,0.8300573564021766,0.4842001204382186,14.456832294800963,14.45683229480096
0.21678188474883342,0.21678188474883342,11,0.7071067811865476,9.260838848034753,True,movie2:4:11,0.0,4.0,248.0,84.0,92.0,0.0,4.0,226.672,76.776,84.08800000000001,0.06996742435680048,18.13437922766406,True,matched_groundtruth_centers,original_epoch_098,55,0.8497601292887721,0.22158973565002216,0.4783364001680016,16.372276306152344,16.372276306152344,5.013896606107682,training_consistent_log_reconstructed,124,nuclei_movie2_frozen_centers,movie2:component:64,1,0.7071067811865476,-8.873540379629306,0.14681446039203294,0.8665782412342562,0.061898446832675806,0.49518757466140645,16.15549442140351,16.15549442140351
0.3292666872088894,0.32926668720888763,1,0.5,14.664506704329254,True,movie2:4:1,0.0,4.0,270.0,183.0,41.0,0.0,4.0,246.78,167.262,37.474000000000004,0.564193666126414,16.326438488547343,True,matched_groundtruth_centers,original_epoch_098,56,0.44802458790209615,0.8555121636211562,0.25956291439919704,14.681966781616214,14.681966781616211,16.344552882291204,training_consistent_log_reconstructed,124,nuclei_movie2_frozen_centers,movie2:component:66,1,0.5,-1.6619317842180887,-0.23492697891752634,0.627059712862456,0.6967330142916176,0.3483665071458088,14.352700094407325,14.352700094407323
1.9177837384887937,1.9177837384887937,27,0.8660254037844386,5.734320777350486,True,movie2:4:27,0.0,4.0,275.0,160.0,121.0,0.0,4.0,251.35000000000002,146.24,110.59400000000001,3.797433681319564,9.050356243069466,True,matched_groundtruth_centers,original_epoch_098,57,0.2917558560536128,-0.6285419178053389,0.7209809831195343,16.303083419799805,16.303083419799805,9.757736035791858,training_consistent_log_reconstructed,124,nuclei_movie2_frozen_centers,movie2:component:67,1,0.8660254037844386,-3.31603546571898,-1.8796499428307705,-0.3292927799690711,0.5488212999484517,-0.7683498199278325,18.2208671582886,18.2208671582886
1.8707353760807361,1.8707353760807361,10,0.7071067811865476,8.98982711765726,True,movie2:4:10,0.0,4.0,277.0,108.0,85.0,0.0,4.0,253.178,98.712,77.69,3.9678319726236175,4.010986145006305,True,matched_groundtruth_centers,original_epoch_098,58,0.4930510282431172,-0.5181007697514557,0.6989079166323371,13.262010574340822,13.26201057434082,15.559134887981676,training_consistent_log_reconstructed,124,nuclei_movie2_frozen_centers,movie2:component:68,1,0.7071067811865476,4.978840972650955,-2.0970965965428814,-0.4625730157530234,0.39649116133834644,-0.7929823226766929,15.132745950421558,15.132745950421556
,,,,,False,,0.0,4.5,281.0,84.0,118.0,0.0,4.5,256.834,76.776,107.852,,,False,matched_groundtruth_centers,original_epoch_098,59,,,,,,,training_consistent_log_reconstructed,124,nuclei_movie2_frozen_centers,,,,,,,,,,
2.4179534608221616,2.4179534608221633,23,0.5,2.3212834890533607,True,movie2:4:23,0.0,4.0,300.0,124.0,59.0,0.0,4.0,274.2,113.336,53.926,2.4874241044132557,1.1043897617156428,True,matched_groundtruth_centers,original_epoch_098,60,0.7890951102548264,-0.38911682766106626,-0.47530727051341365,11.54628658294678,11.546286582946777,4.389904148240334,training_consistent_log_reconstructed,124,nuclei_movie2_frozen_centers,movie2:component:70,1,0.5,1.2168937273377178,-0.06947064359109234,-0.7877263687176975,0.35805743459494255,0.5012804021285078,13.96424004376894,13.96424004376894
3.8949276614429227,3.8949276614429245,19,0.0,4.2244246345239675,True,movie2:4:19,0.0,4.0,306.0,174.0,79.0,0.0,4.0,279.684,159.036,72.206,4.302255400402366,2.0422382668249255,True,matched_groundtruth_centers,original_epoch_098,61,0.36851040744762564,0.5102931196802261,-0.7770463381355113,13.937626838684084,13.937626838684082,6.430518262061872,training_consistent_log_reconstructed,124,nuclei_movie2_frozen_centers,movie2:component:71,1,0.0,2.182186367699042,-0.40732773895944163,0.39254050046720995,0.560772182150468,-0.729003782719373,17.832554500127006,17.832554500127006
0.9561065315967063,0.9561065315967046,29,0.7071067811865476,25.550426051681043,True,movie2:4:29,0.0,4.0,307.0,221.0,87.0,0.0,4.0,280.598,201.994,79.518,2.533380369370702,17.757216415923683,True,matched_groundtruth_centers,original_epoch_098,62,0.3860195056997112,0.49545394961735045,0.7781480097178933,12.082298278808594,12.082298278808594,43.38662697375891,training_consistent_log_reconstructed,124,nuclei_movie2_frozen_centers,movie2:component:72,1,0.7071067811865476,7.793209635757361,-1.5772738377739977,0.3834824944236852,0.07669649888473705,0.9203579866168444,13.0384048104053,13.038404810405298
0.6211007349567002,0.6211007349566984,6,0.8660254037844386,15.699050094960002,True,movie2:4:6,0.0,4.0,322.0,88.0,78.0,0.0,4.0,294.308,80.432,71.292,0.2826276696371792,6.323011217522016,True,matched_groundtruth_centers,original_epoch_098,63,0.8274584009766565,0.5503435134657672,-0.1115105907046944,14.36882781982422,14.368827819824219,12.679149359428573,training_consistent_log_reconstructed,124,nuclei_movie2_frozen_centers,movie2:component:73,1,0.8660254037844386,9.376038877437987,0.33847306531951915,0.727392967453308,0.5819143739626463,-0.363696483726654,13.74772708486752,13.74772708486752
1.7034188229563672,1.703418822956369,2,0.0,17.51702294481836,True,movie2:5:2,0.0,5.0,40.0,126.0,86.0,0.0,5.0,36.56,115.164,78.604,2.9312673330934587,18.348517772022443,True,matched_groundtruth_centers,original_epoch_098,64,0.8283092426798374,-0.18698120427806456,-0.5281494369379549,15.44300937652588,15.443009376525879,35.40426603313616,training_consistent_log_reconstructed,124,nuclei_movie2_frozen_centers,movie2:component:74,1,0.0,-0.8314948272040823,-1.2278485101370897,-0.6415330040950668,0.11664237110960517,0.7581754163244072,17.146428199482248,17.146428199482248
2.221567334153251,2.2215673341532494,12,0.5,4.244470776794193,True,movie2:5:12,0.0,5.0,84.0,165.0,93.0,0.0,5.0,76.776,150.81,85.00200000000001,2.704240783691663,11.280697335865263,True,matched_groundtruth_centers,original_epoch_098,65,0.4949701960570314,0.6454879657742705,-0.581678425812629,13.558166503906248,13.55816650390625,5.198801086664012,training_consistent_log_reconstructed,124,nuclei_movie2_frozen_centers,movie2:component:75,1,0.5,-7.0362265590710695,-0.48267344953841373,0.44360695721344523,0.633724256878269,-0.633724256878269,15.7797338380595,15.7797338380595
0.26071218828658616,0.26071218828658616,5,0.7071067811865476,11.458762463325767,True,movie2:5:5,0.0,5.0,92.0,61.0,92.0,0.0,5.0,84.08800000000001,55.754000000000005,84.08800000000001,0.7597868260578835,10.390754930423887,True,matched_groundtruth_centers,original_epoch_098,66,0.7723595939011317,-0.573971544936335,0.2720612491926692,15.557770729064941,15.557770729064941,21.6090184412276,training_consistent_log_reconstructed,124,nuclei_movie2_frozen_centers,movie2:component:76,1,0.7071067811865476,1.0680075329018806,-0.49907463777129735,-0.7190925097934088,0.5229763532251236,-0.4576043010356952,15.297058540778355,15.297058540778355
3.5066494918554945,3.5066494918554945,4,0.0,14.404021082057335,True,movie2:5:4,0.0,5.0,136.0,79.0,105.0,0.0,5.0,124.304,72.206,95.97,3.905938757351855,10.345624760440641,True,matched_groundtruth_centers,original_epoch_098,67,0.5366698921380177,0.7050160030433652,-0.4636139151549768,12.555728912353516,12.555728912353516,24.406552436549244,training_consistent_log_reconstructed,124,nuclei_movie2_frozen_centers,movie2:component:79,1,0.0,4.058396321616694,-0.39928926549636046,0.3112864137135935,0.8093446401049982,-0.49805825178450813,16.06237840420901,16.06237840420901
3.7896061083396404,3.7896061083396404,0,0.7071067811865476,10.815721111057131,True,movie2:5:0,0.0,5.0,197.0,132.0,38.0,0.0,5.0,180.058,120.64800000000001,34.732,3.194083285544778,83.29144612736282,True,matched_groundtruth_centers,original_epoch_098,68,0.6750381987871242,-0.3095016488313,0.6697254359429254,12.51990032196045,12.51990032196045,19.09426121678007,training_consistent_log_reconstructed,124,nuclei_movie2_frozen_centers,movie2:component:82,1,0.7071067811865476,-72.47572501630569,0.5955228227948623,-0.5518254118961022,0.24525574050011478,-0.7970811354795931,16.30950643030009,16.30950643030009
1.786607737743127,1.7866077377431253,17,0.0,7.980457395674567,True,movie2:5:17,0.0,5.0,209.0,67.0,147.0,0.0,5.0,191.026,61.238,134.358,2.416204022681166,21.19537528977829,True,matched_groundtruth_centers,original_epoch_098,69,0.869718299190293,0.04707314002947309,0.49129848314574476,9.571208953857422,9.571208953857422,5.55313155304633,training_consistent_log_reconstructed,124,nuclei_movie2_frozen_centers,movie2:component:83,1,0.0,-13.214917894103724,-0.6295962849380405,0.8804509072705594,0.17609017535927687,0.4402254536352797,11.357816691600549,11.357816691600547
2.174812403497045,2.1748124034970466,7,0.5,1.7284782418460851,True,movie2:5:7,0.0,5.0,228.0,165.0,115.0,0.0,5.0,208.392,150.81,105.11,3.5673337602317616,2.46025038430301,True,matched_groundtruth_centers,original_epoch_098,70,0.08574790201092493,0.5506723104678606,0.8303055484487099,13.668167114257814,13.668167114257812,5.820128237578829,training_consistent_log_reconstructed,124,nuclei_movie2_frozen_centers,movie2:component:84,1,0.5,-0.731772142456925,-1.392521356734715,0.0631194358426719,0.5680749606845786,0.8205527258269985,15.84297951775486,15.84297951775486
1.6925783892171005,1.6925783892171005,13,0.0,6.238109497931161,True,movie2:5:13,0.0,5.0,234.0,106.0,46.0,0.0,5.0,213.876,96.884,42.044000000000004,2.367926407604955,8.69231774472822,True,matched_groundtruth_centers,original_epoch_098,71,0.7832361640855224,-0.6151462148428688,0.09020113986579054,10.349016189575195,10.349016189575195,13.297027057848869,training_consistent_log_reconstructed,124,nuclei_movie2_frozen_centers,movie2:component:85,1,0.0,-2.4542082467970587,-0.6753480183878544,-0.7474093327564348,0.6643638229980474,0.0,12.041594578792296,12.041594578792296
0.668404110931144,0.6684041109311458,1,0.5,13.67772361715727,True,movie2:5:1,0.0,5.0,255.0,178.0,66.0,0.0,5.0,233.07000000000002,162.692,60.324000000000005,2.1724376555877676,19.369940055877116,True,matched_groundtruth_centers,original_epoch_098,72,0.9760229233190321,0.1926859245894085,0.10124913639580183,14.984071731567383,14.984071731567383,5.884264802026672,training_consistent_log_reconstructed,124,nuclei_movie2_frozen_centers,movie2:component:87,1,0.5,-5.692216438719846,-1.5040335446566218,0.9583148490797371,0.2555506212604943,-0.12777531063024716,15.652475842498527,15.652475842498529
3.309413526087722,3.30941352608772,9,0.5,4.391722232604631,True,movie2:5:9,0.0,5.0,273.0,76.0,85.0,0.0,5.0,249.52200000000002,69.464,77.69,3.731111718341026,9.123696032748182,True,matched_groundtruth_centers,original_epoch_098,73,0.8711336749738469,-0.4115214972425265,0.2679107643112335,14.29740333557129,14.297403335571289,8.607793987627549,training_consistent_log_reconstructed,124,nuclei_movie2_frozen_centers,movie2:component:88,1,0.5,-4.7319738001435505,-0.42169819225330585,-0.8519427428786249,0.3975732944630285,-0.3407771095397388,17.606816861659013,17.60681686165901
0.9798616942084486,0.9798616942084468,6,0.7071067811865476,3.20771155441859,True,movie2:5:6,0.0,5.0,293.0,136.0,92.0,0.0,5.0,267.802,124.304,84.08800000000001,2.6255335392524763,13.62376191860833,True,matched_groundtruth_centers,original_epoch_098,74,0.49273360150464435,-0.10490888141444792,0.8638331578196289,12.096835136413574,12.096835136413574,7.464022323654301,training_consistent_log_reconstructed,124,nuclei_movie2_frozen_centers,movie2:component:89,1,0.7071067811865476,-10.41605036418974,-1.6456718450440295,-0.5353034010613684,0.07647191079289473,-0.8411910102181401,13.076696830622023,13.076696830622021
1.3539286942600874,1.3539286942600857,14,0.5,12.864932029427413,True,movie2:5:14,0.0,5.0,303.0,108.0,94.0,0.0,5.0,276.942,98.712,85.916,1.8415391337169815,16.426726624287163,True,matched_groundtruth_centers,original_epoch_098,75,-0.4362617285172226,0.8957457116698477,0.08552966886550652,12.755682945251467,12.755682945251465,25.85526972174038,training_consistent_log_reconstructed,124,nuclei_movie2_frozen_centers,movie2:component:90,1,0.5,-3.56179459485975,-0.48761043945689586,-0.6139406318892063,0.7893522030852148,0.0,11.40175425099138,11.40175425099138
1.2669221361224672,1.2669221361224619,20,0.5,9.389718408547374,True,movie2:5:20,0.0,5.0,309.0,81.0,109.0,0.0,5.0,282.426,74.034,99.626,1.6066436767578125,12.155535036110695,True,matched_groundtruth_centers,original_epoch_098,76,0.655081482230879,0.7552508771366166,-0.021549111874172484,15.619622230529789,15.619622230529785,10.777925109276872,training_consistent_log_reconstructed,124,nuclei_movie2_frozen_centers,movie2:component:91,1,0.5,-2.7658166275633214,-0.33972154063535065,0.627059713616264,0.7664063166421002,0.13934659439892272,14.352700094407322,14.352700094407323
1.753555873308537,1.7535558733085388,4,0.5,8.77400652099371,True,movie2:6:4,0.0,6.0,108.0,169.0,52.0,0.0,6.0,98.712,154.466,47.528,1.4383206741772323,6.257234215921201,True,matched_groundtruth_centers,original_epoch_098,77,0.5284914590519473,0.2927273934570515,-0.796873547577647,10.974366188049318,10.974366188049316,9.827514903924323,training_consistent_log_reconstructed,124,nuclei_movie2_frozen_centers,movie2:component:92,1,0.5,2.516772305072509,0.3152351991313065,0.3928371086724435,0.3142696815290108,-0.8642416174435995,12.727922061357855,12.727922061357855
5.295718284321117,5.295718284321115,3,0.0,7.197406478106862,True,movie2:6:3,0.0,6.0,158.0,67.0,115.0,0.0,6.0,144.412,61.238,105.11,7.6689522287644465,5.827036818975763,True,matched_groundtruth_centers,original_epoch_098,78,0.425279938003301,-0.5112728634827578,0.7468179385888168,11.850709915161135,11.850709915161133,13.233624389019752,training_consistent_log_reconstructed,124,nuclei_movie2_frozen_centers,movie2:component:93,1,0.0,1.3703696591310983,-2.3732339444433315,-0.40824829046386296,0.40824829046386296,-0.8164965809277259,17.14642819948225,17.146428199482248
3.140569712860895,3.140569712860895,0,0.7071067811865476,42.88304286356435,True,movie2:6:0,0.0,6.0,188.0,117.0,39.0,0.0,6.0,171.832,106.938,35.646,3.3756977815449183,36.074560306116844,True,matched_groundtruth_centers,original_epoch_098,79,0.29215741844476906,0.6990798337609427,0.6526342228817462,14.151046752929688,14.151046752929688,52.08277705901407,training_consistent_log_reconstructed,124,nuclei_movie2_frozen_centers,movie2:component:94,1,0.7071067811865476,6.808482557447505,-0.23512806868402336,0.17349448947429322,0.05783149649143107,0.9831353824044865,17.291616465790582,17.291616465790582
2.535145757775637,2.5351457577756378,8,0.5,6.715568864403457,True,movie2:6:8,0.0,6.0,190.0,148.0,97.0,0.0,6.0,173.66,135.272,88.658,1.5464897340012556,8.332483141036061,True,matched_groundtruth_centers,original_epoch_098,80,0.9904098856016433,-0.08968337969438397,-0.10509590814647736,9.606213569641113,9.606213569641113,22.190251412891122,training_consistent_log_reconstructed,124,nuclei_movie2_frozen_centers,movie2:component:95,1,0.5,-1.6169142766326043,0.9886560237743822,-0.9899494942587161,0.1414213520544613,0.0,7.071067811865476,7.0710678118654755
2.085521775840615,2.085521775840615,1,0.5,4.379540650540208,True,movie2:6:1,0.0,6.0,211.0,65.0,88.0,0.0,6.0,192.854,59.410000000000004,80.432,1.9762782307871838,7.404464609983821,True,matched_groundtruth_centers,original_epoch_098,81,0.9252880002177994,0.3731269899043365,0.06795856132875895,11.934379577636719,11.934379577636719,7.828717151859099,training_consistent_log_reconstructed,124,nuclei_movie2_frozen_centers,movie2:component:96,1,0.5,-3.024923959443613,0.10924354505343103,0.9138115486202573,0.4061384660534476,0.0,9.848857801796104,9.848857801796104
0.061992467368119364,0.06199246736811759,6,0.7071067811865476,2.931640349418899,True,movie2:6:6,0.0,6.0,211.0,98.0,57.0,0.0,6.0,192.854,89.572,52.098,0.6788993777256156,5.180454871376568,True,matched_groundtruth_centers,original_epoch_098,82,-0.1110238071945906,0.8134172799100826,-0.5709869026341154,12.307324409484862,12.307324409484863,6.451579111541339,training_consistent_log_reconstructed,124,nuclei_movie2_frozen_centers,movie2:component:97,1,0.7071067811865476,-2.2488145219576694,-0.616906910357498,-0.16169041669088866,0.8084520834544433,-0.5659164584181103,12.36931687685298,12.36931687685298
0.6566512634101329,0.6566512634101329,2,0.7071067811865476,7.8902623344368,True,movie2:6:2,0.0,6.0,221.0,139.0,137.0,0.0,6.0,201.994,127.046,125.218,0.3827210190042507,11.027223147958562,True,matched_groundtruth_centers,original_epoch_098,83,-0.4160042848813146,0.6421043215660414,-0.6439273834731676,16.106403350830078,16.106403350830078,16.881480329337037,training_consistent_log_reconstructed,124,nuclei_movie2_frozen_centers,movie2:component:98,1,0.7071067811865476,-3.136960813521762,0.2739302444058822,-0.5368950070025345,0.5965499775608698,-0.5965499775608698,16.76305461424021,16.76305461424021
0.801514971232935,0.801514971232935,9,0.8660254037844386,12.159977462055826,True,movie2:6:9,0.0,6.0,227.0,184.0,148.0,0.0,6.0,207.478,168.17600000000002,135.272,0.32265087903505396,11.93924495099899,True,matched_groundtruth_centers,original_epoch_098,84,0.9805769283514236,-0.0016951740817065877,-0.19612754515804195,12.236889839172363,12.236889839172363,158.4929060451737,training_consistent_log_reconstructed,124,nuclei_movie2_frozen_centers,movie2:component:99,1,0.8660254037844386,0.2207325110568359,0.47886409219788106,0.9203579821144976,0.07669650006523042,-0.38348250499321895,13.038404810405298,13.038404810405298
1.5104667361985094,1.5104667361985094,7,0.5,11.955241430151569,True,movie2:6:7,0.0,6.0,270.0,114.0,65.0,0.0,6.0,246.78,104.196,59.410000000000004,2.54042842873179,12.603379018420659,True,matched_groundtruth_centers,original_epoch_098,85,0.4119446581024664,0.5814769717047735,-0.7015597836520335,14.077990531921387,14.077990531921387,13.912271045819782,training_consistent_log_reconstructed,124,nuclei_movie2_frozen_centers,movie2:component:100,1,0.5,-0.6481375882690905,-1.0299616925332806,0.32075014891844916,0.4490502033719513,-0.8339503923018454,15.588457268119896,15.588457268119896
1.4068020654422888,1.4068020654422888,8,0.7071067811865476,17.950028512203613,True,movie2:7:8,0.0,7.0,38.0,124.0,142.0,0.0,7.0,34.732,113.336,129.788,2.9122959540061153,28.57124949978803,True,matched_groundtruth_centers,original_epoch_098,86,0.35208099943750537,-0.33660713183215213,0.873346786010471,15.115909576416016,15.115909576416016,28.82618978231391,training_consistent_log_reconstructed,124,nuclei_movie2_frozen_centers,movie2:component:102,1,0.7071067811865476,-10.621220987584419,-1.5054938885638265,-0.24209101306752098,0.060522753266880246,-0.9683640522700839,16.522711641858304,16.522711641858304
2.0857463802398346,2.0857463802398364,3,0.5,18.514722453994032,True,movie2:7:3,0.0,7.0,43.0,99.0,83.0,0.0,7.0,39.302,90.486,75.86200000000001,2.0072036155131965,18.99902999286915,True,matched_groundtruth_centers,original_epoch_098,87,0.3150496834828499,0.7726160673764076,0.5511879074954115,10.759486198425295,10.759486198425293,21.801188251909608,training_consistent_log_reconstructed,124,nuclei_movie2_frozen_centers,movie2:component:103,1,0.5,-0.4843075388751181,0.0785427647266399,0.3113995819740959,0.5449492430594776,0.7784989549352399,12.84523257866513,12.84523257866513
1.260481156143534,1.260481156143534,0,2.598076211353316,70.50593238742265,True,movie2:7:0,0.0,7.5,87.0,203.5,59.5,0.0,7.5,79.518,185.999,54.383,2.9642040147562767,45.25933089582313,True,matched_groundtruth_centers,original_epoch_098,88,0.18907150742534182,0.9152114471459126,-0.3558651037865236,12.193142890930176,12.193142890930176,136.11668784652284,training_consistent_log_reconstructed,124,nuclei_movie2_frozen_centers,movie2:component:105,1,2.598076211353316,25.246601491599513,-1.7037228586127426,-0.4459764878451222,0.0743294117200442,0.8919529756902445,13.45362404707371,13.45362404707371
1.0365274948008167,1.0365274948008167,13,0.5,4.432909593973154,True,movie2:7:13,0.0,7.0,94.0,213.0,131.0,0.0,7.0,85.916,194.68200000000002,119.73400000000001,1.5429101814434603,2.8891016196451575,True,matched_groundtruth_centers,original_epoch_098,89,0.9495725744663351,-0.04291792343932167,-0.3105961649296929,11.806857109069824,11.806857109069824,10.643615312647897,training_consistent_log_reconstructed,124,nuclei_movie2_frozen_centers,movie2:component:106,1,0.5,1.5438079743279962,-0.5063826866426435,-0.928476692978359,0.0,0.37139067112135454,10.770329614269007,10.770329614269007
1.6902090105155718,1.69020901051557,4,0.5,3.8645201977930626,True,movie2:7:4,0.0,7.0,115.0,71.0,96.0,0.0,7.0,105.11,64.894,87.744,1.0248921800861055,8.39512589362355,True,matched_groundtruth_centers,original_epoch_098,90,0.6441299009657405,0.584071234597295,0.4939205033179498,11.037713050842285,11.037713050842285,7.258406033718081,training_consistent_log_reconstructed,124,nuclei_movie2_frozen_centers,movie2:component:107,1,0.5,-4.530605695830488,0.6653168304294645,0.6285393789831681,0.5499719306780362,0.5499719306780362,12.727922061357857,12.727922061357855
0.4282103179434138,0.42821031794341025,10,0.5,6.2566226194448324,True,movie2:7:10,0.0,7.0,115.0,245.0,66.0,0.0,7.0,105.11,223.93,60.324000000000005,1.365036650757446,9.023908932706776,True,matched_groundtruth_centers,original_epoch_098,91,0.985313096071643,-0.17072402190686245,-0.0033780251121818894,15.603009223937988,15.603009223937988,15.54465501327537,training_consistent_log_reconstructed,124,nuclei_movie2_frozen_centers,movie2:component:108,1,0.5,-2.767286313261944,-0.9368263328140358,-0.9980525784828885,0.06237828615518053,0.0,16.031219541881402,16.0312195418814
3.9152442827006126,3.9152442827006126,7,0.7071067811865476,9.76922194246564,True,movie2:7:7,0.0,7.0,141.0,201.0,109.0,0.0,7.0,128.874,183.714,99.626,3.878148691432873,8.765523221305385,True,matched_groundtruth_centers,original_epoch_098,92,-0.521487573200999,0.7539647007915465,-0.39948459414256066,11.864489555358888,11.864489555358887,18.435008883700824,training_consistent_log_reconstructed,124,nuclei_movie2_frozen_centers,movie2:component:109,1,0.7071067811865476,1.003698721160255,0.037095591267739536,-0.6337242523784553,0.6337242523784553,-0.4436069700700564,15.779733838059501,15.7797338380595
1.140592788949922,1.1405927889499203,1,0.7071067811865476,3.1635665045759835,True,movie2:7:1,0.0,7.0,156.0,101.0,75.0,0.0,7.0,142.584,92.31400000000001,68.55,0.8617000438614824,7.396494867543814,True,matched_groundtruth_centers,original_epoch_098,93,-0.6884171044630261,0.7243782935952164,-0.03685075373483766,11.770738601684572,11.77073860168457,7.621267399985453,training_consistent_log_reconstructed,124,nuclei_movie2_frozen_centers,movie2:component:111,1,0.7071067811865476,-4.232928362967831,0.278892745088438,-0.6585046264041882,0.7525766784881661,0.0,10.63014581273465,10.63014581273465
1.808525470012281,1.808525470012281,14,0.5,16.754592868541316,True,movie2:7:14,0.0,7.0,162.0,89.0,134.0,0.0,7.0,148.068,81.346,122.476,1.4540908035446236,16.279219780163057,True,matched_groundtruth_centers,original_epoch_098,94,0.22260201343268698,0.16160296004147176,0.9614222937510595,13.35722541809082,13.35722541809082,27.66997362411105,training_consistent_log_reconstructed,124,nuclei_movie2_frozen_centers,movie2:component:112,1,0.5,0.47537308837825876,0.3544346664676574,-0.06593804833795398,0.13187609667590797,0.9890707097608887,15.165750888103101,15.165750888103101
4.444780958584765,4.444780958584765,6,0.5,4.422700413874804,True,movie2:7:6,0.0,7.0,199.0,114.0,88.0,0.0,7.0,181.886,104.196,80.432,5.101566001038208,17.295185704967626,True,matched_groundtruth_centers,original_epoch_098,95,0.48344982003060055,0.41141758420826835,-0.7726654145984615,12.759869575500488,12.759869575500488,4.952112237986053,training_consistent_log_reconstructed,124,nuclei_movie2_frozen_centers,movie2:component:113,1,0.5,-12.872485291092822,-0.6567850424534427,0.46499055497527725,0.34874291623145787,-0.813733471206735,17.204650534085253,17.204650534085253
0.09582799832504563,0.09582799832504563,11,0.5,4.19686569259009,True,movie2:7:11,0.0,7.0,222.0,210.0,101.0,0.0,7.0,202.90800000000002,191.94,92.31400000000001,1.8440425445380626,4.883595857145241,True,matched_groundtruth_centers,original_epoch_098,96,0.7999322616857686,0.37286667037205784,-0.4701901985791987,14.601110458374023,14.601110458374023,2.674650935952198,training_consistent_log_reconstructed,124,nuclei_movie2_frozen_centers,movie2:component:114,1,0.5,-0.6867301645551507,-1.748214546213017,0.816496580927726,0.408248290463863,-0.408248290463863,14.696938456699069,14.696938456699069
3.281658869137946,3.2816588691379422,2,0.7071067811865476,9.43862838618827,True,movie2:7:2,0.0,7.0,226.0,85.0,74.0,0.0,7.0,206.56400000000002,77.69,67.636,4.3099782889298375,5.827617804624039,True,matched_groundtruth_centers,original_epoch_098,97,-0.1720719247338652,0.9307593486544766,-0.3226116668855566,15.184526443481445,15.184526443481445,15.113068948283793,training_consistent_log_reconstructed,124,nuclei_movie2_frozen_centers,movie2:component:115,1,0.7071067811865476,3.611010581564231,-1.0283194197918952,-0.05415303448224121,0.9747546514678492,-0.21661213792896483,18.46618531261939,18.466185312619388
0.32855465402282213,0.3285546540228239,9,0.7071067811865476,15.798813504482762,True,movie2:7:9,0.0,7.0,265.0,227.0,145.0,0.0,7.0,242.21,207.478,132.53,1.1858399443001701,14.2472496346121,True,matched_groundtruth_centers,original_epoch_098,98,0.8551425229169844,0.31806219992796403,0.40935034197635467,14.571109771728517,14.571109771728516,11.82124227060726,training_consistent_log_reconstructed,124,nuclei_movie2_frozen_centers,movie2:component:116,1,0.7071067811865476,1.5515638698706624,-0.8572852902773462,0.9396184802452081,0.06711560496608929,0.3355780194704674,14.89966442575134,14.89966442575134
4.125620258673777,4.125620258673777,5,0.8660254037844386,10.20017079789663,True,movie2:7:5,0.0,7.0,285.0,191.0,114.0,0.0,7.0,260.49,174.574,104.196,5.981737922602072,22.146126607715892,True,matched_groundtruth_centers,original_epoch_098,99,0.5631621939856863,0.26567590908427346,0.782473421016633,12.122456550598145,12.122456550598145,17.753103100954082,training_consistent_log_reconstructed,124,nuclei_movie2_frozen_centers,movie2:component:117,1,0.8660254037844386,-11.945955809819262,-1.8561176639282948,0.49236596078033584,0.12309149019508396,0.8616404387599333,16.24807680927192,16.24807680927192
0.6633125501955455,0.6633125501955455,12,0.5,11.73353683154651,True,movie2:7:12,0.0,7.0,326.0,182.0,102.0,0.0,7.0,297.964,166.348,93.22800000000001,0.5238610859991173,13.71041489714835,True,matched_groundtruth_centers,original_epoch_098,100,-0.1973585877718374,0.3561445237907139,0.9133513376607009,10.150145530700684,10.150145530700684,17.03057740421169,training_consistent_log_reconstructed,124,nuclei_movie2_frozen_centers,movie2:component:118,1,0.5,-1.9768780656018397,0.13945146419642818,0.0,0.3162277533727837,0.9486833022651984,9.486832980505138,9.486832980505138
2.3975858688354474,2.397585868835449,1,0.0,8.211173772494549,True,movie2:8:1,0.0,8.0,81.0,84.0,98.0,0.0,8.0,74.034,76.776,89.572,3.270411491394043,5.472625553857522,True,matched_groundtruth_centers,original_epoch_098,101,0.14280306378993846,0.9897483967170307,0.00232296540515423,12.602414131164553,12.60241413116455,15.136327107274575,training_consistent_log_reconstructed,124,nuclei_movie2_frozen_centers,movie2:component:119,1,0.0,2.7385482186370265,-0.8728256225585938,0.0,1.0,0.0,15.0,15.0
0.63393955275785,0.63393955275785,7,0.5,17.294308244802007,True,movie2:8:7,0.0,8.0,131.0,249.0,124.0,0.0,8.0,119.73400000000001,227.586,113.336,1.2658809636470938,22.458202578692802,True,matched_groundtruth_centers,original_epoch_098,102,0.7450166833858707,-0.6094681140475857,0.2711065462802335,10.067920684814453,10.067920684814453,36.16777709239962,training_consistent_log_reconstructed,124,nuclei_movie2_frozen_centers,movie2:component:120,1,0.5,-5.163894333890795,-0.6319414108892438,-0.8479983144557922,0.5299989232820528,0.0,9.433981132056603,9.433981132056603
1.9377302702582515,1.9377302702582515,8,0.0,38.78097771756009,True,movie2:8:8,0.0,8.0,144.0,121.0,64.0,0.0,8.0,131.616,110.59400000000001,58.496,1.8943108932225066,24.593215426979516,True,matched_groundtruth_centers,original_epoch_098,103,0.6265024226590284,0.7625535230061365,-0.16126636026554922,11.13896656036377,11.13896656036377,47.02676472957072,training_consistent_log_reconstructed,124,nuclei_movie2_frozen_centers,movie2:component:121,1,0.0,14.187762290580576,0.043419377035744944,0.2294157187086949,0.688247204138663,-0.688247204138663,13.076696830622021,13.076696830622021
2.3462130816717064,2.3462130816717064,6,0.7071067811865476,2.829380012582699,True,movie2:8:6,0.0,8.0,166.0,83.0,85.0,0.0,8.0,151.72400000000002,75.86200000000001,77.69,2.541595674884931,3.1868910155350134,True,matched_groundtruth_centers,original_epoch_098,104,0.7890013941680966,-0.33931922236111783,-0.5121906533089473,13.274286270141602,13.274286270141602,5.602752720237225,training_consistent_log_reconstructed,124,nuclei_movie2_frozen_centers,movie2:component:122,1,0.7071067811865476,-0.3575110029523145,-0.1953825932132247,-0.7682212837541549,0.38411064187707744,0.5121475119376231,15.620499351813308,15.620499351813308
1.6915034320719222,1.691503432071924,0,0.5,6.427189811478012,True,movie2:8:0,0.0,8.0,190.0,169.0,44.0,0.0,8.0,173.66,154.466,40.216,1.6607485412100118,5.004429110841646,True,matched_groundtruth_centers,original_epoch_098,105,0.8350824904015305,-0.3740376745963696,-0.4034018495338336,13.174565315246584,13.174565315246582,13.36853357724532,training_consistent_log_reconstructed,124,nuclei_movie2_frozen_centers,movie2:component:123,1,0.5,1.422760700636366,0.030754890861912187,-0.8744746321952062,0.26906911049452037,0.40360368113379047,14.866068747318506,14.866068747318506
0.6891893137793996,0.6891893137793978,4,0.7071067811865476,9.000312676391312,True,movie2:8:4,0.0,8.0,258.0,157.0,52.0,0.0,8.0,235.812,143.49800000000002,47.528,0.24873969455542522,5.8914815384081605,True,matched_groundtruth_centers,original_epoch_098,106,0.26446029750070044,0.39789535957411265,-0.8784873555579662,10.487148284912111,10.48714828491211,13.90211904414812,training_consistent_log_reconstructed,124,nuclei_movie2_frozen_centers,movie2:component:124,1,0.7071067811865476,3.1088311379831515,0.44044961922397263,0.408248290463863,0.408248290463863,-0.816496580927726,9.797958971132712,9.797958971132712
1.6035287177562,1.6035287177562,5,0.7071067811865476,28.498086883947003,True,movie2:8:5,0.0,8.0,262.0,56.0,77.0,0.0,8.0,239.46800000000002,51.184000000000005,70.378,1.4711204725588267,33.10924356991617,True,matched_groundtruth_centers,original_epoch_098,107,0.7772639747131571,0.4302136791988849,0.45910445853124077,10.14753246307373,10.14753246307373,20.038614127053552,training_consistent_log_reconstructed,124,nuclei_movie2_frozen_centers,movie2:component:125,1,0.7071067811865476,-4.6111566859691635,0.13240824519737338,0.9363291810011709,0.3511234324360547,0.0,8.54400374531753,8.54400374531753
1.7010656987539434,1.7010656987539434,2,0.8660254037844386,27.662668880460114,True,movie2:8:2,0.0,8.0,312.0,80.0,137.0,0.0,8.0,285.168,73.12,125.218,1.5055591619955706,37.93495619820514,True,matched_groundtruth_centers,original_epoch_098,108,0.6266249430662979,0.7685491177352851,-0.12912565335932918,12.227322578430178,12.227322578430176,27.19988423536427,training_consistent_log_reconstructed,124,nuclei_movie2_frozen_centers,movie2:component:126,1,0.8660254037844386,-10.272287317745029,0.19550653675837282,0.5025707156529163,0.6461623572335301,-0.574366506563991,13.928388277184121,13.92838827718412
1.418645608620965,1.4186456086209631,14,0.5,15.118577833068334,True,movie2:9:14,0.0,9.0,43.0,147.0,92.0,0.0,9.0,39.302,134.358,84.08800000000001,2.0802720383723905,5.446636651109592,True,matched_groundtruth_centers,original_epoch_098,109,0.15836782373946504,0.3738124597552901,-0.9138839517880404,11.923018455505371,11.923018455505371,26.058240820185514,training_consistent_log_reconstructed,124,nuclei_movie2_frozen_centers,movie2:component:127,1,0.5,9.671941181958744,-0.6616264297514274,0.3747658521338962,0.22485950595013435,-0.8994380238005374,13.341664064126336,13.341664064126334
1.710532934802119,1.7105329348021208,17,0.5,18.512336395124375,True,movie2:9:17,0.0,9.0,69.0,135.0,124.0,0.0,9.0,63.066,123.39,113.336,0.04609882063446413,11.083924792797857,True,matched_groundtruth_centers,original_epoch_098,110,0.9360541827990623,0.3210306434633201,-0.1440204597337001,10.536915779113771,10.53691577911377,14.719752601543318,training_consistent_log_reconstructed,124,nuclei_movie2_frozen_centers,movie2:component:128,1,0.5,7.428411602326518,1.6644341141676566,0.8981462407813201,0.4082482882628362,0.1632993120035943,12.24744871391589,12.24744871391589
0.8869377766958397,0.886937776695838,3,0.8660254037844386,11.058459483657419,True,movie2:9:3,0.0,9.0,116.0,118.0,59.0,0.0,9.0,106.024,107.852,53.926,0.3225605047690081,13.381845897199858,True,matched_groundtruth_centers,original_epoch_098,111,0.8845249983806932,-0.09594464061964465,-0.45651960875301084,13.041450500488281,13.041450500488281,22.696224231470545,training_consistent_log_reconstructed,124,nuclei_movie2_frozen_centers,movie2:component:129,1,0.8660254037844386,-2.3233864135424387,0.5643772719268298,-0.7897539804068481,0.21538744490584064,0.5743665197489083,13.928388277184121,13.92838827718412
0.8574490164110422,0.8574490164110404,1,0.0,5.7667514108434865,True,movie2:9:1,0.0,9.0,140.0,143.0,44.0,0.0,9.0,127.96000000000001,130.702,40.216,1.366197670197014,20.91081193246704,True,matched_groundtruth_centers,original_epoch_098,112,0.665558161352632,-0.18638855950820163,0.7226974738722707,14.458919525146486,14.458919525146484,12.718092854214163,training_consistent_log_reconstructed,124,nuclei_movie2_frozen_centers,movie2:component:131,1,0.0,-15.144060521623555,-0.5087486537859736,-0.7352146376591716,0.14704292753183434,-0.6616931418977839,13.601470508735444,13.601470508735444
0.3182444549180019,0.3182444549180037,10,0.5,3.5624957568139153,True,movie2:9:10,0.0,9.0,172.0,164.0,116.0,0.0,9.0,157.208,149.89600000000002,106.024,1.4849044694681908,5.687040613037807,True,matched_groundtruth_centers,original_epoch_098,113,0.18785768269431277,0.45847623430879303,-0.86862479450379,13.717424392700197,13.717424392700195,5.264597478642161,training_consistent_log_reconstructed,124,nuclei_movie2_frozen_centers,movie2:component:132,1,0.5,-2.1245448562238916,-1.166660014550187,0.1424940999758193,0.49872934991536755,-0.8549645998549158,14.035668847618199,14.035668847618199
0.8033369581158176,0.8033369581158194,0,0.8660254037844386,18.841707520941068,True,movie2:9:0,0.0,9.0,197.0,120.0,56.0,0.0,9.0,180.058,109.68,51.184000000000005,0.3581251227212192,18.20603331955502,True,matched_groundtruth_centers,original_epoch_098,114,-0.6778934850461608,0.7346568336454316,-0.02719852404155773,13.549363136291506,13.549363136291504,34.95433426164387,training_consistent_log_reconstructed,124,nuclei_movie2_frozen_centers,movie2:component:133,1,0.8660254037844386,0.635674201386049,0.4452118353946002,-0.6270597289021522,0.6967330027430362,-0.3483665013715181,14.352700094407323,14.352700094407323
0.7268021428292659,0.7268021428292641,8,0.5,12.617456969178658,True,movie2:9:8,0.0,9.0,205.0,184.0,135.0,0.0,9.0,187.37,168.17600000000002,123.39,0.5524006231913212,13.102296238127433,True,matched_groundtruth_centers,original_epoch_098,115,0.7629224494435681,-0.4390785750294088,0.47450957955047635,12.516628265380861,12.51662826538086,23.687255412432492,training_consistent_log_reconstructed,124,nuclei_movie2_frozen_centers,movie2:component:134,1,0.5,-0.48483926894877527,0.17440151963794293,-0.7633700313460261,0.2544566718255071,-0.5937322607086912,11.789826122551595,11.789826122551595
0.8373388861009783,0.8373388861009818,11,0.5,13.999497193450054,True,movie2:9:11,0.0,9.0,229.0,104.0,152.0,0.0,9.0,209.306,95.056,138.928,1.0873622954421531,9.774214752449659,True,matched_groundtruth_centers,original_epoch_098,116,-0.0663843743805104,0.9958025475207039,-0.06301111956936392,14.438809394836424,14.438809394836426,19.740987806435417,training_consistent_log_reconstructed,124,nuclei_movie2_frozen_centers,movie2:component:135,1,0.5,4.225282441000395,-0.2500234093411713,0.0,0.9557790073550252,-0.29408585328002873,13.601470508735446,13.601470508735444
3.097659751038208,3.097659751038208,12,0.7071067811865476,23.384184719378773,True,movie2:9:12,0.0,9.0,239.0,221.0,45.0,0.0,9.0,218.446,201.994,41.13,3.910238287156755,15.404310223621307,True,matched_groundtruth_centers,original_epoch_098,117,-0.9303695033043775,0.19961859238605884,-0.30751423527208316,14.930096626281742,14.930096626281738,55.18061948193277,training_consistent_log_reconstructed,124,nuclei_movie2_frozen_centers,movie2:component:136,1,0.7071067811865476,7.979874495757466,-0.8125785361185471,0.9984603530504905,0.05547002241111499,0.0,18.02775637731995,18.027756377319946
0.43196436740409005,0.43196436740409005,13,0.5,4.03636630744166,True,movie2:9:13,0.0,9.0,241.0,232.0,74.0,0.0,9.0,220.274,212.048,67.636,1.223337173461914,2.408642288587501,True,matched_groundtruth_centers,original_epoch_098,118,0.5606014870178311,0.6828292889932792,0.46847639732043006,9.51791000366211,9.51791000366211,6.259207181728121,training_consistent_log_reconstructed,124,nuclei_movie2_frozen_centers,movie2:component:137,1,0.5,1.6277240188541588,-0.791372806057824,0.502518907629606,0.7035264706814485,0.502518907629606,9.9498743710662,9.9498743710662
0.8408849844579613,0.8408849844579613,16,0.5,6.050886321622184,True,movie2:9:16,0.0,9.0,243.0,49.0,116.0,0.0,9.0,222.102,44.786,106.024,0.24228459688471915,6.396254802671826,True,matched_groundtruth_centers,original_epoch_098,119,0.6890531735577512,0.3079542091747544,-0.6560258600554884,11.52843189239502,11.52843189239502,5.698131524502943,training_consistent_log_reconstructed,124,nuclei_movie2_frozen_centers,movie2:component:138,1,0.5,-0.3453684810496416,0.5986003875732422,0.6467616644461078,0.4042260491430513,-0.6467616644461078,12.36931687685298,12.36931687685298
2.599830988431723,2.599830988431723,2,0.0,9.284822863427419,True,movie2:9:2,0.0,9.0,250.0,115.0,62.0,0.0,9.0,228.5,105.11,56.668,2.4789886474609375,13.02571610299987,True,matched_groundtruth_centers,original_epoch_098,120,0.8574169752364798,0.42710815803361435,-0.28707969610799566,14.193024635314941,14.193024635314941,12.163776916756614,training_consistent_log_reconstructed,124,nuclei_movie2_frozen_centers,movie2:component:139,1,0.0,-3.7408932395724506,0.1208423409707855,0.7741387441769642,0.4763930528741819,-0.41684393235038203,16.792855623746664,16.792855623746664
1.1138602045765875,1.1138602045765857,15,0.7071067811865476,5.634583922282439,True,movie2:9:15,0.0,9.0,264.0,72.0,132.0,0.0,9.0,241.29600000000002,65.808,120.64800000000001,0.7932301843583947,9.86414132340665,True,matched_groundtruth_centers,original_epoch_098,121,0.359159504612681,0.5761863555835397,-0.7341755470497042,10.066479682922363,10.066479682922363,6.906411497460463,training_consistent_log_reconstructed,124,nuclei_movie2_frozen_centers,movie2:component:141,1,0.7071067811865476,-4.229557401124212,0.3206300202181911,0.4472135954999579,0.5366563145999494,-0.7155417527999327,11.18033988749895,11.180339887498949
2.8211911665738274,2.8211911665738274,9,0.8660254037844386,8.016527937462259,True,movie2:9:9,0.0,9.0,301.0,168.0,141.0,0.0,9.0,275.11400000000003,153.552,128.874,1.8837344557841913,16.702806838735313,True,matched_groundtruth_centers,original_epoch_098,122,0.4751494991677715,-0.13671030777262366,0.8692199061165883,11.071252822875977,11.071252822875977,19.246647821135948,training_consistent_log_reconstructed,124,nuclei_movie2_frozen_centers,movie2:component:143,1,0.8660254037844386,-8.686278901273054,0.9374567107896361,-0.5038710212502906,0.0,-0.8637789033914809,13.892443989449804,13.892443989449804
1.6697940966208886,1.6697940966208904,7,0.7071067811865476,5.379685699519848,True,movie2:9:7,0.0,9.0,317.0,147.0,88.0,0.0,9.0,289.738,134.358,80.432,2.4892097876242794,4.627742432467109,True,matched_groundtruth_centers,original_epoch_098,123,0.14137452094804662,0.962989120857107,-0.22948899306408246,14.639712333679201,14.6397123336792,10.041987835720109,training_consistent_log_reconstructed,124,nuclei_movie2_frozen_centers,movie2:component:144,1,0.7071067811865476,0.7519432670527388,-0.819415691003389,0.06131393400982399,0.9810229441571838,-0.18394179659177579,16.30950643030009,16.30950643030009
4.980014279522431,4.9800142795224325,13,2.0615528128088303,7.685597846269183,True,movie2:2:13,0.0,2.0,27.0,154.0,67.0,0.0,2.0,24.678,140.756,61.238,5.240632346675135,8.26369906392143,True,predicted_centers,original_epoch_098,0,0.8484357323051145,0.15471813671447193,-0.5061809027605507,12.936458587646486,12.936458587646484,8.096712075923179,training_consistent_log_reconstructed,124,nuclei_movie2_frozen_centers,movie2:component:0,1,0.5,-0.5781012176522475,-0.2606180671527021,0.7814038044302498,0.1116291116991269,-0.6139601256133788,17.916472867168917,17.916472867168917
1.3383666073596547,1.3383666073596565,8,2.5,13.856663567399297,True,movie2:2:8,0.0,2.0,44.0,200.0,121.0,0.0,2.0,40.216,182.8,110.59400000000001,3.081411908278593,26.24096713677967,True,predicted_centers,original_epoch_098,1,0.9084440883996864,0.3487566960844944,0.23043026100729572,15.062852859497072,15.06285285949707,7.853341768043379,training_consistent_log_reconstructed,124,nuclei_movie2_frozen_centers,movie2:component:1,1,0.5,-12.384303569380373,-1.7430453009189364,0.9755372158568809,0.12194215198211011,0.1829132363941367,16.401219466856727,16.401219466856727
1.5912010311766593,1.5912010311766593,18,1.224744871391589,11.991848005362964,True,movie2:2:18,0.0,2.0,51.0,117.0,114.0,0.0,2.0,46.614000000000004,106.938,104.196,0.7658681819896849,12.209795878242796,True,predicted_centers,original_epoch_098,2,0.6998038891947594,-0.2838778634376309,0.6555058163876005,10.864819526672363,10.864819526672363,22.463510896933947,training_consistent_log_reconstructed,124,nuclei_movie2_frozen_centers,movie2:component:2,1,0.7071067811865476,-0.2179478728798312,0.8253328491869745,-0.646996644757806,0.10783277138953609,-0.7548294079370473,9.273618495495704,9.273618495495704
0.31907623838319665,0.31907623838319665,0,2.0615528128088303,9.75301326636578,True,movie2:2:0,0.0,2.0,79.0,141.0,45.0,0.0,2.0,72.206,128.874,41.13,0.1406717360549461,11.14101106899974,True,predicted_centers,original_epoch_098,3,-0.10497308763247645,0.9675992831672882,-0.22963509768120052,14.566883087158203,14.566883087158203,17.039053075406123,training_consistent_log_reconstructed,124,nuclei_movie2_frozen_centers,movie2:component:3,1,0.5,-1.3879978026339597,0.17840450232825056,-0.21055871529851447,0.9124211315489575,-0.3509311985486031,14.247806848775006,14.247806848775006
0.4516845644931937,0.4516845644931937,4,1.0,7.564480610989744,True,movie2:2:4,0.0,2.0,98.0,132.0,85.0,0.0,2.0,89.572,120.64800000000001,77.69,1.4178447861904306,7.683524069522584,True,predicted_centers,original_epoch_098,4,0.6331704498599613,-0.17454328919132717,0.7540754747519686,13.642590522766115,13.642590522766113,13.943889798471751,training_consistent_log_reconstructed,124,nuclei_movie2_frozen_centers,movie2:component:4,1,0.0,-0.1190434585328406,-0.9661602216972369,-0.5306686455805337,0.1516196130230096,-0.8339078375602874,13.190905958272921,13.19090595827292
0.20523166656493963,0.2052316665649414,2,2.1213203435596424,6.911320980593841,True,movie2:2:2,0.0,2.0,115.0,150.0,59.0,0.0,2.0,105.11,137.1,53.926,0.07849474053993966,4.925157434359392,True,predicted_centers,original_epoch_098,5,0.8648318431867679,-0.501446850594845,-0.024838257561452765,14.79476833343506,14.794768333435059,16.80084897827435,training_consistent_log_reconstructed,124,nuclei_movie2_frozen_centers,movie2:component:5,1,0.7071067811865476,1.9861635462344491,0.12673692602500175,-0.8,0.6,0.0,15.0,15.0
2.245696413760937,2.245696413760937,9,12.278029157808675,61.022898967918515,True,movie2:2:9,0.0,4.0,122.0,224.0,98.0,0.0,4.0,111.50800000000001,204.73600000000002,89.572,0.485104099376926,73.35402727498864,True,predicted_centers,original_epoch_098,6,-0.5847487542963025,0.7263305748067234,0.3612655400807796,10.963494300842285,10.963494300842285,133.65353093040738,training_consistent_log_reconstructed,124,nuclei_movie2_frozen_centers,movie2:component:6,1,0.8660254037844386,-12.331128307070124,1.7605923143840112,0.6882472016116853,0.22941573387056174,-0.6882472016116853,8.717797887081348,8.717797887081348
0.6465733159290146,0.6465733159290146,3,3.6742346141747673,19.742646178187368,True,movie2:2:3,0.0,2.0,127.0,191.0,62.0,0.0,2.0,116.078,174.574,56.668,0.7488801790648161,16.70541512858432,True,predicted_centers,original_epoch_098,7,0.9543652927398676,-0.10932076571861007,0.27791340053376967,11.559982299804688,11.559982299804688,39.6310675262753,training_consistent_log_reconstructed,124,nuclei_movie2_frozen_centers,movie2:component:7,1,0.7071067811865476,3.0372310496030472,-0.1023068631358015,-0.8192319146469484,0.0,-0.5734623527520312,12.206555615733702,12.206555615733702
3.175369228493249,3.175369228493249,17,3.3166247903554,30.09254172020458,True,movie2:2:17,0.0,2.0,140.0,248.0,104.0,0.0,2.0,127.96000000000001,226.672,95.056,3.037878040112787,21.942898493577342,True,predicted_centers,original_epoch_098,8,-0.24185265520109,0.4888233101172155,-0.8381879649924779,9.977577209472656,9.977577209472656,47.9072609233891,training_consistent_log_reconstructed,124,nuclei_movie2_frozen_centers,movie2:component:8,1,0.0,8.149643226627237,0.13749118838046215,-0.1520571842539411,0.0,-0.9883716976506172,13.152946437965905,13.152946437965905
0.9037094176345359,0.9037094176345359,1,3.9370039370059056,35.301460513011065,True,movie2:2:1,0.0,2.0,139.0,215.0,60.0,0.0,2.0,127.046,196.51000000000002,54.84,2.4473205969504512,6.022841357587624,True,predicted_centers,original_epoch_098,9,0.6457544207565105,-0.1635228049966074,-0.7458294177085436,14.620465278625488,14.620465278625488,175.427586071455,training_consistent_log_reconstructed,124,nuclei_movie2_frozen_centers,movie2:component:9,1,0.7071067811865476,29.278619155423442,-1.5436111793159153,-0.9662349435922334,0.0,0.25766263559413044,15.524174696260024,15.524174696260024
0.9711870168087167,0.9711870168087149,14,2.8722813232690143,6.251271154314771,True,movie2:2:14,0.0,2.0,164.0,129.0,79.0,0.0,2.0,149.89600000000002,117.906,72.206,0.12082315571172941,12.954836823957143,True,predicted_centers,original_epoch_098,10,0.644124672070587,0.28926390076352315,0.7081170825118043,11.787840843200685,11.787840843200684,15.128221065685224,training_consistent_log_reconstructed,124,nuclei_movie2_frozen_centers,movie2:component:11,1,0.5,-6.703565669642372,0.8503638610969855,0.6471502443935288,0.18490006222462543,0.7396002488985017,10.816653826391969,10.816653826391969
1.6659596907437493,1.6659596907437493,19,2.692582403567252,15.946869203890223,True,movie2:2:19,0.0,2.0,165.0,147.0,138.0,0.0,2.0,150.81,134.358,126.132,2.773159009900505,31.652099585768507,True,predicted_centers,original_epoch_098,11,0.7194245976636949,-0.03877692750890222,0.6934872732569791,12.226484298706055,12.226484298706055,30.77975742739509,training_consistent_log_reconstructed,124,nuclei_movie2_frozen_centers,movie2:component:12,1,0.5,-15.705230381878284,-1.1071993191567557,-0.5038710212502906,0.0,-0.8637789033914809,13.892443989449804,13.892443989449804
6.3824842965661155,6.3824842965661155,27,15.660459763365825,76.81344191423375,True,movie2:2:27,0.0,2.0,170.0,225.0,106.0,0.0,2.0,155.38,205.65,96.884,7.056771263122815,80.51645956170347,True,predicted_centers,original_epoch_098,12,0.5004193247217398,0.201161404815749,-0.8420894184453289,10.049192428588867,10.049192428588867,98.06998567639843,training_consistent_log_reconstructed,124,nuclei_movie2_frozen_centers,movie2:component:13,1,0.5,-3.7030176474697214,-0.6742869665567,0.42600642588869525,0.608580616359611,0.669438689121637,16.431676725154983,16.431676725154983
0.008885261289719892,0.008885261289719892,21,2.9154759474226504,0.5974264074193003,True,movie2:2:21,0.0,2.0,182.0,95.0,66.0,0.0,2.0,166.348,86.83,60.324000000000005,0.15086688670122683,6.661618807709088,True,predicted_centers,original_epoch_098,13,0.4237915029383977,0.34563669233175465,-0.8372192299219948,11.883227348327638,11.883227348327637,1.6205828741313097,training_consistent_log_reconstructed,124,nuclei_movie2_frozen_centers,movie2:component:14,1,0.7071067811865476,-6.064192400289787,-0.14198162541150694,0.42107596131897473,0.336860763515887,-0.8421519226379495,11.874342087037919,11.874342087037917
2.391543154889627,2.391543154889625,16,4.55521678957215,1.1663614566617595,True,movie2:2:16,0.0,2.0,188.0,168.0,81.0,0.0,2.0,171.832,153.552,74.034,1.6768611712608426,11.2243710399539,True,predicted_centers,original_epoch_098,14,-0.1785687439514026,0.9592817249782708,0.21884189682583957,14.371511459350588,14.371511459350586,2.231971068752014,training_consistent_log_reconstructed,124,nuclei_movie2_frozen_centers,movie2:component:15,1,0.8660254037844386,-10.05800958329214,0.7146819836287825,-0.17896499588156806,0.9544799780350297,0.23861999450875743,16.763054614240215,16.76305461424021
2.010269509315126,2.010269509315126,7,3.5355339059327378,18.25792672759573,True,movie2:2:7,0.0,2.0,195.0,214.0,90.0,0.0,2.0,178.23000000000002,195.596,82.26,1.1016580833321967,7.729063644847705,True,predicted_centers,original_epoch_098,15,0.8201362102693424,0.22945055309410564,-0.5241460104683142,13.737746238708496,13.737746238708496,10.92766770996626,training_consistent_log_reconstructed,124,nuclei_movie2_frozen_centers,movie2:component:16,1,0.7071067811865476,10.528863082748025,0.9086114259829294,0.8890008920619218,0.38100036875821786,-0.254000261651852,15.748015748023622,15.748015748023622
0.14849015971110902,0.14849015971110724,6,3.2015621187164243,5.905057338528771,True,movie2:2:6,0.0,2.0,209.0,97.0,46.0,0.0,2.0,191.026,88.658,42.044000000000004,0.8853825402958044,7.958512762418917,True,predicted_centers,original_epoch_098,16,0.7376246389626023,-0.6694704691764474,0.08785888057537497,14.98425579071045,14.98425579071045,13.010624270844346,training_consistent_log_reconstructed,124,nuclei_movie2_frozen_centers,movie2:component:17,1,0.5,-2.0534554238901466,-0.7368923805846972,-0.792982312574065,0.5947367501684605,-0.13216372400831475,15.132745950421558,15.132745950421556
2.7099091293724857,2.7099091293724875,25,4.301162633521313,8.049933644924584,True,movie2:2:25,0.0,2.0,208.0,128.0,129.0,0.0,2.0,190.112,116.992,117.906,2.1682060604454456,7.5093487238405565,True,predicted_centers,original_epoch_098,17,0.15881169707731474,-0.43966927038143955,0.8840077926996321,13.383567810058596,13.383567810058594,12.55389842634583,training_consistent_log_reconstructed,124,nuclei_movie2_frozen_centers,movie2:component:18,1,0.7071067811865476,0.5405849210840277,0.5417030689270419,-0.18641092718587707,0.3106848657450127,-0.932054655276559,16.09347693943108,16.09347693943108
1.8232554082988095,1.823255408298813,5,10.793516572461451,62.14170148898693,True,movie2:2:5,0.0,3.0,241.0,198.0,109.0,0.0,3.0,220.274,180.972,99.626,1.6962650900004732,76.65151740239943,True,predicted_centers,original_epoch_098,18,0.7598420391140658,-0.19020769717676084,-0.6216599613371381,12.668121337890627,12.668121337890625,114.68838334211175,training_consistent_log_reconstructed,124,nuclei_movie2_frozen_centers,movie2:component:19,1,0.7071067811865476,-14.509815913412503,0.12699031829833984,-0.7590721072564883,0.5520524589744059,-0.34503277891456374,14.491376746189436,14.491376746189438
0.87554779634665,0.87554779634665,22,2.7386127875258306,6.46068025414455,True,movie2:2:22,0.0,2.0,247.0,216.0,72.0,0.0,2.0,225.758,197.424,65.808,1.4843334237749435,6.788339240646866,True,predicted_centers,original_epoch_098,19,-0.5978111289199034,0.21729998199864856,0.7716233355484381,12.315358161926271,12.31535816192627,13.785634619219024,training_consistent_log_reconstructed,124,nuclei_movie2_frozen_centers,movie2:component:20,1,0.7071067811865476,-0.32765898650231584,-0.6087856274282935,-0.5306686455805337,0.1516196130230096,0.8339078375602874,13.190905958272921,13.19090595827292
1.996446572646903,1.996446572646903,28,1.224744871391589,5.161086990343416,True,movie2:2:28,0.0,2.0,275.0,62.0,112.0,0.0,2.0,251.35000000000002,56.668,102.36800000000001,4.147710459010998,6.843724676646735,True,predicted_centers,original_epoch_098,20,0.6870819805532248,-0.24501749184365149,-0.6840210381923236,14.128068923950195,14.128068923950195,11.510107410749718,training_consistent_log_reconstructed,124,nuclei_movie2_frozen_centers,movie2:component:22,1,1.8708286933869707,-1.6826376863033188,-2.151263886364095,-0.6201736805872538,0.24806946230132654,0.7442084034599379,16.1245154965971,16.1245154965971
2.903956301741024,2.903956301741024,24,3.3166247903554,15.384441941497746,True,movie2:2:24,0.0,2.0,278.0,216.0,95.0,0.0,2.0,254.092,197.424,86.83,2.191702190510739,13.257465413423997,True,predicted_centers,original_epoch_098,21,0.7434237089656262,0.5961845577421556,-0.303125653908709,9.784621238708496,9.784621238708496,12.511392815106227,training_consistent_log_reconstructed,124,nuclei_movie2_frozen_centers,movie2:component:23,1,0.0,2.126976528073749,0.7122541112302851,0.7881104062391007,0.39405520311955033,-0.47286624374346037,12.68857754044952,12.68857754044952
0.389757791649453,0.38975779164945124,26,3.1622776601683795,11.542691210029743,True,movie2:2:26,0.0,2.0,284.0,188.0,81.0,0.0,2.0,259.576,171.832,74.034,0.057761778262211294,6.895056965236747,True,predicted_centers,original_epoch_098,22,-0.40637254421772834,0.2734568526426892,0.8718272220163609,13.538630485534668,13.538630485534668,18.979094404168688,training_consistent_log_reconstructed,124,nuclei_movie2_frozen_centers,movie2:component:24,1,0.0,4.647634244792996,0.33199601338723994,-0.21538744591028236,0.2871832675854271,0.9333456053162741,13.928388277184121,13.92838827718412
0.2601615259278791,0.2601615259278791,12,2.7386127875258306,8.617754679489014,True,movie2:2:12,0.0,2.0,284.0,68.0,139.0,0.0,2.0,259.576,62.152,127.046,0.3850745376177027,5.878040190838423,True,predicted_centers,original_epoch_098,23,0.662637364085667,0.6582879241843836,0.3571676533374972,10.748250007629395,10.748250007629395,10.441806927960007,training_consistent_log_reconstructed,124,nuclei_movie2_frozen_centers,movie2:component:25,1,0.7071067811865476,2.7397144886505913,-0.1249130116898236,0.5720775412472399,0.6674238303363678,0.47673128437269985,10.488088481701515,10.488088481701515
0.8640678918419944,0.8640678918419944,20,2.1213203435596424,8.832549754267754,True,movie2:2:20,0.0,2.0,305.0,100.0,54.0,0.0,2.0,278.77000000000004,91.4,49.356,1.547199885869194,6.2857644183937005,True,predicted_centers,original_epoch_098,24,0.140146860807762,0.49458497856739436,-0.8577555341594829,15.567608833312988,15.567608833312988,12.087466683478093,training_consistent_log_reconstructed,124,nuclei_movie2_frozen_centers,movie2:component:27,1,0.7071067811865476,2.5467853358740538,-0.6831319940271996,0.06085806365647026,0.6085806256919499,-0.7911548003522318,16.431676725154983,16.431676725154983
0.9437070957573752,0.9437070957573752,11,4.743416490252569,4.149484572493552,True,movie2:2:11,0.0,2.0,318.0,188.0,59.0,0.0,2.0,290.652,171.832,53.926,0.1273426079454829,13.965882609834981,True,predicted_centers,original_epoch_098,25,-0.4423234300749872,0.8802044026536654,0.17201800125510733,17.191783905029297,17.191783905029297,12.330288511138892,training_consistent_log_reconstructed,124,nuclei_movie2_frozen_centers,movie2:component:28,1,0.7071067811865476,-9.816398037341429,0.8163644878118923,-0.4923659529398475,0.8616404435202297,0.12309148823496187,16.24807680927192,16.24807680927192
6.398571990906927,6.398571990906927,7,5.0990195135927845,18.935697363249542,True,movie2:3:7,0.0,3.0,64.0,84.0,125.0,0.0,3.0,58.496,76.776,114.25,8.07220540652964,65.28738696159613,True,predicted_centers,original_epoch_098,26,0.7587499416338332,-0.35290757879249884,-0.5474986455704443,15.211610794067383,15.211610794067383,38.001722828643615,training_consistent_log_reconstructed,124,nuclei_movie2_frozen_centers,movie2:component:30,1,0.0,-46.35168959834658,-1.6736334156227137,-0.5090192881088625,0.5090192881088625,0.6941172297719556,21.61018278497431,21.61018278497431
5.089521194258651,5.089521194258651,12,2.449489742783178,83.10338824643262,True,movie2:3:12,0.0,4.0,73.0,225.0,116.0,0.0,4.0,66.72200000000001,205.65,106.024,6.704273223876953,64.47416762613183,True,predicted_centers,original_epoch_098,27,0.8490115244390932,-0.13400854395111647,-0.5110979764367188,11.583810806274414,11.583810806274414,153.07307990072326,training_consistent_log_reconstructed,124,nuclei_movie2_frozen_centers,movie2:component:31,1,0.0,18.629220620300785,-1.6147520296183018,0.3598560884268073,0.6597361577260101,0.6597361577260101,16.673332000533065,16.673332000533065
0.24127380214407168,0.2412738021440699,14,1.5,11.451859844345453,True,movie2:3:14,0.0,3.0,85.0,233.0,104.0,0.0,3.0,77.69,212.96200000000002,95.056,0.47538364701690305,18.713337925436296,True,predicted_centers,original_epoch_098,28,-0.031378320142897265,0.4890279151612498,-0.8717035615494818,11.50606632232666,11.50606632232666,16.431362529658593,training_consistent_log_reconstructed,124,nuclei_movie2_frozen_centers,movie2:component:32,1,0.5,-7.261478081090843,-0.23410984487283315,0.08512565527109466,0.3405026210843786,-0.9363821804420109,11.747340124470732,11.74734012447073
1.4949997466929084,1.4949997466929066,20,5.678908345800274,73.23279895914108,True,movie2:4:20,0.0,4.0,104.0,185.0,102.0,0.0,4.0,95.056,169.09,93.22800000000001,0.05790094769829146,76.65075830848015,True,predicted_centers,original_epoch_098,29,0.7244896165939623,-0.563721158533022,-0.39665255686774664,12.265329360961916,12.265329360961914,118.89601223210657,training_consistent_log_reconstructed,124,nuclei_movie2_frozen_centers,movie2:component:33,1,3.640054944640259,-3.417959349339071,1.4370987989946151,-0.3713906800772299,0.5570860021207347,-0.7427813601544598,10.770329614269007,10.770329614269007
1.726999927274747,1.726999927274747,16,3.278719262151,9.397137808722224,True,movie2:3:16,0.0,3.0,101.0,162.0,143.0,0.0,3.0,92.31400000000001,148.068,130.702,1.8864816748452427,8.873129989985294,True,predicted_centers,original_epoch_098,30,0.5284518179210793,0.3219026499480966,0.7855681766035967,12.020727157592773,12.020727157592773,11.573269570020308,training_consistent_log_reconstructed,124,nuclei_movie2_frozen_centers,movie2:component:34,1,0.8660254037844386,0.5240078187369299,-0.1594817475704957,0.4364357804719847,0.21821789023599236,0.8728715609439694,13.74772708486752,13.74772708486752
1.8451687676800717,1.8451687676800717,30,2.5,4.104015895947002,True,movie2:4:30,0.0,3.0,126.0,229.0,63.0,0.0,3.0,115.164,209.306,57.582,1.761028768973194,14.823706127781184,True,predicted_centers,original_epoch_098,31,0.9066405097912988,0.15302226324922924,0.39317575326494564,16.092975616455078,16.092975616455078,5.847916251119238,training_consistent_log_reconstructed,124,nuclei_movie2_frozen_centers,movie2:component:35,1,1.118033988749895,-10.719690231834182,0.0841399987068776,0.9124211282466754,0.21055872190307892,0.3509312031717982,14.247806848775006,14.247806848775006
2.2847274811206812,2.2847274811206795,1,4.242640687119285,60.27532774108939,True,movie2:3:1,0.0,3.0,150.0,174.0,45.0,0.0,3.0,137.1,159.036,41.13,2.0540352963906905,15.644944194859924,True,predicted_centers,original_epoch_098,32,0.24148887668106853,0.9490992575277263,0.20222196171443507,12.881023406982422,12.881023406982422,21.587667743780234,training_consistent_log_reconstructed,124,nuclei_movie2_frozen_centers,movie2:component:36,1,0.0,44.63038354622947,0.23069218472998898,0.9231326591188955,0.3296902408288096,-0.19781415209817146,15.165750888103103,15.165750888103101
2.848370207241995,2.8483702072419916,14,8.031189202104505,50.53300566752138,True,movie2:4:14,0.0,5.0,160.0,220.0,131.0,0.0,5.0,146.24,201.08,119.73400000000001,5.457329938266264,36.8401039302914,True,predicted_centers,original_epoch_098,33,0.672439390556707,-0.6107663152975521,-0.4180786697806714,14.356280326843262,14.356280326843262,86.06774861679463,training_consistent_log_reconstructed,124,nuclei_movie2_frozen_centers,movie2:component:38,1,2.345207879911715,13.692901737229981,-2.6089597310242727,0.11624763965260045,0.9299811172208036,0.3487428965411982,17.204650534085257,17.204650534085253
3.963395503276441,3.963395503276441,13,5.70087712549569,15.051395784261876,True,movie2:3:13,0.0,2.0,171.0,66.0,87.0,0.0,2.0,156.294,60.324000000000005,79.518,5.811458807869407,16.948373370836848,True,predicted_centers,original_epoch_098,34,0.5330413971756899,0.4272199017838445,-0.7303081708544624,11.20235538482666,11.20235538482666,12.94926718075156,training_consistent_log_reconstructed,124,nuclei_movie2_frozen_centers,movie2:component:39,1,0.7071067811865476,-1.8969775865749714,-1.8480633045929657,0.6593804561268665,0.19781413683805996,-0.7253185378472956,15.165750888103101,15.165750888103101
0.6932407249615284,0.6932407249615267,2,2.5495097567963922,7.939416139355657,True,movie2:3:2,0.0,3.0,181.0,157.0,67.0,0.0,3.0,165.434,143.49800000000002,61.238,0.7965942740673579,0.13906613631166403,True,predicted_centers,original_epoch_098,35,0.0639278260369181,0.8889415540101606,-0.4535373706897748,12.397940635681154,12.397940635681152,12.378336266800419,training_consistent_log_reconstructed,124,nuclei_movie2_frozen_centers,movie2:component:40,1,0.7071067811865476,7.800350003043993,-0.10335354910583128,0.0,0.9397934277954141,-0.34174305124251747,11.704699910719626,11.704699910719626
4.426430233978023,4.426430233978021,4,4.743416490252569,18.824691739424072,True,movie2:3:4,0.0,3.0,192.0,85.0,82.0,0.0,3.0,175.488,77.69,74.94800000000001,4.9236679794534695,11.46419016692251,True,predicted_centers,original_epoch_098,36,0.7525303847716386,-0.5391769486939304,-0.3781352112572333,11.226045608520508,11.226045608520508,37.01267176654588,training_consistent_log_reconstructed,124,nuclei_movie2_frozen_centers,movie2:component:41,1,0.7071067811865476,7.360501572501562,-0.49723774547544863,-0.5111012519999519,0.6388765649999399,0.574988908499946,15.65247584249853,15.652475842498529
0.5696829204918359,0.5696829204918323,3,4.358898943540674,7.024506304538501,True,movie2:3:3,0.0,3.0,219.0,226.0,109.0,0.0,3.0,200.166,206.56400000000002,99.626,0.2852258174751654,14.42346527384426,True,predicted_centers,original_epoch_098,37,0.024272941164698712,0.9956373902448409,0.09009445861792885,16.45970344543457,16.45970344543457,14.681401100550751,training_consistent_log_reconstructed,124,nuclei_movie2_frozen_centers,movie2:component:42,1,0.0,-7.398958969305759,0.28445710301666693,-0.05872202255176583,0.9982743731396844,0.0,17.029386365926406,17.029386365926403
0.23432730216226538,0.2343273021622636,17,8.366600265340756,43.93745922503923,True,movie2:4:17,0.0,3.0,226.0,215.0,67.0,0.0,3.0,206.56400000000002,196.51000000000002,61.238,1.7080054369199154,9.646835760972214,True,predicted_centers,original_epoch_098,38,0.09973157937741327,0.509298302318133,0.854791700550932,12.317373275756838,12.317373275756836,58.652201374332535,training_consistent_log_reconstructed,124,nuclei_movie2_frozen_centers,movie2:component:43,1,3.1622776601683795,34.29062346406701,-1.4736781347576517,0.5793241322585062,0.7448452850544783,0.33104237057368013,12.083045973594572,12.083045973594572
0.1626483796289815,0.1626483796289797,0,2.23606797749979,15.707077258923288,True,movie2:3:0,0.0,3.0,260.0,134.0,35.0,0.0,3.0,237.64000000000001,122.476,31.990000000000002,1.5248071359960047,9.957064321558905,True,predicted_centers,original_epoch_098,39,0.8227407227107567,0.41441634902284114,-0.38904600352138363,13.908598899841309,13.908598899841309,13.115165071771893,training_consistent_log_reconstructed,124,nuclei_movie2_frozen_centers,movie2:component:44,1,0.0,5.750012937364383,-1.362158756367025,0.923869764413216,0.35533454239953016,-0.14213381505041364,14.07124727947029,14.071247279470288
1.7103401814809942,1.7103401814809942,6,1.224744871391589,10.311676396101348,True,movie2:3:6,0.0,3.0,272.0,91.0,72.0,0.0,3.0,248.608,83.174,65.808,1.5741753162910506,10.487007648831385,True,predicted_centers,original_epoch_098,40,0.4339190788933201,0.23772942378576029,-0.8690218374925126,12.218048095703127,12.218048095703125,14.037813678541761,training_consistent_log_reconstructed,124,nuclei_movie2_frozen_centers,movie2:component:45,1,0.7071067811865476,-0.1753312527300377,0.13616486518994364,0.5025707148443289,0.07179581320498642,-0.861549788339069,13.928388277184121,13.92838827718412
1.4142363441318153,1.4142363441318153,18,1.118033988749895,7.305292067712833,True,movie2:3:18,0.0,3.0,272.0,209.0,62.0,0.0,3.0,248.608,191.026,56.668,0.03678796205079671,5.863476478917769,True,predicted_centers,original_epoch_098,41,0.5071550335206187,-0.5385313503416825,0.6728876255912751,12.039387702941895,12.039387702941895,16.753423535915644,training_consistent_log_reconstructed,124,nuclei_movie2_frozen_centers,movie2:component:46,1,0.5,1.4418155887950643,1.3774483820810186,-0.5946353380190872,0.44597648682631036,-0.6689647135514606,13.45362404707371,13.45362404707371
0.9975947136096952,0.9975947136096952,20,2.9154759474226504,26.609942639589306,True,movie2:3:20,0.0,3.0,306.0,218.0,114.0,0.0,3.0,279.684,199.252,104.196,0.9698886423287476,8.439809254826006,True,predicted_centers,original_epoch_098,42,0.3459458943659685,-0.3785633502825981,0.8584935806365387,10.447928428649902,10.447928428649902,42.374928907330684,training_consistent_log_reconstructed,124,nuclei_movie2_frozen_centers,movie2:component:47,1,0.7071067811865476,18.1701333847633,0.027706071280947597,0.08737040440317814,0.26211120769475904,-0.9610744649792856,11.445523142259598,11.445523142259598
0.9205376687537008,0.9205376687537026,11,1.224744871391589,5.349899610160728,True,movie2:3:11,0.0,3.0,320.0,121.0,54.0,0.0,3.0,292.48,110.59400000000001,49.356,1.4633873889853497,2.0873520763698608,True,predicted_centers,original_epoch_098,43,-0.3618755369335579,0.9322259232141871,-0.0009611745448835274,14.336945533752441,14.336945533752441,15.486294500741815,training_consistent_log_reconstructed,124,nuclei_movie2_frozen_centers,movie2:component:48,1,0.7071067811865476,3.262547533790867,-0.5428497202316471,-0.4472135954999579,0.8944271909999159,0.0,13.41640786499874,13.416407864998739
,,,,,False,,0.0,4.0,26.0,178.0,108.0,0.0,4.0,23.764,162.692,98.712,,,False,predicted_centers,original_epoch_098,44,,,,,,,training_consistent_log_reconstructed,124,nuclei_movie2_frozen_centers,,,,,,,,,,
0.1395640459287062,0.13956404592870442,18,1.118033988749895,6.145778133498091,True,movie2:4:18,0.0,4.0,70.0,93.0,82.0,0.0,4.0,63.980000000000004,85.00200000000001,74.94800000000001,0.8159413962800102,5.957075088587342,True,predicted_centers,original_epoch_098,45,0.9345067378609757,-0.3542032019289433,0.03517454528095444,15.512911796569824,15.512911796569824,12.164813797421806,training_consistent_log_reconstructed,124,nuclei_movie2_frozen_centers,movie2:component:50,1,0.5,0.18870304491074918,-0.6763773503513058,-0.8944271909999159,0.4472135954999579,0.0,15.65247584249853,15.652475842498529
1.0640296094660702,1.064029609466072,8,4.220485754033533,15.78067627659284,True,movie2:4:8,0.0,4.0,80.0,203.0,96.0,0.0,4.0,73.12,185.542,87.744,2.99535667581468,10.105887711304277,True,predicted_centers,original_epoch_098,46,0.0990571163643756,0.7925280319226483,-0.6017366586093854,13.21882724761963,13.218827247619629,28.34002140771251,training_consistent_log_reconstructed,124,nuclei_movie2_frozen_centers,movie2:component:51,1,0.9013878188659973,5.674788565288564,-1.931327066348608,-0.14002800646781788,0.7001400422075033,-0.7001400422075033,14.2828568570857,14.2828568570857
1.8155396597491276,1.8155396597491276,26,3.082207001484488,13.976007122599276,True,movie2:4:26,0.0,4.0,82.0,175.0,118.0,0.0,4.0,74.94800000000001,159.95000000000002,107.852,1.6857040245521073,19.917495974426522,True,predicted_centers,original_epoch_098,47,0.7994021832541452,-0.07663749775739373,-0.5958882809268793,12.432267189025879,12.432267189025879,28.85845044010556,training_consistent_log_reconstructed,124,nuclei_movie2_frozen_centers,movie2:component:52,1,0.7071067811865476,-5.941488851827247,0.12983563519702024,-0.6316761728202276,0.07018624234099748,0.7720486410047236,14.247806848775006,14.247806848775006
2.9495757382244268,2.949575738224425,5,6.18465843842649,20.933487835009956,True,movie2:4:5,0.0,3.0,97.0,108.0,63.0,0.0,3.0,88.658,98.712,57.582,1.4903531898663118,27.809605338140635,True,predicted_centers,original_epoch_098,48,0.7019012073385242,0.6597929129422354,-0.2683430773616524,13.245205879211428,13.245205879211426,19.071542135648667,training_consistent_log_reconstructed,124,nuclei_movie2_frozen_centers,movie2:component:53,1,0.5,-6.876117503130679,1.4592225483581132,0.8741572775225928,0.48564292865673303,0.0,10.295630140987,10.295630140987
,,,,,False,,0.0,4.0,100.0,188.0,54.0,0.0,4.0,91.4,171.832,49.356,,,False,predicted_centers,original_epoch_098,49,,,,,,,training_consistent_log_reconstructed,124,nuclei_movie2_frozen_centers,,,,,,,,,,
2.8991542740043474,2.8991542740043474,4,3.8078865529319543,20.978235370072465,True,movie2:4:4,0.0,4.0,110.0,221.0,59.0,0.0,4.0,100.54,201.994,53.926,1.6742149710888423,9.96308772197923,True,predicted_centers,original_epoch_098,50,0.18169678258014424,0.9602038125302121,-0.21212005469183953,14.124126434326174,14.124126434326172,33.1705933298874,training_consistent_log_reconstructed,124,nuclei_movie2_frozen_centers,movie2:component:56,1,0.7071067811865476,11.015147648093235,1.2249393029155051,-0.08908708264076219,0.8908708062144849,-0.44543540310724244,11.224972160321826,11.224972160321824
0.4898001733313393,0.4898001733313393,2,3.570714214271425,16.45864116774638,True,movie2:4:2,0.0,4.0,136.0,196.0,43.0,0.0,4.0,124.304,179.144,39.302,0.8763546072793247,17.279667862962395,True,predicted_centers,original_epoch_098,51,0.69181460232792,0.7206148550674062,0.045899745773186264,13.906208038330078,13.906208038330078,11.852471396691257,training_consistent_log_reconstructed,124,nuclei_movie2_frozen_centers,movie2:component:57,1,0.8660254037844386,-0.8210266952160161,-0.3865544339479854,0.7453559785796765,0.596284807920197,0.2981424039600985,13.416407864998739,13.416407864998739
1.8358409034878118,1.8358409034878136,0,2.5495097567963922,4.583835010434524,True,movie2:4:0,0.0,4.0,141.0,129.0,38.0,0.0,4.0,128.874,117.906,34.732,0.340946336561915,4.119563198615861,True,predicted_centers,original_epoch_098,52,0.8736173199130999,-0.4628074055747901,0.1503398938837737,15.289464950561523,15.289464950561523,9.063589531537623,training_consistent_log_reconstructed,124,nuclei_movie2_frozen_centers,movie2:component:58,1,0.7071067811865476,0.46427181181866306,1.4948945669258986,-0.8919529754965996,0.4459764877482998,-0.07432941462471664,13.453624047073712,13.45362404707371
2.589306162780371,2.589306162780373,25,11.554220008291344,38.808399953150264,True,movie2:4:25,0.0,5.0,146.0,163.0,97.0,0.0,5.0,133.44400000000002,148.982,88.658,3.4227219540598846,36.36507547765831,True,predicted_centers,original_epoch_098,53,-0.08055369780041886,0.7536639198877074,-0.652304988199672,13.222082138061525,13.222082138061523,84.39528684751463,training_consistent_log_reconstructed,124,nuclei_movie2_frozen_centers,movie2:component:59,1,2.5495097567963922,2.4433244754919556,-0.8334157912795117,-0.56921000157454,0.31622775996068136,-0.7589466239056353,15.811388300841896,15.811388300841896
2.2506641200573085,2.2506641200573085,15,4.69041575982343,16.10183965634652,True,movie2:4:15,0.0,3.0,209.0,150.0,123.0,0.0,3.0,191.026,137.1,112.42200000000001,4.123940322271697,33.198711791866884,True,predicted_centers,original_epoch_098,54,-0.0006042262666242983,0.8602845162419659,0.5098138739039428,12.206168174743654,12.206168174743652,21.782441579269097,training_consistent_log_reconstructed,124,nuclei_movie2_frozen_centers,movie2:component:62,1,0.0,-17.096872135520364,-1.873276202214388,0.27668579372682767,0.8300573564021766,0.4842001204382186,14.456832294800963,14.45683229480096
0.916373938005071,0.9163739380050728,11,3.082207001484488,11.28943173384092,True,movie2:4:11,0.0,4.0,249.0,84.0,95.0,0.0,4.0,227.586,76.776,86.83,0.5942457561851917,7.571417354146884,True,predicted_centers,original_epoch_098,55,0.8864432307015376,0.2328909311386917,0.3999752654062167,15.23912048339844,15.239120483398438,10.824551886242315,training_consistent_log_reconstructed,124,nuclei_movie2_frozen_centers,movie2:component:64,1,0.7071067811865476,3.7180143796940355,0.3221281818198811,0.8665782412342562,0.061898446832675806,0.49518757466140645,16.15549442140351,16.15549442140351
0.67911161976504,0.67911161976504,1,5.5901699437494745,16.259574975791317,True,movie2:4:1,0.0,4.0,272.0,182.0,46.0,0.0,4.0,248.608,166.348,42.044000000000004,1.2005997298696798,9.6304099115735,True,predicted_centers,original_epoch_098,56,0.41076784289701224,0.866771331719797,0.2828024712594023,15.031811714172365,15.031811714172363,17.704848300376756,training_consistent_log_reconstructed,124,nuclei_movie2_frozen_centers,movie2:component:66,1,0.5,6.629165064217817,-0.5214881101046398,0.627059712862456,0.6967330142916176,0.3483665071458088,14.352700094407325,14.352700094407323
3.6482887281128153,3.648288728112817,27,2.958039891549808,8.53816256076661,True,movie2:4:27,0.0,4.0,276.0,163.0,123.0,0.0,4.0,252.264,148.982,112.42200000000001,4.960386104415267,6.225096980293538,True,predicted_centers,original_epoch_098,57,0.46363782499561246,-0.5360537337117973,0.7054688949960723,14.572578430175783,14.572578430175781,15.26722085952023,training_consistent_log_reconstructed,124,nuclei_movie2_frozen_centers,movie2:component:67,1,0.8660254037844386,2.313065580473072,-1.3120973763024502,-0.3292927799690711,0.5488212999484517,-0.7683498199278325,18.2208671582886,18.2208671582886
0.8281109025089588,0.8281109025089588,10,1.224744871391589,9.004783036179449,True,movie2:4:10,0.0,4.0,278.0,109.0,86.0,0.0,4.0,254.092,99.626,78.604,2.2420038018472503,7.836955764603471,True,predicted_centers,original_epoch_098,58,0.5148764033319972,-0.5052460188069319,0.6925523444272295,14.3046350479126,14.304635047912598,15.38638342156145,training_consistent_log_reconstructed,124,nuclei_movie2_frozen_centers,movie2:component:68,1,0.7071067811865476,1.1678272715759777,-1.4138928993382915,-0.4625730157530234,0.39649116133834644,-0.7929823226766929,15.132745950421558,15.132745950421556
,,,,,False,,0.0,4.0,282.0,83.0,121.0,0.0,4.0,257.748,75.86200000000001,110.59400000000001,,,False,predicted_centers,original_epoch_098,59,,,,,,,training_consistent_log_reconstructed,124,nuclei_movie2_frozen_centers,,,,,,,,,,
0.0324535065985323,0.032453506598530524,23,9.287087810503355,64.95988704952028,True,movie2:4:23,0.0,3.0,294.0,117.0,60.0,0.0,3.0,268.716,106.938,54.84,2.0279600312321033,86.67867208566706,True,predicted_centers,original_epoch_098,60,0.8379004041594829,0.5387592191574871,0.08752951777652086,13.931786537170408,13.93178653717041,157.61862936540788,training_consistent_log_reconstructed,124,nuclei_movie2_frozen_centers,movie2:component:70,1,0.5,-21.718785036146784,-1.9955065246335728,-0.7877263687176975,0.35805743459494255,0.5012804021285078,13.96424004376894,13.96424004376894
4.334231059575247,4.334231059575249,19,2.0,4.544547571360357,True,movie2:4:19,0.0,4.0,306.0,174.0,81.0,0.0,4.0,279.684,159.036,74.034,5.071333655102073,2.9814010311079286,True,predicted_centers,original_epoch_098,61,0.4637217108718132,0.5331267298245618,-0.7076284793680135,13.49832344055176,13.498323440551758,5.24657576373631,training_consistent_log_reconstructed,124,nuclei_movie2_frozen_centers,movie2:component:71,1,0.0,1.5631465402524283,-0.7371025955268244,0.39254050046720995,0.560772182150468,-0.729003782719373,17.832554500127006,17.832554500127006
0.7193025231128196,0.7193025231128178,29,3.6742346141747673,32.23862670577668,True,movie2:4:29,0.0,4.0,306.0,221.0,91.0,0.0,4.0,279.684,201.994,83.174,1.9113062421734366,32.36763031103782,True,predicted_centers,original_epoch_098,62,0.4210814116850414,0.5827964055364889,0.695009923977407,12.31910228729248,12.31910228729248,44.220162858431664,training_consistent_log_reconstructed,124,nuclei_movie2_frozen_centers,movie2:component:72,1,0.7071067811865476,-0.12900360526113985,-1.1920037190606187,0.3834824944236852,0.07669649888473705,0.9203579866168444,13.0384048104053,13.038404810405298
0.07410747934146578,0.074107479341464,6,4.330127018922194,12.824715955599297,True,movie2:4:6,0.0,4.0,323.0,86.0,82.0,0.0,4.0,295.22200000000004,78.604,74.94800000000001,0.24214800960299954,14.906735465337606,True,predicted_centers,original_epoch_098,63,0.7438271421705742,0.650886361605554,-0.15188195036356406,13.821834564208986,13.821834564208984,10.034084958199623,training_consistent_log_reconstructed,124,nuclei_movie2_frozen_centers,movie2:component:73,1,0.8660254037844386,-2.082019509738309,-0.16804053026153554,0.727392967453308,0.5819143739626463,-0.363696483726654,13.74772708486752,13.74772708486752
2.354036422443672,2.3540364224436736,2,2.8284271247461903,15.320463402703183,True,movie2:5:2,0.0,5.0,42.0,126.0,88.0,0.0,5.0,38.388,115.164,80.432,3.6940980673463883,12.404883783122617,True,predicted_centers,original_epoch_098,64,0.8100494883238436,-0.17438866588669039,-0.5598289200072996,14.792391777038576,14.792391777038574,30.24343683593288,training_consistent_log_reconstructed,124,nuclei_movie2_frozen_centers,movie2:component:74,1,0.0,2.9155796195805657,-1.3400616449027147,-0.6415330040950668,0.11664237110960517,0.7581754163244072,17.146428199482248,17.146428199482248
2.101117314316822,2.1011173143168236,12,2.0615528128088303,6.277446585604929,True,movie2:5:12,0.0,5.0,85.0,164.0,94.0,0.0,5.0,77.69,149.89600000000002,85.916,2.067043289184827,7.403011260896004,True,predicted_centers,original_epoch_098,65,0.5388924735977132,0.5981189158874691,-0.5931683271697306,13.678616523742678,13.678616523742676,7.481923466551635,training_consistent_log_reconstructed,124,nuclei_movie2_frozen_centers,movie2:component:75,1,0.5,-1.1255646752910744,0.03407402513199642,0.44360695721344523,0.633724256878269,-0.633724256878269,15.7797338380595,15.7797338380595
4.570364433722691,4.570364433722691,5,3.391164991562634,3.724898401915244,True,movie2:5:5,0.0,4.0,90.0,64.0,92.0,0.0,4.0,82.26,58.496,84.08800000000001,5.7593033131794655,2.074365377856208,True,predicted_centers,original_epoch_098,66,0.7071356556898586,-0.48837878802090284,0.511317243854838,10.726694107055664,10.726694107055664,9.566833486259256,training_consistent_log_reconstructed,124,nuclei_movie2_frozen_centers,movie2:component:76,1,0.7071067811865476,1.650533024059036,-1.1889388794567743,-0.7190925097934088,0.5229763532251236,-0.4576043010356952,15.297058540778355,15.297058540778355
1.5240330672949476,1.5240330672949476,4,5.477225575051661,21.924541040006506,True,movie2:5:4,0.0,5.0,135.0,81.0,110.0,0.0,5.0,123.39,74.034,100.54,1.7936607727327143,15.559348333760846,True,predicted_centers,original_epoch_098,67,0.4911475533153446,0.8550957412340016,-0.16608839271852868,14.538345336914062,14.538345336914062,26.98519222953028,training_consistent_log_reconstructed,124,nuclei_movie2_frozen_centers,movie2:component:79,1,0.0,6.36519270624566,-0.2696277054377667,0.3112864137135935,0.8093446401049982,-0.49805825178450813,16.06237840420901,16.06237840420901
2.284656538637492,2.284656538637492,0,4.183300132670378,1.3503378705365359,True,movie2:5:0,0.0,5.0,199.0,135.0,41.0,0.0,5.0,181.886,123.39,37.474000000000004,4.508162570212747,8.048930963703755,True,predicted_centers,original_epoch_098,68,0.5712272406432116,-0.24362580275201215,0.7838022121559622,14.024849891662598,14.024849891662598,9.037994391218524,training_consistent_log_reconstructed,124,nuclei_movie2_frozen_centers,movie2:component:82,1,0.7071067811865476,-6.6985930931672195,-2.223506031575255,-0.5518254118961022,0.24525574050011478,-0.7970811354795931,16.30950643030009,16.30950643030009
0.36986256102396453,0.36986256102396453,17,2.6457513110645907,18.93360433352745,True,movie2:5:17,0.0,4.0,211.0,68.0,148.0,0.0,4.0,192.854,62.152,135.272,0.08901934555714242,25.36851075122965,True,predicted_centers,original_epoch_098,69,0.8273781595713222,0.47138870172366615,0.30534910013236993,11.727679252624513,11.727679252624512,14.515283675673302,training_consistent_log_reconstructed,124,nuclei_movie2_frozen_centers,movie2:component:83,1,0.0,-6.434906417702198,0.2808432154668221,0.8804509072705594,0.17609017535927687,0.4402254536352797,11.357816691600549,11.357816691600547
3.479157534417457,3.479157534417457,7,5.123475382979799,4.565405897720012,True,movie2:5:7,0.0,5.0,229.0,164.0,120.0,0.0,5.0,209.306,149.89600000000002,109.68,3.4552722596824452,6.393052604207726,True,predicted_centers,original_epoch_098,70,0.11881253146636542,0.6107642529831355,0.7828477563642285,12.363821983337402,12.363821983337402,6.952174417083591,training_consistent_log_reconstructed,124,nuclei_movie2_frozen_centers,movie2:component:84,1,0.5,-1.8276467064877133,0.023885274735011564,0.0631194358426719,0.5680749606845786,0.8205527258269985,15.84297951775486,15.84297951775486
1.7451687593953213,1.7451687593953231,13,5.0990195135927845,32.91133972958662,True,movie2:5:13,0.0,5.0,234.0,111.0,45.0,0.0,5.0,213.876,101.45400000000001,41.13,1.6639688499267322,29.854944328911365,True,predicted_centers,original_epoch_098,71,0.9196812785417736,-0.22899196099236624,-0.31898123408852636,10.296425819396974,10.296425819396973,62.34488575524775,training_consistent_log_reconstructed,124,nuclei_movie2_frozen_centers,movie2:component:85,1,0.0,3.0563954006752567,0.0811999094685909,-0.7474093327564348,0.6643638229980474,0.0,12.041594578792296,12.041594578792296
1.4245200243222573,1.424520024322259,1,3.905124837953327,15.80305443110236,True,movie2:5:1,0.0,5.0,257.0,180.0,69.0,0.0,5.0,234.898,164.52,63.066,1.1157474395233145,3.2565223776040657,True,predicted_centers,original_epoch_098,72,0.9849949008830662,0.1288780581223693,0.11478454324936777,14.22795581817627,14.22795581817627,4.6311469112348345,training_consistent_log_reconstructed,124,nuclei_movie2_frozen_centers,movie2:component:87,1,0.5,12.546532053498295,0.30877258479894465,0.9583148490797371,0.2555506212604943,-0.12777531063024716,15.652475842498527,15.652475842498529
2.4998298621472923,2.4998298621472905,9,3.2015621187164243,3.138776076901458,True,movie2:5:9,0.0,5.0,273.0,78.0,88.0,0.0,5.0,249.52200000000002,71.292,80.432,3.0900985728942487,3.739105921848673,True,predicted_centers,original_epoch_098,73,0.8793193325842689,-0.36279870780459433,0.3085038232483876,15.10698699951172,15.106986999511719,6.395182924868359,training_consistent_log_reconstructed,124,nuclei_movie2_frozen_centers,movie2:component:88,1,0.5,-0.6003298449472148,-0.5902687107469582,-0.8519427428786249,0.3975732944630285,-0.3407771095397388,17.606816861659013,17.60681686165901
0.36678270734184437,0.36678270734184615,6,3.9370039370059056,8.491161887714167,True,movie2:5:6,0.0,5.0,292.0,138.0,96.0,0.0,5.0,266.88800000000003,126.132,87.744,0.7421402515937849,8.016465847648332,True,predicted_centers,original_epoch_098,74,0.5646295699008477,-0.21468876711983373,0.7969329846769737,13.443479537963867,13.443479537963867,14.924252738689505,training_consistent_log_reconstructed,124,nuclei_movie2_frozen_centers,movie2:component:89,1,0.7071067811865476,0.4746960400658349,-0.3753575442519388,-0.5353034010613684,0.07647191079289473,-0.8411910102181401,13.076696830622023,13.076696830622021
2.3639317841648726,2.363931784164871,14,3.905124837953327,23.129609503489327,True,movie2:5:14,0.0,5.0,301.0,108.0,97.0,0.0,5.0,275.11400000000003,98.712,88.658,2.614421595264833,33.98844625786787,True,predicted_centers,original_epoch_098,75,-0.2565132316089741,0.9655192229070456,0.04442513034866086,13.765686035156252,13.76568603515625,46.55563883084832,training_consistent_log_reconstructed,124,nuclei_movie2_frozen_centers,movie2:component:90,1,0.5,-10.858836754378544,-0.25048981109996227,-0.6139406318892063,0.7893522030852148,0.0,11.40175425099138,11.40175425099138
1.756009240919827,1.7560092409198251,20,2.0615528128088303,7.2504584110020724,True,movie2:5:20,0.0,5.0,309.0,81.0,107.0,0.0,5.0,282.426,74.034,97.798,1.6717987060546875,14.228784039054297,True,predicted_centers,original_epoch_098,76,0.5579213109900035,0.8281776038708172,0.053344795341136994,16.10870933532715,16.10870933532715,6.393997546811624,training_consistent_log_reconstructed,124,nuclei_movie2_frozen_centers,movie2:component:91,1,0.5,-6.978325628052224,0.08421053486513763,0.627059713616264,0.7664063166421002,0.13934659439892272,14.352700094407322,14.352700094407323
1.7114328351875567,1.711432835187555,4,7.88986691902975,78.01214055502136,True,movie2:6:4,0.0,7.0,112.0,165.0,47.0,0.0,7.0,102.36800000000001,150.81,42.958,0.00017026829344324312,79.11558901472026,True,predicted_centers,original_epoch_098,77,0.873703852101253,0.3853268654007659,0.2969255556934294,14.439354896545412,14.43935489654541,68.03564479349163,training_consistent_log_reconstructed,124,nuclei_movie2_frozen_centers,movie2:component:92,1,0.5,-1.103448459698896,1.7112625668941117,0.3928371086724435,0.3142696815290108,-0.8642416174435995,12.727922061357855,12.727922061357855
4.150293441486646,4.150293441486642,3,6.855654600401044,56.21333342593582,True,movie2:6:3,0.0,4.0,161.0,72.0,112.0,0.0,4.0,147.154,65.808,102.36800000000001,6.002322437504681,58.59108657487742,True,predicted_centers,original_epoch_098,78,0.41593360981376987,0.7502551824452212,-0.5139225558791662,12.996134757995605,12.996134757995605,90.53812683230167,training_consistent_log_reconstructed,124,nuclei_movie2_frozen_centers,movie2:component:93,1,0.0,-2.3777531489416006,-1.8520289960180385,-0.40824829046386296,0.40824829046386296,-0.8164965809277259,17.14642819948225,17.146428199482248
4.262093569977596,4.262093569977594,0,4.949747468305833,44.627938416364294,True,movie2:6:0,0.0,6.0,191.0,116.0,43.0,0.0,6.0,174.574,106.024,39.302,5.1987597245991175,38.91892768544731,True,predicted_centers,original_epoch_098,79,-0.0808525306261648,0.7132777928950766,0.6962023114397664,13.029522895812987,13.029522895812988,60.65684460033903,training_consistent_log_reconstructed,124,nuclei_movie2_frozen_centers,movie2:component:94,1,0.7071067811865476,5.709010730916987,-0.9366661546215234,0.17349448947429322,0.05783149649143107,0.9831353824044865,17.291616465790582,17.291616465790582
8.188205717187255,8.188205717187259,8,1.8027756377319946,6.38316236662041,True,movie2:6:8,0.0,7.0,191.0,148.0,98.0,0.0,7.0,174.574,135.272,89.572,7.651964206047154,6.293958643929693,True,predicted_centers,original_epoch_098,80,0.9974530084470559,-0.04506061150575329,-0.05529048047037824,15.259273529052733,15.259273529052734,12.75609285159246,training_consistent_log_reconstructed,124,nuclei_movie2_frozen_centers,movie2:component:95,1,0.5,0.08920372269071741,0.5362415111401049,-0.9899494942587161,0.1414213520544613,0.0,7.071067811865476,7.0710678118654755
1.5299053970564351,1.5299053970564351,1,3.0413812651491097,6.7708747950056525,True,movie2:6:1,0.0,6.0,211.0,66.0,91.0,0.0,6.0,192.854,60.324000000000005,83.174,2.10137741291609,8.145402359049957,True,predicted_centers,original_epoch_098,81,0.9553008255711828,0.29561504612144396,0.0034752222423103676,11.378763198852539,11.378763198852539,5.206940144476264,training_consistent_log_reconstructed,124,nuclei_movie2_frozen_centers,movie2:component:96,1,0.5,-1.3745275640443042,-0.5714720158596549,0.9138115486202573,0.4061384660534476,0.0,9.848857801796104,9.848857801796104
0.061992467368119364,0.06199246736811759,6,0.7071067811865476,2.931640349418899,True,movie2:6:6,0.0,6.0,211.0,99.0,57.0,0.0,6.0,192.854,90.486,52.098,0.03767719850729456,5.812929696030372,True,predicted_centers,original_epoch_098,82,-0.1110238071945906,0.8134172799100826,-0.5709869026341154,12.307324409484862,12.307324409484863,6.451579111541339,training_consistent_log_reconstructed,124,nuclei_movie2_frozen_centers,movie2:component:97,1,0.7071067811865476,-2.8812893466114726,0.024315268860823025,-0.16169041669088866,0.8084520834544433,-0.5659164584181103,12.36931687685298,12.36931687685298
1.6050097991767327,1.6050097991767345,2,2.345207879911715,8.479587963989479,True,movie2:6:2,0.0,6.0,223.0,140.0,136.0,0.0,6.0,203.822,127.96000000000001,124.304,1.3950701477273952,9.34087493879746,True,predicted_centers,original_epoch_098,83,0.6480469485377962,-0.5727502495733735,0.501988350566514,15.158044815063478,15.158044815063477,18.730446861297306,training_consistent_log_reconstructed,124,nuclei_movie2_frozen_centers,movie2:component:98,1,0.7071067811865476,-0.8612869748079817,0.20993965144933924,-0.5368950070025345,0.5965499775608698,-0.5965499775608698,16.76305461424021,16.76305461424021
0.8238061547046129,0.8238061547046147,9,1.6583123951777,10.539160005929517,True,movie2:6:9,0.0,6.0,228.0,185.0,147.0,0.0,6.0,208.392,169.09,134.358,0.4770574265814407,1.7841618433793556,True,predicted_centers,original_epoch_098,84,0.975939208417865,0.0620685340850516,-0.20902190925652706,12.214598655700685,12.214598655700684,155.16145767535681,training_consistent_log_reconstructed,124,nuclei_movie2_frozen_centers,movie2:component:99,1,0.8660254037844386,8.754998162550162,0.34674872812317403,0.9203579821144976,0.07669650006523042,-0.38348250499321895,13.038404810405298,13.038404810405298
2.299472969413843,2.2994729694138414,7,7.0178344238090995,83.42597082825651,True,movie2:6:7,0.0,7.0,267.0,114.0,71.0,0.0,7.0,244.038,104.196,64.894,2.042423515401712,76.51441786079172,True,predicted_centers,original_epoch_098,85,-0.6353176299802963,0.7715111817360804,0.033793571761745245,13.288984298706053,13.288984298706055,116.57802925563972,training_consistent_log_reconstructed,124,nuclei_movie2_frozen_centers,movie2:component:100,1,0.5,6.911552967464786,0.25704945401212953,0.32075014891844916,0.4490502033719513,-0.8339503923018454,15.588457268119896,15.588457268119896
3.0295571161014703,3.0295571161014685,8,5.612486080160912,84.25886883350088,True,movie2:7:8,0.0,7.0,35.0,129.0,141.0,0.0,7.0,31.990000000000002,117.906,128.874,6.119668619411389,84.29025765356594,True,predicted_centers,original_epoch_098,86,-0.162764241883639,0.965277119558777,0.20432298945628927,13.493154525756834,13.493154525756836,125.50605151185874,training_consistent_log_reconstructed,124,nuclei_movie2_frozen_centers,movie2:component:102,1,0.7071067811865476,-0.03138882006506094,-3.0901115033099202,-0.24209101306752098,0.060522753266880246,-0.9683640522700839,16.522711641858304,16.522711641858304
0.18678894385684508,0.1867889438568433,3,4.6097722286464435,4.798058749347465,True,movie2:7:3,0.0,7.0,43.0,98.0,88.0,0.0,7.0,39.302,89.572,80.432,1.20450548013722,2.5867075531199366,True,predicted_centers,original_epoch_098,87,0.24591154165185602,0.5953090434762375,0.7649409496410913,13.032021522521974,13.032021522521973,5.628037032106056,training_consistent_log_reconstructed,124,nuclei_movie2_frozen_centers,movie2:component:103,1,0.5,2.2113511962275285,-1.0177165362803766,0.3113995819740959,0.5449492430594776,0.7784989549352399,12.84523257866513,12.84523257866513
1.3893740547031044,1.3893740547031044,0,3.082207001484488,7.226758135768523,True,movie2:7:0,0.0,7.0,85.0,204.0,62.0,0.0,7.0,77.69,186.45600000000002,56.668,3.1462900056620384,6.843381160219348,True,predicted_centers,original_epoch_098,88,-0.5456434388197051,0.11957196105310698,0.8294430563956281,12.064249992370605,12.064249992370605,12.50835056047002,training_consistent_log_reconstructed,124,nuclei_movie2_frozen_centers,movie2:component:105,1,2.598076211353316,0.38337697554917494,-1.756915950958934,-0.4459764878451222,0.0743294117200442,0.8919529756902445,13.45362404707371,13.45362404707371
0.21062741698099252,0.21062741698099252,13,3.2015621187164243,6.5897709452227415,True,movie2:7:13,0.0,7.0,95.0,214.0,134.0,0.0,7.0,86.83,195.596,122.476,1.3225808967754915,4.2770443431238725,True,predicted_centers,original_epoch_098,89,0.9331111762151324,-0.1110363443941963,-0.3420152965087755,10.98095703125,10.98095703125,13.079494243209128,training_consistent_log_reconstructed,124,nuclei_movie2_frozen_centers,movie2:component:106,1,0.5,2.312726602098869,-1.111953479794499,-0.928476692978359,0.0,0.37139067112135454,10.770329614269007,10.770329614269007
1.112185099993109,1.112185099993109,4,7.826237921249264,58.60744296616729,True,movie2:7:4,0.0,8.0,118.0,78.0,99.0,0.0,8.0,107.852,71.292,90.486,0.34760507834050003,53.55948221625463,True,predicted_centers,original_epoch_098,90,0.7966246511912377,-0.408679227816946,0.44538798127630624,11.615736961364748,11.615736961364746,159.86009454560212,training_consistent_log_reconstructed,124,nuclei_movie2_frozen_centers,movie2:component:107,1,0.5,5.0479607499126615,0.7645800216526091,0.6285393789831681,0.5499719306780362,0.5499719306780362,12.727922061357857,12.727922061357855
0.4270620940664589,0.4270620940664571,10,2.0615528128088303,3.634302000452238,True,movie2:7:10,0.0,7.0,117.0,246.0,66.0,0.0,7.0,106.938,224.84400000000002,60.324000000000005,0.8887812338873289,8.888994211052058,True,predicted_centers,original_epoch_098,91,0.992673781503279,-0.11619958148232072,0.033112245156644675,15.604157447814943,15.604157447814941,22.016802824873533,training_consistent_log_reconstructed,124,nuclei_movie2_frozen_centers,movie2:component:108,1,0.5,-5.25469221059982,-0.46171913982087176,-0.9980525784828885,0.06237828615518053,0.0,16.031219541881402,16.0312195418814
6.528948964097097,6.528948964097097,7,2.5495097567963922,41.09925213220336,True,movie2:7:7,0.0,6.0,143.0,203.0,108.0,0.0,6.0,130.702,185.542,98.712,8.048958437221447,49.94030904610036,True,predicted_centers,original_epoch_098,92,-0.029586834105949072,0.599816323762231,-0.7995905183254423,9.250784873962404,9.250784873962402,96.41750037656982,training_consistent_log_reconstructed,124,nuclei_movie2_frozen_centers,movie2:component:109,1,0.7071067811865476,-8.841056913896999,-1.5200094731243503,-0.6337242523784553,0.6337242523784553,-0.4436069700700564,15.779733838059501,15.7797338380595
1.2376320116672073,1.2376320116672055,1,2.9154759474226504,1.8651867974860168,True,movie2:7:1,0.0,7.0,156.0,103.0,78.0,0.0,7.0,142.584,94.14200000000001,71.292,1.543847069923494,4.423480774549226,True,predicted_centers,original_epoch_098,93,-0.6352942482447459,0.772181748008401,-0.011686153765607821,11.867777824401857,11.867777824401855,4.070833877628993,training_consistent_log_reconstructed,124,nuclei_movie2_frozen_centers,movie2:component:111,1,0.7071067811865476,-2.5582939770632094,-0.3062150582562886,-0.6585046264041882,0.7525766784881661,0.0,10.63014581273465,10.63014581273465
3.254043963664625,3.254043963664625,14,8.902246907382429,54.46578890078691,True,movie2:7:14,0.0,6.0,160.0,83.0,140.0,0.0,6.0,146.24,75.86200000000001,127.96000000000001,3.9754855331588814,63.187028914454196,True,predicted_centers,original_epoch_098,94,0.626244778311347,-0.38104005258349277,0.6801661237998707,11.911706924438477,11.911706924438477,177.22890314544904,training_consistent_log_reconstructed,124,nuclei_movie2_frozen_centers,movie2:component:112,1,0.5,-8.721240013667284,-0.7214415694942566,-0.06593804833795398,0.13187609667590797,0.9890707097608887,15.165750888103101,15.165750888103101
8.431978834561328,8.431978834561328,6,4.272001872658765,28.709265632394505,True,movie2:7:6,0.0,6.0,201.0,113.0,92.0,0.0,6.0,183.714,103.28200000000001,84.08800000000001,8.472541495422973,28.731564199486574,True,predicted_centers,original_epoch_098,95,0.5947429886681549,0.6637933152772812,-0.45349665050942445,8.772671699523926,8.772671699523926,28.77167886511389,training_consistent_log_reconstructed,124,nuclei_movie2_frozen_centers,movie2:component:113,1,0.5,-0.022298567092068566,-0.04056266086164584,0.46499055497527725,0.34874291623145787,-0.813733471206735,17.204650534085253,17.204650534085253
0.5551833526341277,0.5551833526341277,11,2.692582403567252,0.786630556130187,True,movie2:7:11,0.0,7.0,223.0,210.0,104.0,0.0,7.0,203.822,191.94,95.056,0.7437770416083751,7.12566224164092,True,predicted_centers,original_epoch_098,96,0.8085203839755644,0.41691136582066995,-0.41530675620022056,14.141755104064941,14.141755104064941,1.6205828741313097,training_consistent_log_reconstructed,124,nuclei_movie2_frozen_centers,movie2:component:114,1,0.5,-6.339031685510733,-0.18859368897424744,0.816496580927726,0.408248290463863,-0.408248290463863,14.696938456699069,14.696938456699069
4.06638882671851,4.066388826718509,2,2.7386127875258306,7.629326390511139,True,movie2:7:2,0.0,7.0,227.0,85.0,77.0,0.0,7.0,207.478,77.69,70.378,4.302600664418119,4.228569922052902,True,predicted_centers,original_epoch_098,97,-0.11825063831073016,0.9375545867918438,-0.3271210530135288,14.39979648590088,14.399796485900879,11.563233268532544,training_consistent_log_reconstructed,124,nuclei_movie2_frozen_centers,movie2:component:115,1,0.7071067811865476,3.400756468458237,-0.23621183769961007,-0.05415303448224121,0.9747546514678492,-0.21661213792896483,18.46618531261939,18.466185312619388
0.32855465402282213,0.3285546540228239,9,1.8708286933869707,15.798813504482762,True,movie2:7:9,0.0,7.0,265.0,226.0,146.0,0.0,7.0,242.21,206.56400000000002,133.44400000000002,0.46710329574059983,18.72488732851232,True,predicted_centers,original_epoch_098,98,0.8551425229169844,0.31806219992796403,0.40935034197635467,14.571109771728517,14.571109771728516,11.82124227060726,training_consistent_log_reconstructed,124,nuclei_movie2_frozen_centers,movie2:component:116,1,0.7071067811865476,-2.926073824029558,-0.13854864171777592,0.9396184802452081,0.06711560496608929,0.3355780194704674,14.89966442575134,14.89966442575134
0.8768285640326638,0.8768285640326638,5,4.55521678957215,35.55955931594054,True,movie2:7:5,0.0,7.0,289.0,189.0,113.0,0.0,7.0,264.146,172.746,103.28200000000001,1.5924070586494352,28.311796742042674,True,predicted_centers,original_epoch_098,99,-0.6818669054450991,0.400968701307737,-0.6117856028302,15.371248245239258,15.371248245239258,83.43118703839271,training_consistent_log_reconstructed,124,nuclei_movie2_frozen_centers,movie2:component:117,1,0.8660254037844386,7.247762573897866,-0.7155784946167714,0.49236596078033584,0.12309149019508396,0.8616404387599333,16.24807680927192,16.24807680927192
0.005642299047618593,0.005642299047618593,12,0.5,15.03149847826225,True,movie2:7:12,0.0,7.0,326.0,183.0,102.0,0.0,7.0,297.964,167.262,93.22800000000001,0.21527305804501573,13.50770930162204,True,predicted_centers,original_epoch_098,100,-0.2410715482128902,0.3961392611284026,0.8859786647740923,9.48119068145752,9.48119068145752,21.52054102836573,training_consistent_log_reconstructed,124,nuclei_movie2_frozen_centers,movie2:component:118,1,0.5,1.5237891766402107,-0.20963075899739714,0.0,0.3162277533727837,0.9486833022651984,9.486832980505138,9.486832980505138
3.3818740844726545,3.3818740844726562,1,4.47213595499958,18.85950245255787,True,movie2:8:1,0.0,8.0,81.0,86.0,102.0,0.0,8.0,74.034,78.604,93.22800000000001,4.2618303298950195,15.01482548878505,True,predicted_centers,original_epoch_098,101,0.3220055520197049,0.9463140723474037,-0.028321386720244687,11.618125915527346,11.618125915527344,37.06337400054694,training_consistent_log_reconstructed,124,nuclei_movie2_frozen_centers,movie2:component:119,1,0.0,3.8446769637728195,-0.8799562454223633,0.0,1.0,0.0,15.0,15.0
1.1385763172842172,1.1385763172842172,7,2.29128784747792,22.32018844853744,True,movie2:8:7,0.0,8.0,132.0,248.0,122.0,0.0,8.0,120.64800000000001,226.672,111.50800000000001,0.8385681126949454,20.638396412427703,True,predicted_centers,original_epoch_098,102,0.7569396973650829,-0.5343263123140595,0.37621494723324717,10.57255744934082,10.57255744934082,44.067365896639544,training_consistent_log_reconstructed,124,nuclei_movie2_frozen_centers,movie2:component:120,1,0.5,1.6817920361097372,0.3000082045892718,-0.8479983144557922,0.5299989232820528,0.0,9.433981132056603,9.433981132056603
0.8051189955390132,0.8051189955390132,8,2.23606797749979,36.3536748173829,True,movie2:8:8,0.0,8.0,142.0,120.0,64.0,0.0,8.0,129.788,109.68,58.496,0.8789681808201628,23.170562456922532,True,predicted_centers,original_epoch_098,103,0.6023553923108713,0.7739245485864066,-0.19547064856224125,12.271577835083008,12.271577835083008,44.946750464278054,training_consistent_log_reconstructed,124,nuclei_movie2_frozen_centers,movie2:component:121,1,0.0,13.18311236046037,-0.07384918528114959,0.2294157187086949,0.688247204138663,-0.688247204138663,13.076696830622021,13.076696830622021
2.140429237677564,2.1404292376775658,6,2.1213203435596424,12.082413043030273,True,movie2:8:6,0.0,8.0,166.0,85.0,85.0,0.0,8.0,151.72400000000002,77.69,77.69,2.3547708763009467,9.172455871637416,True,predicted_centers,original_epoch_098,104,0.8379961143193013,-0.18552724940267734,-0.5131687364939811,13.480070114135744,13.480070114135742,24.178555669634758,training_consistent_log_reconstructed,124,nuclei_movie2_frozen_centers,movie2:component:122,1,0.7071067811865476,2.9099571713928576,-0.21434163862338096,-0.7682212837541549,0.38411064187707744,0.5121475119376231,15.620499351813308,15.620499351813308
0.3266736003987809,0.32667360039877913,0,3.2015621187164243,4.14369052727958,True,movie2:8:0,0.0,8.0,189.0,170.0,47.0,0.0,8.0,172.746,155.38,42.958,0.8452396987417501,3.057639275117239,True,predicted_centers,original_epoch_098,105,0.8499387018383056,-0.3370707237789233,-0.4049537384548618,15.192742347717287,15.192742347717285,8.142299505624468,training_consistent_log_reconstructed,124,nuclei_movie2_frozen_centers,movie2:component:123,1,0.5,1.086051252162341,-0.518566098342971,-0.8744746321952062,0.26906911049452037,0.40360368113379047,14.866068747318506,14.866068747318506
0.4975789774756869,0.4975789774756869,4,1.8708286933869707,7.379457539317162,True,movie2:8:4,0.0,8.0,259.0,159.0,53.0,0.0,8.0,236.726,145.326,48.442,0.13413855930151897,5.534758139671389,True,predicted_centers,original_epoch_098,106,0.31800300631817885,0.3450777787153413,-0.883060255367371,10.295537948608398,10.295537948608398,9.498996875009825,training_consistent_log_reconstructed,124,nuclei_movie2_frozen_centers,movie2:component:124,1,0.7071067811865476,1.8446993996457728,0.36344041817416795,0.408248290463863,0.408248290463863,-0.816496580927726,9.797958971132712,9.797958971132712
1.6374079978465321,1.6374079978465321,5,1.224744871391589,30.30156196348144,True,movie2:8:5,0.0,8.0,263.0,57.0,78.0,0.0,8.0,240.382,52.098,71.292,0.7920118528688853,37.65771628806941,True,predicted_centers,original_epoch_098,107,0.7943604078865788,0.34061801340861597,0.5029621370678273,10.181411743164062,10.181411743164062,13.592490538956508,training_consistent_log_reconstructed,124,nuclei_movie2_frozen_centers,movie2:component:125,1,0.7071067811865476,-7.356154324587969,0.8453961449776468,0.9363291810011709,0.3511234324360547,0.0,8.54400374531753,8.54400374531753
1.0354696904531657,1.0354696904531622,2,2.958039891549808,12.821210102503114,True,movie2:8:2,0.0,8.0,310.0,79.0,137.0,0.0,8.0,283.34000000000003,72.206,125.218,0.40417118439547295,18.09216287987351,True,predicted_centers,original_epoch_098,108,0.6187311393630248,0.6834773825835235,-0.38733763653860065,12.892918586730955,12.892918586730957,15.663352829266627,training_consistent_log_reconstructed,124,nuclei_movie2_frozen_centers,movie2:component:126,1,0.8660254037844386,-5.270952777370395,0.6312985060576892,0.5025707156529163,0.6461623572335301,-0.574366506563991,13.928388277184121,13.92838827718412
2.2156417252591485,2.2156417252591467,14,1.5,12.872559168681194,True,movie2:9:14,0.0,9.0,44.0,148.0,91.0,0.0,9.0,40.216,135.272,83.174,2.601985295208328,6.499806608829162,True,predicted_centers,original_epoch_098,109,0.23959686020439666,0.4029952353677771,-0.8832826189001257,11.126022338867188,11.126022338867188,17.904725093726775,training_consistent_log_reconstructed,124,nuclei_movie2_frozen_centers,movie2:component:127,1,0.5,6.3727525598520325,-0.3863435699491813,0.3747658521338962,0.22485950595013435,-0.8994380238005374,13.341664064126336,13.341664064126334
1.9355743242674528,1.9355743242674528,17,2.0615528128088303,11.384679257525322,True,movie2:9:17,0.0,9.0,69.0,135.0,122.0,0.0,9.0,63.066,123.39,111.50800000000001,0.8449829893630945,10.080121662694731,True,predicted_centers,original_epoch_098,110,0.9311263516166671,0.36368330572487595,-0.02716929263086361,10.311874389648438,10.311874389648438,10.954843438261657,training_consistent_log_reconstructed,124,nuclei_movie2_frozen_centers,movie2:component:128,1,0.5,1.304557594830591,1.0905913349043583,0.8981462407813201,0.4082482882628362,0.1632993120035943,12.24744871391589,12.24744871391589
1.0297667180410528,1.0297667180410528,3,2.598076211353316,6.073719368610646,True,movie2:9:3,0.0,9.0,116.0,119.0,62.0,0.0,9.0,106.024,108.766,56.668,0.3773906671059919,12.644418674521173,True,predicted_centers,original_epoch_098,111,0.8493752592117381,-0.2012090944145653,-0.4879309063421411,12.898621559143068,12.898621559143066,14.521251492276882,training_consistent_log_reconstructed,124,nuclei_movie2_frozen_centers,movie2:component:129,1,0.8660254037844386,-6.570699305910527,0.6523760509350609,-0.7897539804068481,0.21538744490584064,0.5743665197489083,13.928388277184121,13.92838827718412
1.2121405984571236,1.2121405984571236,1,4.123105625617661,11.521543504194653,True,movie2:9:1,0.0,9.0,142.0,145.0,47.0,0.0,9.0,129.788,132.53,42.958,0.46626940896558366,3.09712075796968,True,predicted_centers,original_epoch_098,112,0.5863498929127635,-0.148274226949227,0.7963721220031499,12.38932991027832,12.38932991027832,26.47385237777995,training_consistent_log_reconstructed,124,nuclei_movie2_frozen_centers,movie2:component:131,1,0.0,8.424422746224973,0.74587118949154,-0.7352146376591716,0.14704292753183434,-0.6616931418977839,13.601470508735444,13.601470508735444
5.618278024253941,5.618278024253941,10,3.2015621187164243,85.64718135059127,True,movie2:9:10,0.0,8.0,172.0,164.0,119.0,0.0,8.0,157.208,149.89600000000002,108.766,7.2261287584086205,88.8746674730571,True,predicted_centers,original_epoch_098,113,0.8783346395015046,-0.47614538274747076,-0.04258914814863854,8.417390823364258,8.417390823364258,138.3296852259893,training_consistent_log_reconstructed,124,nuclei_movie2_frozen_centers,movie2:component:132,1,0.5,-3.2274861224658338,-1.6078507341546793,0.1424940999758193,0.49872934991536755,-0.8549645998549158,14.035668847618199,14.035668847618199
0.38116727275205164,0.38116727275204987,0,4.769696007084728,6.719522425856024,True,movie2:9:0,0.0,9.0,199.0,121.0,61.0,0.0,9.0,181.886,110.59400000000001,55.754000000000005,0.33673897617580906,4.623384059032064,True,predicted_centers,original_epoch_098,114,-0.5676601494760837,0.7733008487014875,-0.28243185389461595,13.971532821655272,13.971532821655273,17.776961299354486,training_consistent_log_reconstructed,124,nuclei_movie2_frozen_centers,movie2:component:133,1,0.8660254037844386,2.0961383668239595,0.04442829657624081,-0.6270597289021522,0.6967330027430362,-0.3483665013715181,14.352700094407323,14.352700094407323
0.6671536290353206,0.6671536290353188,8,1.118033988749895,12.478964950274666,True,movie2:9:8,0.0,9.0,205.0,184.0,136.0,0.0,9.0,187.37,168.17600000000002,124.304,0.5221605642923954,11.726539476426701,True,predicted_centers,original_epoch_098,115,0.7211720133482324,-0.45530503023426994,0.5221190061725652,12.456979751586916,12.456979751586914,23.540804208183726,training_consistent_log_reconstructed,124,nuclei_movie2_frozen_centers,movie2:component:134,1,0.5,0.7524254738479641,0.1449930647429234,-0.7633700313460261,0.2544566718255071,-0.5937322607086912,11.789826122551595,11.789826122551595
1.410468540031646,1.410468540031646,11,1.5,10.75644394056041,True,movie2:9:11,0.0,9.0,230.0,105.0,153.0,0.0,9.0,210.22,95.97,139.842,0.8484277665085305,8.60855285355851,True,predicted_centers,original_epoch_098,116,-0.06042242928929323,0.9909159898601286,-0.12014420950799758,15.011939048767092,15.01193904876709,15.225765548351466,training_consistent_log_reconstructed,124,nuclei_movie2_frozen_centers,movie2:component:135,1,0.5,2.1478910870019003,0.5620407735231154,0.0,0.9557790073550252,-0.29408585328002873,13.601470508735446,13.601470508735444
5.866171523193973,5.8661715231939695,12,2.7386127875258306,14.580645318727585,True,movie2:9:12,0.0,8.0,241.0,221.0,47.0,0.0,8.0,220.274,201.994,42.958,5.368128797715837,13.829127531952187,True,predicted_centers,original_epoch_098,117,0.9775736899472275,-0.14916717547410888,0.14865676736710687,12.161584854125977,12.161584854125977,161.18431617561333,training_consistent_log_reconstructed,124,nuclei_movie2_frozen_centers,movie2:component:136,1,0.7071067811865476,0.7515177867753984,0.49804272547813255,0.9984603530504905,0.05547002241111499,0.0,18.02775637731995,18.027756377319946
1.4524350466584117,1.45243504665841,13,3.2015621187164243,3.9989005965342383,True,movie2:9:13,0.0,9.0,243.0,230.0,74.0,0.0,9.0,222.102,210.22,67.636,0.028700828552246094,9.368575719587305,True,predicted_centers,original_epoch_098,118,0.4675448368756573,0.6841886814297395,0.5597210677778255,11.402309417724611,11.40230941772461,6.705221079309169,training_consistent_log_reconstructed,124,nuclei_movie2_frozen_centers,movie2:component:137,1,0.5,-5.369675123053067,1.4237342181061639,0.502518907629606,0.7035264706814485,0.502518907629606,9.9498743710662,9.9498743710662
0.4177762856836402,0.4177762856836402,16,2.692582403567252,5.43695056708948,True,movie2:9:16,0.0,9.0,242.0,51.0,118.0,0.0,9.0,221.18800000000002,46.614000000000004,107.852,0.3514192709569848,6.441051306757931,True,predicted_centers,original_epoch_098,119,0.6712046401586169,0.3157439055598813,-0.6706639375509423,12.787093162536621,12.787093162536621,4.8131607710408515,training_consistent_log_reconstructed,124,nuclei_movie2_frozen_centers,movie2:component:138,1,0.5,-1.0041007396684511,0.06635701472665545,0.6467616644461078,0.4042260491430513,-0.6467616644461078,12.36931687685298,12.36931687685298
1.3385604653604322,1.338560465360434,2,2.449489742783178,13.150266128605441,True,movie2:9:2,0.0,9.0,249.0,114.0,64.0,0.0,9.0,227.586,104.196,58.496,1.3960380554199219,13.402393730109914,True,predicted_centers,original_epoch_098,120,0.8703627752161956,0.44469473245572105,-0.21145977027344123,15.454295158386232,15.45429515838623,12.299479732472669,training_consistent_log_reconstructed,124,nuclei_movie2_frozen_centers,movie2:component:139,1,0.0,-0.25212760150447266,-0.05747759005948794,0.7741387441769642,0.4763930528741819,-0.41684393235038203,16.792855623746664,16.792855623746664
0.33374412333879455,0.3337441233387928,15,2.345207879911715,14.728710646602744,True,movie2:9:15,0.0,9.0,266.0,73.0,134.0,0.0,9.0,243.124,66.72200000000001,122.476,0.3862525308549767,1.0940434176872595,True,predicted_centers,original_epoch_098,121,0.255146954107798,0.44495165889965255,-0.8584393123872884,10.846595764160156,10.846595764160156,19.255662995841597,training_consistent_log_reconstructed,124,nuclei_movie2_frozen_centers,movie2:component:141,1,0.7071067811865476,13.634667228915484,-0.05250840751618391,0.4472135954999579,0.5366563145999494,-0.7155417527999327,11.18033988749895,11.180339887498949
1.3940127837002905,1.3940127837002922,9,2.598076211353316,8.741231185820302,True,movie2:9:9,0.0,9.0,302.0,168.0,144.0,0.0,9.0,276.028,153.552,131.616,1.3676421553691522,5.913570989452502,True,predicted_centers,original_epoch_098,122,0.5117112552185817,-0.15114308754269187,0.8457584515514376,12.498431205749513,12.498431205749512,16.394969165695194,training_consistent_log_reconstructed,124,nuclei_movie2_frozen_centers,movie2:component:143,1,0.8660254037844386,2.8276601963678,0.02637062833114001,-0.5038710212502906,0.0,-0.8637789033914809,13.892443989449804,13.892443989449804
1.0410471102317285,1.0410471102317302,7,3.082207001484488,5.807809987199774,True,movie2:9:7,0.0,9.0,318.0,147.0,91.0,0.0,9.0,290.652,134.358,83.174,1.876679079311291,3.3750253452511294,True,predicted_centers,original_epoch_098,123,0.15869997015935333,0.9653598567137373,-0.20711027622272388,15.268459320068361,15.26845932006836,10.357951281799837,training_consistent_log_reconstructed,124,nuclei_movie2_frozen_centers,movie2:component:144,1,0.7071067811865476,2.4327846419486447,-0.8356319690795608,0.06131393400982399,0.9810229441571838,-0.18394179659177579,16.30950643030009,16.30950643030009
0.9370817691464559,0.9370817691464559,13,0.5,9.501233739994662,True,movie2:2:13,0.0,2.0,26.0,154.0,65.0,0.0,2.0,23.764,140.756,59.410000000000004,2.2991679225418338,11.065454690511467,True,all_groundtruth_centers,retrained_nematic_epoch_095,0,0.8705723317193816,0.12738792539442523,-0.47526427564922574,16.97939109802246,16.97939109802246,117.04670800734063,training_consistent_log_reconstructed,145,nuclei_movie2_frozen_centers,movie2:component:0,1,0.5,-1.5642209505168054,-1.3620861533953779,0.7814038044302498,0.1116291116991269,-0.6139601256133788,17.916472867168917,17.916472867168917
2.120950797728309,2.120950797728309,8,0.5,24.946851467273753,True,movie2:2:8,0.0,2.0,44.0,200.0,118.0,0.0,2.0,40.216,182.8,107.852,3.737764905104765,33.94461618593467,True,all_groundtruth_centers,retrained_nematic_epoch_095,1,0.9478293343616545,0.21112172439190727,-0.23884549485667633,14.280268669128418,14.280268669128418,145.41691754819706,training_consistent_log_reconstructed,145,nuclei_movie2_frozen_centers,movie2:component:1,1,0.5,-8.997764718660918,-1.616814107376456,0.9755372158568809,0.12194215198211011,0.1829132363941367,16.401219466856727,16.401219466856727
0.9265434384032218,0.9265434384032218,18,0.7071067811865476,9.053551504960055,True,movie2:2:18,0.0,2.0,50.0,117.0,113.0,0.0,2.0,45.7,106.938,103.28200000000001,0.36371802787591534,10.0280239965833,True,all_groundtruth_centers,retrained_nematic_epoch_095,2,0.6587971095505766,-0.2577330945863351,0.706795600158035,10.200161933898926,10.200161933898926,50.59829180673358,training_consistent_log_reconstructed,145,nuclei_movie2_frozen_centers,movie2:component:2,1,0.7071067811865476,-0.9744724916232457,0.5628254105273065,-0.646996644757806,0.10783277138953609,-0.7548294079370473,9.273618495495704,9.273618495495704
2.0547978265179623,2.0547978265179623,0,0.5,7.15006575442288,True,movie2:2:0,0.0,2.0,79.0,141.0,43.0,0.0,2.0,72.206,128.874,39.302,1.7128648697800148,3.7893005417576036,True,all_groundtruth_centers,retrained_nematic_epoch_095,3,-0.26169460781686815,0.9349770954140784,-0.23944469777096553,16.30260467529297,16.30260467529297,14.24979360418236,training_consistent_log_reconstructed,145,nuclei_movie2_frozen_centers,movie2:component:3,1,0.5,3.3607652126652767,0.34193295673794744,-0.21055871529851447,0.9124211315489575,-0.3509311985486031,14.247806848775006,14.247806848775006
0.9272464810390346,0.9272464810390328,4,0.0,2.4630177017550325,True,movie2:2:4,0.0,2.0,97.0,132.0,85.0,0.0,2.0,88.658,120.64800000000001,77.69,1.069172873043458,7.123451596971098,True,all_groundtruth_centers,retrained_nematic_epoch_095,4,0.4960413683000664,-0.17004983098108592,0.8514845952325281,12.263659477233887,12.263659477233887,60.72910129688306,training_consistent_log_reconstructed,145,nuclei_movie2_frozen_centers,movie2:component:4,1,0.0,-4.660433895216065,-0.14192639200442514,-0.5306686455805337,0.1516196130230096,-0.8339078375602874,13.190905958272921,13.19090595827292
0.9739484786987287,0.9739484786987305,2,0.7071067811865476,4.5240280676508196,True,movie2:2:2,0.0,2.0,114.0,150.0,57.0,0.0,2.0,104.196,137.1,52.098,0.38631849188193534,3.503832831091199,True,all_groundtruth_centers,retrained_nematic_epoch_095,5,0.8226604250445994,-0.5645933378836697,-0.06681457837040741,14.026051521301271,14.02605152130127,91.86093420383337,training_consistent_log_reconstructed,145,nuclei_movie2_frozen_centers,movie2:component:5,1,0.7071067811865476,1.0201952365596205,0.5876299868167951,-0.8,0.6,0.0,15.0,15.0
1.7043346049840835,1.7043346049840817,9,0.8660254037844386,5.265463947765317,True,movie2:2:9,0.0,2.0,123.0,227.0,86.0,0.0,2.0,112.42200000000001,207.478,78.604,0.7627864037592502,4.990888718018046,True,all_groundtruth_centers,retrained_nematic_epoch_095,6,-0.6360851465150666,-0.3017962947844839,0.7101511690036587,10.422132492065431,10.42213249206543,145.77871350231817,training_consistent_log_reconstructed,145,nuclei_movie2_frozen_centers,movie2:component:6,1,0.8660254037844386,0.27457522974727144,0.9415482012248315,0.6882472016116853,0.22941573387056174,-0.6882472016116853,8.717797887081348,8.717797887081348
1.9709122288928818,1.9709122288928818,3,0.7071067811865476,8.366695070369977,True,movie2:2:3,0.0,2.0,128.0,191.0,58.0,0.0,2.0,116.992,174.574,53.012,1.194565565722531,10.78158892981747,True,all_groundtruth_centers,retrained_nematic_epoch_095,7,0.8915257621466544,-0.03486304888669865,0.4516263757257216,10.23564338684082,10.23564338684082,50.06877162595309,training_consistent_log_reconstructed,145,nuclei_movie2_frozen_centers,movie2:component:7,1,0.7071067811865476,-2.414893859447494,0.7763466631703508,-0.8192319146469484,0.0,-0.5734623527520312,12.206555615733702,12.206555615733702
1.711121524941003,1.711121524941003,17,0.0,23.81087737584925,True,movie2:2:17,0.0,2.0,139.0,249.0,101.0,0.0,2.0,127.046,227.586,92.31400000000001,2.589952472485834,29.238963458067822,True,all_groundtruth_centers,retrained_nematic_epoch_095,8,0.21745812938229225,-0.3958611293397408,0.8921916432266216,11.441824913024902,11.441824913024902,78.16858274691806,training_consistent_log_reconstructed,145,nuclei_movie2_frozen_centers,movie2:component:8,1,0.0,-5.428086082218574,-0.8788309475448308,-0.1520571842539411,0.0,-0.9883716976506172,13.152946437965905,13.152946437965905
0.49597453469700703,0.49597453469700703,1,0.7071067811865476,12.850412848699902,True,movie2:2:1,0.0,2.0,141.0,215.0,57.0,0.0,2.0,128.874,196.51000000000002,52.098,0.9197527334860958,3.7491166049590117,True,all_groundtruth_centers,retrained_nematic_epoch_095,9,0.9982294751989558,0.043582010648489364,-0.040478675767031506,16.02014923095703,16.02014923095703,82.63014087358182,training_consistent_log_reconstructed,145,nuclei_movie2_frozen_centers,movie2:component:9,1,0.7071067811865476,9.10129624374089,-0.42377819878908873,-0.9662349435922334,0.0,0.25766263559413044,15.524174696260024,15.524174696260024
4.245958713691932,4.245958713691936,15,0.7071067811865476,6.217742634860056,True,movie2:2:15,0.0,2.0,163.0,96.0,74.0,0.0,2.0,148.982,87.744,67.636,4.3624547753579925,9.279345394551902,True,all_groundtruth_centers,retrained_nematic_epoch_095,10,0.45990442756001565,0.536897118756389,0.7072689738577411,11.310390472412111,11.31039047241211,163.84092616097178,training_consistent_log_reconstructed,145,nuclei_movie2_frozen_centers,movie2:component:10,1,0.7071067811865476,-3.061602759691845,-0.11649606166605686,0.4499770510272496,0.4499770510272496,0.7713892059768792,15.556349186104043,15.556349186104045
0.6669193293216562,0.6669193293216562,14,0.5,21.63825898692075,True,movie2:2:14,0.0,2.0,165.0,128.0,76.0,0.0,2.0,150.81,116.992,69.464,1.3214275944934677,19.00714539525111,True,all_groundtruth_centers,retrained_nematic_epoch_095,11,0.867067150441248,0.23470340839515844,0.4394415395856312,10.149734497070312,10.149734497070312,170.8791931605445,training_consistent_log_reconstructed,145,nuclei_movie2_frozen_centers,movie2:component:11,1,0.5,2.6311135916696387,-0.6545082651718115,0.6471502443935288,0.18490006222462543,0.7396002488985017,10.816653826391969,10.816653826391969
1.3936017500699194,1.3936017500699212,19,0.5,26.213622274601576,True,movie2:2:19,0.0,2.0,167.0,146.0,136.0,0.0,2.0,152.638,133.44400000000002,124.304,2.2763881511358566,22.468943153492866,True,all_groundtruth_centers,retrained_nematic_epoch_095,12,0.8335963027510451,0.0010020629785799423,0.5523732432962106,12.498842239379885,12.498842239379883,89.92956586522477,training_consistent_log_reconstructed,145,nuclei_movie2_frozen_centers,movie2:component:12,1,0.5,3.7446791211087103,-0.8827864010659354,-0.5038710212502906,0.0,-0.8637789033914809,13.892443989449804,13.892443989449804
5.160584310299026,5.160584310299026,27,0.5,18.556812358206802,True,movie2:2:27,0.0,2.0,170.0,220.0,91.0,0.0,2.0,155.38,201.08,83.174,6.609016403198499,13.859576142972264,True,all_groundtruth_centers,retrained_nematic_epoch_095,13,0.3876237925612144,0.34697411172208736,0.8540238645583207,11.271092414855957,11.271092414855957,144.7949889070656,training_consistent_log_reconstructed,145,nuclei_movie2_frozen_centers,movie2:component:13,1,0.5,4.697236215234538,-1.4484320928994734,0.42600642588869525,0.608580616359611,0.669438689121637,16.431676725154983,16.431676725154983
1.3956443102434832,1.3956443102434832,21,0.7071067811865476,14.208278083320948,True,movie2:2:21,0.0,2.0,184.0,95.0,64.0,0.0,2.0,168.17600000000002,86.83,58.496,1.112581828508734,20.750233260438865,True,all_groundtruth_centers,retrained_nematic_epoch_095,14,-0.3126204513537859,-0.5488576954308213,0.7752571725316207,10.478697776794435,10.478697776794434,136.74660093557455,training_consistent_log_reconstructed,145,nuclei_movie2_frozen_centers,movie2:component:14,1,0.7071067811865476,-6.5419551771179165,0.2830624817347491,0.42107596131897473,0.336860763515887,-0.8421519226379495,11.874342087037919,11.874342087037917
0.3828990508857224,0.38289905088571885,16,0.8660254037844386,8.336052028748654,True,movie2:2:16,0.0,2.0,188.0,167.0,76.0,0.0,2.0,171.832,152.638,69.464,0.7339919848594754,7.000358326345599,True,all_groundtruth_centers,retrained_nematic_epoch_095,15,-0.30358135420187143,0.9383139642883888,0.16554535874607415,16.380155563354492,16.380155563354492,25.210093675105167,training_consistent_log_reconstructed,145,nuclei_movie2_frozen_centers,movie2:component:15,1,0.8660254037844386,1.3356937024030548,-0.3510929339737565,-0.17896499588156806,0.9544799780350297,0.23861999450875743,16.763054614240215,16.76305461424021
1.1190379724498918,1.1190379724498918,7,0.7071067811865476,9.253810238751596,True,movie2:2:7,0.0,2.0,192.0,212.0,88.0,0.0,2.0,175.488,193.768,80.432,1.4882337821847358,8.295261241679556,True,all_groundtruth_centers,retrained_nematic_epoch_095,16,0.8194667590229825,0.41466540546529523,-0.39563472088110707,14.62897777557373,14.62897777557373,157.01102575035716,training_consistent_log_reconstructed,145,nuclei_movie2_frozen_centers,movie2:component:16,1,0.7071067811865476,0.9585489970720396,-0.369195809734844,0.8890008920619218,0.38100036875821786,-0.254000261651852,15.748015748023622,15.748015748023622
1.7662489106266364,1.7662489106266346,6,0.5,5.581141626517344,True,movie2:2:6,0.0,2.0,208.0,96.0,43.0,0.0,2.0,190.112,87.744,39.302,2.04410160310098,10.19543588690162,True,all_groundtruth_centers,retrained_nematic_epoch_095,17,0.7446765724999269,-0.6624290491299633,0.08151415360864679,13.366497039794922,13.366497039794922,46.45670290282235,training_consistent_log_reconstructed,145,nuclei_movie2_frozen_centers,movie2:component:17,1,0.5,-4.614294260384276,-0.27785269247434563,-0.792982312574065,0.5947367501684605,-0.13216372400831475,15.132745950421558,15.132745950421556
1.8198897125634055,1.8198897125634055,25,0.7071067811865476,9.98239661978045,True,movie2:2:25,0.0,2.0,208.0,126.0,125.0,0.0,2.0,190.112,115.164,114.25,3.262461507833141,21.940514942661586,True,all_groundtruth_centers,retrained_nematic_epoch_095,18,0.1220626899959232,-0.4630165820076866,0.877904519009259,14.273587226867676,14.273587226867676,79.45586553440616,training_consistent_log_reconstructed,145,nuclei_movie2_frozen_centers,movie2:component:18,1,0.7071067811865476,-11.958118322881136,-1.4425717952697354,-0.18641092718587707,0.3106848657450127,-0.932054655276559,16.09347693943108,16.09347693943108
1.311143744480452,1.3111437444804537,5,0.7071067811865476,6.618388069852912,True,movie2:2:5,0.0,2.0,232.0,199.0,115.0,0.0,2.0,212.048,181.886,105.11,0.45597730923875446,9.862331389971848,True,all_groundtruth_centers,retrained_nematic_epoch_095,19,0.759495448355412,-0.6038754306411981,0.2418700646944949,13.180233001708984,13.180233001708984,104.2582662704476,training_consistent_log_reconstructed,145,nuclei_movie2_frozen_centers,movie2:component:19,1,0.7071067811865476,-3.2439433201189356,0.8551664352416992,-0.7590721072564883,0.5520524589744059,-0.34503277891456374,14.491376746189436,14.491376746189438
1.6029199658412807,1.602919965841279,22,0.7071067811865476,8.294898610455446,True,movie2:2:22,0.0,2.0,248.0,216.0,69.0,0.0,2.0,226.672,197.424,63.066,2.703606037300334,14.875842664708461,True,all_groundtruth_centers,retrained_nematic_epoch_095,20,-0.6463182892336311,0.11765720064960462,0.7539426053337289,11.58798599243164,11.58798599243164,61.912820117694174,training_consistent_log_reconstructed,145,nuclei_movie2_frozen_centers,movie2:component:20,1,0.7071067811865476,-6.580944054253015,-1.1006860714590552,-0.5306686455805337,0.1516196130230096,0.8339078375602874,13.190905958272921,13.19090595827292
1.2510111363101721,1.2510111363101721,23,0.0,11.426893651204622,True,movie2:2:23,0.0,2.0,249.0,197.0,96.0,0.0,2.0,227.586,180.058,87.744,0.09485582730816766,22.17578561502216,True,all_groundtruth_centers,retrained_nematic_epoch_095,21,0.3418825089958907,0.8645759658719807,0.36827265616551846,14.630099296569826,14.630099296569824,145.74414115319252,training_consistent_log_reconstructed,145,nuclei_movie2_frozen_centers,movie2:component:21,1,0.0,-10.748891963817538,1.1561553090020045,0.2242305355781158,0.822178598551855,0.5232045670649855,13.379088160259654,13.379088160259652
1.9479617704008074,1.9479617704008092,28,1.8708286933869707,5.149410295158031,True,movie2:2:28,0.0,2.0,274.0,62.0,111.0,0.0,2.0,250.436,56.668,101.45400000000001,2.621889726894299,3.9659280324983825,True,all_groundtruth_centers,retrained_nematic_epoch_095,22,-0.6419788573210674,0.16107936764195263,0.7496109551446039,14.17655372619629,14.176553726196289,59.84310464854504,training_consistent_log_reconstructed,145,nuclei_movie2_frozen_centers,movie2:component:22,1,1.8708286933869707,1.1834822626596484,-0.6739279564934897,-0.6201736805872538,0.24806946230132654,0.7442084034599379,16.1245154965971,16.1245154965971
0.6115111189407294,0.6115111189407312,24,0.0,16.44637865080971,True,movie2:2:24,0.0,2.0,279.0,217.0,92.0,0.0,2.0,255.006,198.338,84.08800000000001,0.5685036812944304,9.066093437415795,True,all_groundtruth_centers,retrained_nematic_epoch_095,23,0.6924115487319465,0.6325105547321812,-0.3471262671349078,12.07706642150879,12.077066421508789,158.43065997176225,training_consistent_log_reconstructed,145,nuclei_movie2_frozen_centers,movie2:component:23,1,0.0,7.380285213393915,0.04300743764630077,0.7881104062391007,0.39405520311955033,-0.47286624374346037,12.68857754044952,12.68857754044952
2.0566336308828497,2.0566336308828497,26,0.0,15.745967045420837,True,movie2:2:26,0.0,2.0,283.0,188.0,78.0,0.0,2.0,258.66200000000003,171.832,71.292,1.814213166806148,18.650779904446587,True,all_groundtruth_centers,retrained_nematic_epoch_095,24,-0.45079786209110895,0.36297446912314063,0.8154942196599922,11.871754646301271,11.87175464630127,63.768633476181535,training_consistent_log_reconstructed,145,nuclei_movie2_frozen_centers,movie2:component:24,1,0.0,-2.90481285902575,0.2424204640767016,-0.21538744591028236,0.2871832675854271,0.9333456053162741,13.928388277184121,13.92838827718412
0.49581158848891427,0.49581158848891427,12,0.7071067811865476,16.645663885721394,True,movie2:2:12,0.0,2.0,284.0,67.0,136.0,0.0,2.0,259.576,61.238,124.304,0.06174747310354256,12.554969346388724,True,all_groundtruth_centers,retrained_nematic_epoch_095,25,0.7108482951658277,0.6671718731050482,0.2226575689199397,10.98390007019043,10.98390007019043,174.5691263217396,training_consistent_log_reconstructed,145,nuclei_movie2_frozen_centers,movie2:component:25,1,0.7071067811865476,4.09069453933267,0.4340641153853717,0.5720775412472399,0.6674238303363678,0.47673128437269985,10.488088481701515,10.488088481701515
0.270693778991701,0.2706937789916992,10,0.7071067811865476,11.19530952448969,True,movie2:2:10,0.0,2.0,289.0,109.0,53.0,0.0,2.0,264.146,99.626,48.442,0.3251615493358635,18.575568023896405,True,all_groundtruth_centers,retrained_nematic_epoch_095,26,-0.5623635152865734,0.8130298454513469,-0.15076387856475088,14.270693778991701,14.2706937789917,25.051491994001065,training_consistent_log_reconstructed,145,nuclei_movie2_frozen_centers,movie2:component:26,1,0.7071067811865476,-7.380258499406715,-0.05446777034416428,-0.428571427851784,0.857142855703568,-0.28571429111162,14.0,14.0
0.49716363311396705,0.49716363311396705,20,0.7071067811865476,3.9851066241658213,True,movie2:2:20,0.0,2.0,305.0,99.0,52.0,0.0,2.0,278.77000000000004,90.486,47.528,1.3092486071826706,2.595869611282266,True,all_groundtruth_centers,retrained_nematic_epoch_095,27,0.005440604986644613,-0.592988193204602,0.8051927735252726,15.934513092041016,15.934513092041016,85.7942207902108,training_consistent_log_reconstructed,145,nuclei_movie2_frozen_centers,movie2:component:27,1,0.7071067811865476,1.3892370128835552,-0.8120849740687035,0.06085806365647026,0.6085806256919499,-0.7911548003522318,16.431676725154983,16.431676725154983
0.3149799235907711,0.3149799235907693,11,0.7071067811865476,2.2235041288418707,True,movie2:2:11,0.0,2.0,320.0,188.0,55.0,0.0,2.0,292.48,171.832,50.27,1.3756137824353765,2.133912275791674,True,all_groundtruth_centers,retrained_nematic_epoch_095,28,-0.5255116185159583,0.8428925332636902,0.1156274888296758,15.93309688568115,15.933096885681152,5.53718367871079,training_consistent_log_reconstructed,145,nuclei_movie2_frozen_centers,movie2:component:28,1,0.7071067811865476,0.08959185305019668,-1.0606338588446071,-0.4923659529398475,0.8616404435202297,0.12309148823496187,16.24807680927192,16.24807680927192
2.430021926025999,2.4300219260260008,9,0.5,14.059471880746132,True,movie2:3:9,0.0,3.0,37.0,126.0,133.0,0.0,3.0,33.818,115.164,121.562,4.413065708574596,39.46145850535228,True,all_groundtruth_centers,retrained_nematic_epoch_095,29,-0.09837447802475076,0.9939689249845258,-0.04845862398442397,15.597734451293947,15.597734451293945,45.20247855662068,training_consistent_log_reconstructed,145,nuclei_movie2_frozen_centers,movie2:component:29,1,0.5,-25.401986624606153,-1.9830437825485951,-0.3328201177351375,0.9429903335828895,0.0,18.027756377319946,18.027756377319946
4.799401306092474,4.799401306092474,7,0.0,7.722923477637366,True,movie2:3:7,0.0,3.0,63.0,84.0,120.0,0.0,3.0,57.582,76.776,109.68,6.720723015172219,12.633484076814677,True,all_groundtruth_centers,retrained_nematic_epoch_095,30,-0.6196112155066474,0.47378379748025523,0.6257881868999793,16.810781478881836,16.810781478881836,38.09916272420906,training_consistent_log_reconstructed,145,nuclei_movie2_frozen_centers,movie2:component:30,1,0.0,-4.910560599177311,-1.921321709079745,-0.5090192881088625,0.5090192881088625,0.6941172297719556,21.61018278497431,21.61018278497431
2.50448587016197,2.5044858701619717,12,0.0,1.7948092357989418,True,movie2:3:12,0.0,3.0,72.0,227.0,116.0,0.0,3.0,65.808,207.478,106.024,3.0049095153808594,4.377179513138938,True,all_groundtruth_centers,retrained_nematic_epoch_095,31,0.35907140549341715,0.6374364134229223,0.6817202832536986,14.168846130371096,14.168846130371094,146.34407454129675,training_consistent_log_reconstructed,145,nuclei_movie2_frozen_centers,movie2:component:31,1,0.0,-2.5823702773399964,-0.5004236452188877,0.3598560884268073,0.6597361577260101,0.6597361577260101,16.673332000533065,16.673332000533065
3.4155778106279566,3.4155778106279566,14,0.5,9.30543384360513,True,movie2:3:14,0.0,3.0,84.0,234.0,103.0,0.0,3.0,76.776,213.876,94.14200000000001,2.5635641890090906,18.9153554301285,True,all_groundtruth_centers,retrained_nematic_epoch_095,32,-0.041959096036132286,-0.4839452337267731,0.8740917829455723,8.331762313842775,8.331762313842773,106.15723422735451,training_consistent_log_reconstructed,145,nuclei_movie2_frozen_centers,movie2:component:32,1,0.5,-9.60992158652337,0.8520136216188661,0.08512565527109466,0.3405026210843786,-0.9363821804420109,11.747340124470732,11.74734012447073
3.7440651458628285,3.7440651458628285,20,3.640054944640259,52.76460846312058,True,movie2:4:20,0.0,4.0,100.0,184.0,108.0,0.0,4.0,91.4,168.17600000000002,98.712,3.4653698394112347,49.47649380185539,True,all_groundtruth_centers,retrained_nematic_epoch_095,33,0.46027019947002457,0.7409142479948739,-0.4890781334286112,14.514394760131836,14.514394760131836,102.41531534907723,training_consistent_log_reconstructed,145,nuclei_movie2_frozen_centers,movie2:component:33,1,3.640054944640259,3.2881146612651904,0.2786953064515938,-0.3713906800772299,0.5570860021207347,-0.7427813601544598,10.770329614269007,10.770329614269007
1.8146483189983815,1.8146483189983798,16,0.8660254037844386,3.4116851439082088,True,movie2:3:16,0.0,3.0,99.0,163.0,140.0,0.0,3.0,90.486,148.982,127.96000000000001,1.7835086905312778,5.801489878001506,True,all_groundtruth_centers,retrained_nematic_epoch_095,34,0.4620252242066276,0.2649798246505255,0.8463559444613079,11.933078765869139,11.93307876586914,144.0941433048143,training_consistent_log_reconstructed,145,nuclei_movie2_frozen_centers,movie2:component:34,1,0.8660254037844386,-2.3898047340932975,0.031139628467101943,0.4364357804719847,0.21821789023599236,0.8728715609439694,13.74772708486752,13.74772708486752
3.1917222159014713,3.1917222159014713,30,1.118033988749895,21.792934990053784,True,movie2:4:30,0.0,4.0,126.0,228.0,62.0,0.0,4.0,115.164,208.392,56.668,4.477705710003395,25.108756205574856,True,all_groundtruth_centers,retrained_nematic_epoch_095,35,0.7322753772213074,0.11914409815597765,0.6705053734236518,11.056084632873535,11.056084632873535,161.0314372043203,training_consistent_log_reconstructed,145,nuclei_movie2_frozen_centers,movie2:component:35,1,1.118033988749895,-3.3158212155210727,-1.2859834941019237,0.9124211282466754,0.21055872190307892,0.3509312031717982,14.247806848775006,14.247806848775006
0.22347584080085525,0.22347584080085525,1,0.0,4.060643441572574,True,movie2:3:1,0.0,3.0,150.0,171.0,42.0,0.0,3.0,137.1,156.294,38.388,2.7452088498574874,5.16098641030425,True,all_groundtruth_centers,retrained_nematic_epoch_095,36,0.9478646901597843,0.2773156675116903,-0.15699856591969763,14.942275047302248,14.942275047302246,126.7731506352678,training_consistent_log_reconstructed,145,nuclei_movie2_frozen_centers,movie2:component:36,1,0.0,-1.1003429687316766,-2.521733009056632,0.9231326591188955,0.3296902408288096,-0.19781415209817146,15.165750888103103,15.165750888103101
1.14559744562683,1.14559744562683,8,0.5,30.2231782242197,True,movie2:3:8,0.0,3.0,162.0,83.0,114.0,0.0,3.0,148.068,75.86200000000001,104.196,2.933726455890959,25.237155592962452,True,all_groundtruth_centers,retrained_nematic_epoch_095,37,0.25640369951845227,0.9613113261919404,-0.10068603184327048,16.432798385620117,16.432798385620117,98.27102183069523,training_consistent_log_reconstructed,145,nuclei_movie2_frozen_centers,movie2:component:37,1,0.5,4.986022631257249,-1.7881290102641287,0.11377602429060397,0.9102081943248318,0.3982160962097755,17.578395831246947,17.578395831246947
1.7262178787507825,1.7262178787507807,14,2.345207879911715,13.009875791964651,True,movie2:4:14,0.0,4.0,166.0,219.0,129.0,0.0,4.0,151.72400000000002,200.166,117.906,2.3729111451923792,20.504773083054054,True,all_groundtruth_centers,retrained_nematic_epoch_095,38,0.17882094762694933,0.9744959855883575,0.1355752291606971,15.478432655334474,15.478432655334473,106.67070053909941,training_consistent_log_reconstructed,145,nuclei_movie2_frozen_centers,movie2:component:38,1,2.345207879911715,-7.494897291089403,-0.6466932664415985,0.11624763965260045,0.9299811172208036,0.3487428965411982,17.204650534085257,17.204650534085253
1.0928949387012459,1.0928949387012459,13,0.7071067811865476,16.685462853651543,True,movie2:3:13,0.0,3.0,170.0,68.0,82.0,0.0,3.0,155.38,62.152,74.94800000000001,1.8521711644367898,20.022735252126534,True,all_groundtruth_centers,retrained_nematic_epoch_095,39,-0.4658569870308294,-0.4051705831749768,0.7866473582007423,14.072855949401855,14.072855949401855,133.9352266031031,training_consistent_log_reconstructed,145,nuclei_movie2_frozen_centers,movie2:component:39,1,0.7071067811865476,-3.3372723984749904,-0.7592762257355439,0.6593804561268665,0.19781413683805996,-0.7253185378472956,15.165750888103101,15.165750888103101
0.6736884941265657,0.6736884941265657,2,0.7071067811865476,8.102872416298899,True,movie2:3:2,0.0,3.0,180.0,157.0,64.0,0.0,3.0,164.52,143.49800000000002,58.496,0.5025907874340572,5.173233964381698,True,all_groundtruth_centers,retrained_nematic_epoch_095,40,0.1128339286994203,0.9015431011077674,-0.4177182559803248,12.378388404846191,12.378388404846191,56.8582424894742,training_consistent_log_reconstructed,145,nuclei_movie2_frozen_centers,movie2:component:40,1,0.7071067811865476,2.929638451917201,0.17109770669250857,0.0,0.9397934277954141,-0.34174305124251747,11.704699910719626,11.704699910719626
2.000407704375972,2.00040770437597,4,0.7071067811865476,7.247153619523136,True,movie2:3:4,0.0,3.0,192.0,82.0,78.0,0.0,3.0,175.488,74.94800000000001,71.292,3.4611302139505398,11.75154037805407,True,all_groundtruth_centers,retrained_nematic_epoch_095,41,-0.5432704190751092,0.697282811308675,0.4676044619242058,13.652068138122559,13.652068138122559,39.35799194014518,training_consistent_log_reconstructed,145,nuclei_movie2_frozen_centers,movie2:component:41,1,0.7071067811865476,-4.504386758530934,-1.4607225095745697,-0.5111012519999519,0.6388765649999399,0.574988908499946,15.65247584249853,15.652475842498529
0.9231813793541406,0.923181379354137,3,0.0,1.8662997031092767,True,movie2:3:3,0.0,3.0,216.0,227.0,106.0,0.0,3.0,197.424,207.478,96.884,1.7756300480033502,0.9325669485209811,True,all_groundtruth_centers,retrained_nematic_epoch_095,42,-0.0911709163656646,0.995834242017379,-0.0014235289660588565,16.106204986572266,16.106204986572266,23.69847004983351,training_consistent_log_reconstructed,145,nuclei_movie2_frozen_centers,movie2:component:42,1,0.0,0.9337327545882956,-0.8524486686492132,-0.05872202255176583,0.9982743731396844,0.0,17.029386365926406,17.029386365926403
1.0650968692854903,1.0650968692854903,17,3.1622776601683795,24.390483790158704,True,movie2:4:17,0.0,4.0,227.0,216.0,62.0,0.0,4.0,207.478,197.424,56.668,1.7767546591271568,22.590189755975985,True,all_groundtruth_centers,retrained_nematic_epoch_095,43,0.6620167268011764,0.7448485907825912,-0.08327322645751467,11.017949104309082,11.017949104309082,173.15225928637352,training_consistent_log_reconstructed,145,nuclei_movie2_frozen_centers,movie2:component:43,1,3.1622776601683795,1.8002940341827198,-0.7116577898416665,0.5793241322585062,0.7448452850544783,0.33104237057368013,12.083045973594572,12.083045973594572
0.6481588484593992,0.6481588484593992,0,0.0,11.006151448277123,True,movie2:3:0,0.0,3.0,261.0,134.0,33.0,0.0,3.0,238.554,122.476,30.162000000000003,0.1692846608789953,7.193574836127143,True,all_groundtruth_centers,retrained_nematic_epoch_095,44,0.836052120710209,0.49012278728422365,-0.24656947264555232,14.71940612792969,14.719406127929688,132.53945758643667,training_consistent_log_reconstructed,145,nuclei_movie2_frozen_centers,movie2:component:44,1,0.0,3.8125766121499796,0.4788741875804039,0.923869764413216,0.35533454239953016,-0.14213381505041364,14.07124727947029,14.071247279470288
0.06710783589993952,0.06710783589993952,6,0.7071067811865476,6.125880756496412,True,movie2:3:6,0.0,3.0,271.0,90.0,72.0,0.0,3.0,247.69400000000002,82.26,65.808,0.7624649586250349,5.793118396701192,True,all_groundtruth_centers,retrained_nematic_epoch_095,45,-0.5503409766024513,-0.15783338950091608,0.8198862302971749,13.861280441284181,13.86128044128418,126.95820971559226,training_consistent_log_reconstructed,145,nuclei_movie2_frozen_centers,movie2:component:45,1,0.7071067811865476,0.33276235979522006,-0.6953571227250954,0.5025707148443289,0.07179581320498642,-0.861549788339069,13.928388277184121,13.92838827718412
1.9624512565463643,1.962451256546366,18,0.5,1.2808855327808928,True,movie2:3:18,0.0,3.0,272.0,209.0,61.0,0.0,3.0,248.608,191.026,55.754000000000005,1.792505288986801,7.027233583101371,True,all_groundtruth_centers,retrained_nematic_epoch_095,46,0.5781709714024031,-0.44475906677338944,0.6840377916098387,11.491172790527346,11.491172790527344,93.01048329532217,training_consistent_log_reconstructed,145,nuclei_movie2_frozen_centers,movie2:component:46,1,0.5,-5.746348050320478,0.16994596755956515,-0.5946353380190872,0.44597648682631036,-0.6689647135514606,13.45362404707371,13.45362404707371
2.2305897468738536,2.2305897468738554,20,0.7071067811865476,9.895914473961549,True,movie2:3:20,0.0,3.0,304.0,219.0,112.0,0.0,3.0,277.856,200.166,102.36800000000001,2.007423356073865,2.686412269439909,True,all_groundtruth_centers,retrained_nematic_epoch_095,47,0.048133036351561735,-0.1583615478010678,0.9862072961551386,9.214933395385744,9.214933395385742,97.65395673702132,training_consistent_log_reconstructed,145,nuclei_movie2_frozen_centers,movie2:component:47,1,0.7071067811865476,7.209502204521639,0.22316639079999057,0.08737040440317814,0.26211120769475904,-0.9610744649792856,11.445523142259598,11.445523142259598
0.8108771261681742,0.8108771261681724,11,0.7071067811865476,3.5331144652678574,True,movie2:3:11,0.0,3.0,319.0,120.0,53.0,0.0,3.0,291.56600000000003,109.68,48.442,0.2397833873818378,3.5273462946810774,True,all_groundtruth_centers,retrained_nematic_epoch_095,48,-0.485183793474138,0.8733170988353806,-0.04374850205206227,12.605530738830566,12.605530738830566,9.027952808955925,training_consistent_log_reconstructed,145,nuclei_movie2_frozen_centers,movie2:component:48,1,0.7071067811865476,0.00576817058678003,0.5710937387863346,-0.4472135954999579,0.8944271909999159,0.0,13.41640786499874,13.416407864998739
,,,,,False,,0.0,4.0,26.0,180.0,104.0,0.0,4.0,23.764,164.52,95.056,,,False,all_groundtruth_centers,retrained_nematic_epoch_095,49,,,,,,,training_consistent_log_reconstructed,145,nuclei_movie2_frozen_centers,,,,,,,,,,
0.7043433275449154,0.7043433275449154,18,0.5,3.9151148452759608,True,movie2:4:18,0.0,4.0,69.0,92.0,82.0,0.0,4.0,63.066,84.08800000000001,74.94800000000001,1.9773545890290336,4.39115124506188,True,all_groundtruth_centers,retrained_nematic_epoch_095,50,0.9148294248321486,-0.4011908191871395,0.046184954922918596,14.948132514953615,14.948132514953613,86.98250823331988,training_consistent_log_reconstructed,145,nuclei_movie2_frozen_centers,movie2:component:50,1,0.5,-0.47603639978591916,-1.2730112614841183,-0.8944271909999159,0.4472135954999579,0.0,15.65247584249853,15.652475842498529
0.4915675275568905,0.49156752755689226,8,0.9013878188659973,15.27659109761876,True,movie2:4:8,0.0,4.0,78.0,205.0,93.0,0.0,4.0,71.292,187.37,85.00200000000001,1.2464266983976877,14.243638270319769,True,all_groundtruth_centers,retrained_nematic_epoch_095,51,0.06318927930994658,0.8163147515048307,-0.5741405241366403,13.79128932952881,13.791289329528809,55.58434430884998,training_consistent_log_reconstructed,145,nuclei_movie2_frozen_centers,movie2:component:51,1,0.9013878188659973,1.0329528272989918,-0.7548591708407955,-0.14002800646781788,0.7001400422075033,-0.7001400422075033,14.2828568570857,14.2828568570857
1.2572901861773484,1.2572901861773502,26,0.7071067811865476,11.824957844992701,True,movie2:4:26,0.0,4.0,81.0,174.0,115.0,0.0,4.0,74.034,159.036,105.11,1.3964288551795487,18.610698739003595,True,all_groundtruth_centers,retrained_nematic_epoch_095,52,0.7553827986845976,0.04449067170866677,-0.6537716784798318,12.990516662597658,12.990516662597656,63.64383583194705,training_consistent_log_reconstructed,145,nuclei_movie2_frozen_centers,movie2:component:52,1,0.7071067811865476,-6.785740894010894,-0.1391386690021985,-0.6316761728202276,0.07018624234099748,0.7720486410047236,14.247806848775006,14.247806848775006
0.9064346987872938,0.9064346987872938,5,0.5,11.667309713571116,True,movie2:4:5,0.0,4.0,91.0,109.0,63.0,0.0,4.0,83.174,99.626,57.582,0.5475105415179655,4.228483811738808,True,all_groundtruth_centers,retrained_nematic_epoch_095,53,0.8503095578944283,0.486023887201869,0.2018772815909872,9.389195442199707,9.389195442199707,155.25706390339064,training_consistent_log_reconstructed,145,nuclei_movie2_frozen_centers,movie2:component:53,1,0.5,7.438825901832308,0.35892415726932825,0.8741572775225928,0.48564292865673303,0.0,10.295630140987,10.295630140987
,,,,,False,,0.0,4.0,99.0,188.0,49.0,0.0,4.0,90.486,171.832,44.786,,,False,all_groundtruth_centers,retrained_nematic_epoch_095,54,,,,,,,training_consistent_log_reconstructed,145,nuclei_movie2_frozen_centers,,,,,,,,,,
4.129415204030268,4.12941520403027,7,0.7071067811865476,5.64202480506149,True,movie2:4:7,0.0,4.0,104.0,186.0,90.0,0.0,4.0,95.056,170.00400000000002,82.26,5.562653317925474,89.93952902829741,True,all_groundtruth_centers,retrained_nematic_epoch_095,55,0.9960921921401612,0.06641958987708907,-0.058213253112735626,14.146251678466799,14.146251678466797,138.11570693287544,training_consistent_log_reconstructed,145,nuclei_movie2_frozen_centers,movie2:component:55,1,0.7071067811865476,-84.29750422323592,-1.4332381138952037,0.9849161787504134,0.16415270003309068,-0.05471756489035267,18.275666882497067,18.275666882497067
3.2151533050712384,3.215153305071242,4,0.7071067811865476,16.349991593138224,True,movie2:4:4,0.0,4.0,111.0,221.0,55.0,0.0,4.0,101.45400000000001,201.994,50.27,1.536730420612768,19.101305973298036,True,all_groundtruth_centers,retrained_nematic_epoch_095,56,0.18858223158340717,0.903344189885277,-0.38523501467485405,14.440125465393065,14.440125465393066,64.91426496482207,training_consistent_log_reconstructed,145,nuclei_movie2_frozen_centers,movie2:component:56,1,0.7071067811865476,-2.751314380159812,1.6784228844584739,-0.08908708264076219,0.8908708062144849,-0.44543540310724244,11.224972160321826,11.224972160321824
0.21501092286006696,0.21501092286006696,2,0.8660254037844386,16.476092950330717,True,movie2:4:2,0.0,4.0,138.0,195.0,40.0,0.0,4.0,126.132,178.23000000000002,36.56,1.1225675665688755,27.779641536228763,True,all_groundtruth_centers,retrained_nematic_epoch_095,57,0.8132563903054205,0.5815575807254219,0.020120236782701348,13.201396942138672,13.201396942138672,144.86831380931048,training_consistent_log_reconstructed,145,nuclei_movie2_frozen_centers,movie2:component:57,1,0.8660254037844386,-11.303548585898046,-0.9075566437088085,0.7453559785796765,0.596284807920197,0.2981424039600985,13.416407864998739,13.416407864998739
0.6398675071865405,0.6398675071865441,0,0.7071067811865476,7.736140192513042,True,movie2:4:0,0.0,4.0,141.0,129.0,35.0,0.0,4.0,128.874,117.906,31.990000000000002,0.7694576780254874,15.556036546062975,True,all_groundtruth_centers,retrained_nematic_epoch_095,58,0.8785153152120339,-0.4743142239973023,-0.05689339022890049,14.093491554260252,14.093491554260254,80.83126065442883,training_consistent_log_reconstructed,145,nuclei_movie2_frozen_centers,movie2:component:58,1,0.7071067811865476,-7.819896353549933,-0.1295901708389433,-0.8919529754965996,0.4459764877482998,-0.07432941462471664,13.453624047073712,13.45362404707371
1.506179140990822,1.506179140990822,25,2.5495097567963922,17.070509106615738,True,movie2:4:25,0.0,4.0,154.0,172.0,93.0,0.0,4.0,140.756,157.208,85.00200000000001,2.1613121945384,21.942536798427877,True,all_groundtruth_centers,retrained_nematic_epoch_095,59,0.7844441491690265,-0.2131559444915768,0.58241902455396,14.305209159851074,14.305209159851074,115.5272927045528,training_consistent_log_reconstructed,145,nuclei_movie2_frozen_centers,movie2:component:59,1,2.5495097567963922,-4.872027691812139,-0.6551330535475781,-0.56921000157454,0.31622775996068136,-0.7589466239056353,15.811388300841896,15.811388300841896
,,,,,False,,0.0,4.0,155.0,78.0,140.0,0.0,4.0,141.67000000000002,71.292,127.96000000000001,,,False,all_groundtruth_centers,retrained_nematic_epoch_095,60,,,,,,,training_consistent_log_reconstructed,145,nuclei_movie2_frozen_centers,,,,,,,,,,
0.6560516218906258,0.656051621890624,9,0.5,20.94025775351494,True,movie2:4:9,0.0,4.0,163.0,70.0,100.0,0.0,4.0,148.982,63.980000000000004,91.4,2.106745486432594,22.95922447949218,True,all_groundtruth_centers,retrained_nematic_epoch_095,61,-0.10654973375418252,0.9701112161343562,0.21801693183611515,15.216271400451662,15.21627140045166,44.91708820720585,training_consistent_log_reconstructed,145,nuclei_movie2_frozen_centers,movie2:component:61,1,0.5,-2.01896672597724,-1.4506938645419698,-0.13736056394868904,0.8241633836921342,0.5494422557947561,14.560219778561036,14.560219778561036
0.06781518969842182,0.06781518969842182,15,0.0,13.833583846652662,True,movie2:4:15,0.0,4.0,208.0,152.0,119.0,0.0,4.0,190.112,138.928,108.766,1.7913006280578294,17.422444990393295,True,all_groundtruth_centers,retrained_nematic_epoch_095,62,0.4253320507238466,0.8551417617824332,0.29635319111270475,14.38901710510254,14.389017105102539,108.90692714182723,training_consistent_log_reconstructed,145,nuclei_movie2_frozen_centers,movie2:component:62,1,0.0,-3.5888611437406333,-1.7234854383594076,0.27668579372682767,0.8300573564021766,0.4842001204382186,14.456832294800963,14.45683229480096
1.5154858750778217,1.5154858750778235,13,0.5,4.151282331937538,True,movie2:4:13,0.0,4.0,230.0,187.0,127.0,0.0,4.0,210.22,170.918,116.078,1.2263541244887346,3.5223006060338586,True,all_groundtruth_centers,retrained_nematic_epoch_095,63,0.6823858549699622,-0.6587869121125629,-0.31677965428055516,14.204063415527344,14.204063415527344,16.345306744852213,training_consistent_log_reconstructed,145,nuclei_movie2_frozen_centers,movie2:component:63,1,0.5,0.6289817259036794,0.2891317505890889,-0.6304883213010551,0.7092993697154409,0.31524416065052757,12.688577540449522,12.68857754044952
1.5723035034347586,1.5723035034347603,11,0.7071067811865476,7.976850537627492,True,movie2:4:11,0.0,4.0,248.0,84.0,92.0,0.0,4.0,226.672,76.776,84.08800000000001,3.028966749227184,13.309032651377716,True,all_groundtruth_centers,retrained_nematic_epoch_095,64,0.8911574824467091,0.1753010144983305,0.4184589535367828,14.583190917968752,14.58319091796875,103.38709678349117,training_consistent_log_reconstructed,145,nuclei_movie2_frozen_centers,movie2:component:64,1,0.7071067811865476,-5.332182113750225,-1.4566632457924236,0.8665782412342562,0.061898446832675806,0.49518757466140645,16.15549442140351,16.15549442140351
0.3192070987589375,0.3192070987589357,12,0.5,8.28265102698077,True,movie2:4:12,0.0,4.0,263.0,80.0,145.0,0.0,4.0,240.382,73.12,132.53,0.8875834640670845,8.801231841297572,True,all_groundtruth_centers,retrained_nematic_epoch_095,65,0.8068420063669279,0.25924730280707503,0.5308453755558649,14.546861648559569,14.54686164855957,124.50310706556394,training_consistent_log_reconstructed,145,nuclei_movie2_frozen_centers,movie2:component:65,1,0.5,-0.5185808143168025,-0.5683763653081488,0.8744746321952062,0.26906912446157655,0.40360367182241985,14.866068747318506,14.866068747318506
0.150107244675878,0.150107244675878,1,0.5,6.194183855748437,True,movie2:4:1,0.0,4.0,270.0,183.0,41.0,0.0,4.0,246.78,167.262,37.474000000000004,0.2325087188223165,7.876962466622093,True,all_groundtruth_centers,retrained_nematic_epoch_095,66,0.5872419771357287,0.6751378634911955,0.44647029640309116,14.202592849731447,14.202592849731445,157.56150354316117,training_consistent_log_reconstructed,145,nuclei_movie2_frozen_centers,movie2:component:66,1,0.5,-1.6827786108736555,-0.0824014741464385,0.627059712862456,0.6967330142916176,0.3483665071458088,14.352700094407325,14.352700094407323
2.982906342858909,2.982906342858911,27,0.8660254037844386,5.354378601351394,True,movie2:4:27,0.0,4.0,275.0,160.0,121.0,0.0,4.0,251.35000000000002,146.24,110.59400000000001,3.701377696822494,13.115951664620189,True,all_groundtruth_centers,retrained_nematic_epoch_095,67,0.32593340971370816,-0.6227321930422858,0.7113171080334997,15.23796081542969,15.237960815429688,71.38025052306723,training_consistent_log_reconstructed,145,nuclei_movie2_frozen_centers,movie2:component:67,1,0.8660254037844386,-7.761573063268795,-0.718471353963583,-0.3292927799690711,0.5488212999484517,-0.7683498199278325,18.2208671582886,18.2208671582886
1.3257295777408924,1.3257295777408924,10,0.7071067811865476,6.10831875832112,True,movie2:4:10,0.0,4.0,277.0,108.0,85.0,0.0,4.0,253.178,98.712,77.69,2.4080146584756683,3.5144335709998655,True,all_groundtruth_centers,retrained_nematic_epoch_095,68,0.4337410798218958,-0.49178372235507056,0.7549949974016561,13.807016372680666,13.807016372680664,63.310894965149096,training_consistent_log_reconstructed,145,nuclei_movie2_frozen_centers,movie2:component:68,1,0.7071067811865476,2.5938851873212547,-1.082285080734776,-0.4625730157530234,0.39649116133834644,-0.7929823226766929,15.132745950421558,15.132745950421556
,,,,,False,,0.0,4.0,281.0,84.0,118.0,0.0,4.0,256.834,76.776,107.852,,,False,all_groundtruth_centers,retrained_nematic_epoch_095,69,,,,,,,training_consistent_log_reconstructed,145,nuclei_movie2_frozen_centers,,,,,,,,,,
0.7503958052300845,0.7503958052300828,23,0.5,7.169064042311484,True,movie2:4:23,0.0,4.0,300.0,124.0,59.0,0.0,4.0,274.2,113.336,53.926,0.237654893597826,8.007388991146966,True,all_groundtruth_centers,retrained_nematic_epoch_095,70,0.8177413489671765,-0.23876464216183496,-0.5237275358835671,14.714635848999025,14.714635848999023,61.55414688800342,training_consistent_log_reconstructed,145,nuclei_movie2_frozen_centers,movie2:component:70,1,0.5,-0.8383249488354823,0.5127409116322568,-0.7877263687176975,0.35805743459494255,0.5012804021285078,13.96424004376894,13.96424004376894
2.960583369755911,2.9605833697559127,19,0.0,5.701550844540473,True,movie2:4:19,0.0,4.0,306.0,174.0,79.0,0.0,4.0,279.684,159.036,72.206,3.674889334423362,3.6071005701614087,True,all_groundtruth_centers,retrained_nematic_epoch_095,71,-0.34192289890832234,-0.6373055524760063,0.6906014509001424,14.871971130371096,14.871971130371094,143.28254616522298,training_consistent_log_reconstructed,145,nuclei_movie2_frozen_centers,movie2:component:71,1,0.0,2.0944502743790645,-0.7143059646674494,0.39254050046720995,0.560772182150468,-0.729003782719373,17.832554500127006,17.832554500127006
0.7362216591601847,0.7362216591601811,29,0.7071067811865476,19.87327103867169,True,movie2:4:29,0.0,4.0,307.0,221.0,87.0,0.0,4.0,280.598,201.994,79.518,2.649137357896093,16.72649264309125,True,all_groundtruth_centers,retrained_nematic_epoch_095,72,0.6505460067670481,-0.06790449368943824,0.7564250609387747,12.302183151245115,12.302183151245117,92.71349633395512,training_consistent_log_reconstructed,145,nuclei_movie2_frozen_centers,movie2:component:72,1,0.7071067811865476,3.146778395580437,-1.9129156987359117,0.3834824944236852,0.07669649888473705,0.9203579866168444,13.0384048104053,13.038404810405298
0.6518837697430069,0.6518837697430087,6,0.8660254037844386,2.862366537586991,True,movie2:4:6,0.0,4.0,322.0,88.0,78.0,0.0,4.0,294.308,80.432,71.292,0.7634862982583286,3.907158659102056,True,all_groundtruth_centers,retrained_nematic_epoch_095,73,0.7360374975489234,0.5980197671808469,-0.31720838617994324,13.095843315124513,13.095843315124512,174.63531623328257,training_consistent_log_reconstructed,145,nuclei_movie2_frozen_centers,movie2:component:73,1,0.8660254037844386,-1.0447921215150648,-0.11160252851531993,0.727392967453308,0.5819143739626463,-0.363696483726654,13.74772708486752,13.74772708486752
0.7968131024363494,0.7968131024363494,2,0.0,8.068545117340616,True,movie2:5:2,0.0,5.0,40.0,126.0,86.0,0.0,5.0,36.56,115.164,78.604,2.7314801932008805,9.436344404262883,True,all_groundtruth_centers,retrained_nematic_epoch_095,74,0.7428443916595359,-0.10036454831681385,-0.6618981547195432,16.3496150970459,16.3496150970459,71.2100079021473,training_consistent_log_reconstructed,145,nuclei_movie2_frozen_centers,movie2:component:74,1,0.0,-1.367799286922267,-1.9346670907645311,-0.6415330040950668,0.11664237110960517,0.7581754163244072,17.146428199482248,17.146428199482248
1.2016698732157511,1.2016698732157494,12,0.5,9.5227433747882,True,movie2:5:12,0.0,5.0,84.0,165.0,93.0,0.0,5.0,76.776,150.81,85.00200000000001,2.3894929733278936,12.35204264401644,True,all_groundtruth_centers,retrained_nematic_epoch_095,75,0.5277582871458263,0.6862061043631332,-0.5005920221933989,14.578063964843748,14.57806396484375,159.00212548034128,training_consistent_log_reconstructed,145,nuclei_movie2_frozen_centers,movie2:component:75,1,0.5,-2.8292992692282386,-1.1878231001121442,0.44360695721344523,0.633724256878269,-0.633724256878269,15.7797338380595,15.7797338380595
0.47387548108597066,0.47387548108597244,5,0.7071067811865476,8.367463238291714,True,movie2:5:5,0.0,5.0,92.0,61.0,92.0,0.0,5.0,84.08800000000001,55.754000000000005,84.08800000000001,1.5549394902424538,9.196963066603201,True,all_groundtruth_centers,retrained_nematic_epoch_095,76,0.7695450095124555,-0.5505848088742025,0.323507104360063,14.823183059692385,14.823183059692383,101.1446684345536,training_consistent_log_reconstructed,145,nuclei_movie2_frozen_centers,movie2:component:76,1,0.7071067811865476,-0.8294998283114872,-1.0810640091564814,-0.7190925097934088,0.5229763532251236,-0.4576043010356952,15.297058540778355,15.297058540778355
0.4921019605965551,0.49210196059655686,8,0.5,3.914250749905515,True,movie2:5:8,0.0,5.0,116.0,225.0,105.0,0.0,5.0,106.024,205.65,95.97,1.4481027175727306,7.742468286433742,True,all_groundtruth_centers,retrained_nematic_epoch_095,77,0.5642911845464754,0.5004303519069183,0.6566162668815427,15.694312095642092,15.69431209564209,159.71915570915954,training_consistent_log_reconstructed,145,nuclei_movie2_frozen_centers,movie2:component:77,1,0.5,-3.828217536528227,-0.9560007569761737,0.5560218496509309,0.5560218496509309,0.6178020762521887,16.186414056238647,16.186414056238647
0.8494680917321329,0.8494680917321311,3,0.7071067811865476,2.248708528593559,True,movie2:5:3,0.0,5.0,126.0,218.0,94.0,0.0,5.0,115.164,199.252,85.916,2.6730620164692347,1.1604461514854119,True,all_groundtruth_centers,retrained_nematic_epoch_095,78,-0.33301377389627496,0.928185650575011,-0.1660518728048682,15.582208633422853,15.582208633422852,9.763436529566633,training_consistent_log_reconstructed,145,nuclei_movie2_frozen_centers,movie2:component:78,1,0.7071067811865476,1.088262377108147,-1.8235939247371036,-0.36514835363390513,0.9128709381933793,-0.18257417681695257,16.431676725154986,16.431676725154983
0.294503691127904,0.294503691127904,4,0.0,13.129443799723004,True,movie2:5:4,0.0,5.0,136.0,79.0,105.0,0.0,5.0,124.304,72.206,95.97,1.0818554291047846,13.555713946025381,True,all_groundtruth_centers,retrained_nematic_epoch_095,79,0.5116240122123027,0.6991438567702912,-0.4994384222986334,16.356882095336914,16.356882095336914,148.99052885666683,training_consistent_log_reconstructed,145,nuclei_movie2_frozen_centers,movie2:component:79,1,0.0,-0.42627014630237703,-0.7873517379768806,0.3112864137135935,0.8093446401049982,-0.49805825178450813,16.06237840420901,16.06237840420901
1.1424218612782848,1.1424218612782848,15,0.5,10.278424494350645,True,movie2:5:15,0.0,5.0,141.0,157.0,100.0,0.0,5.0,128.874,143.49800000000002,91.4,0.881078160841696,9.382010891252538,True,all_groundtruth_centers,retrained_nematic_epoch_095,80,-0.4431344607658012,0.8824952743409493,-0.15758788166510493,9.627907752990723,9.627907752990723,17.675697713939087,training_consistent_log_reconstructed,145,nuclei_movie2_frozen_centers,movie2:component:80,1,0.5,0.8964136030981074,0.26134370043658883,-0.37139067014889343,0.9284766933673434,0.0,10.770329614269007,10.770329614269007
0.7243466847295075,0.7243466847295057,18,0.7071067811865476,4.517293181399232,True,movie2:5:18,0.0,5.0,153.0,225.0,132.0,0.0,5.0,139.842,205.65,120.64800000000001,2.560235410787568,8.210763505242996,True,all_groundtruth_centers,retrained_nematic_epoch_095,81,0.4445668163459119,-0.20953829720139824,0.8708926729568912,11.107812881469727,11.107812881469727,63.64543561450117,training_consistent_log_reconstructed,145,nuclei_movie2_frozen_centers,movie2:component:81,1,0.7071067811865476,-3.693470323843764,-1.8358887260580623,-0.5070925420471512,0.16903085879294602,-0.8451542596330431,11.832159566199234,11.832159566199232
3.4947147509177654,3.4947147509177654,0,0.7071067811865476,4.420603806197271,True,movie2:5:0,0.0,5.0,197.0,132.0,38.0,0.0,5.0,180.058,120.64800000000001,34.732,4.013187480185891,6.637754233533054,True,all_groundtruth_centers,retrained_nematic_epoch_095,82,0.6111056116080427,-0.2561696522806461,0.7489506263510118,12.814791679382324,12.814791679382324,78.34648652754022,training_consistent_log_reconstructed,145,nuclei_movie2_frozen_centers,movie2:component:82,1,0.7071067811865476,-2.217150427335784,-0.5184727292681259,-0.5518254118961022,0.24525574050011478,-0.7970811354795931,16.30950643030009,16.30950643030009
1.3522157623402968,1.3522157623402933,17,0.0,3.9911181840598378,True,movie2:5:17,0.0,5.0,209.0,67.0,147.0,0.0,5.0,191.026,61.238,134.358,0.7570262425297987,5.5718454705136935,True,all_groundtruth_centers,retrained_nematic_epoch_095,83,0.9100496910366861,0.13604415979207193,0.3915374138323202,10.005600929260252,10.005600929260254,120.5364277459116,training_consistent_log_reconstructed,145,nuclei_movie2_frozen_centers,movie2:component:83,1,0.0,-1.5807272864538557,0.5951895198104946,0.8804509072705594,0.17609017535927687,0.4402254536352797,11.357816691600549,11.357816691600547
1.7759371669858162,1.7759371669858162,7,0.5,6.587987926243213,True,movie2:5:7,0.0,5.0,228.0,165.0,115.0,0.0,5.0,208.392,150.81,105.11,3.0988317155540273,5.967080389833506,True,all_groundtruth_centers,retrained_nematic_epoch_095,84,-0.037346613920762835,0.6137979512418947,0.7885792956196012,14.067042350769043,14.067042350769043,100.25574381301325,training_consistent_log_reconstructed,145,nuclei_movie2_frozen_centers,movie2:component:84,1,0.5,0.6209075364097068,-1.322894548568211,0.0631194358426719,0.5680749606845786,0.8205527258269985,15.84297951775486,15.84297951775486
1.033367230464659,1.033367230464659,13,0.0,8.62471954706509,True,movie2:5:13,0.0,5.0,234.0,106.0,46.0,0.0,5.0,213.876,96.884,42.044000000000004,1.7657688148315174,9.52072786452226,True,all_groundtruth_centers,retrained_nematic_epoch_095,85,0.7397309002880249,-0.6559809251855595,0.14995739712253506,11.008227348327637,11.008227348327637,34.22627880479003,training_consistent_log_reconstructed,145,nuclei_movie2_frozen_centers,movie2:component:85,1,0.0,-0.89600831745717,-0.7324015843668583,-0.7474093327564348,0.6643638229980474,0.0,12.041594578792296,12.041594578792296
2.076859474182129,2.076859474182129,16,0.5,10.523200058854085,True,movie2:5:16,0.0,5.0,238.0,200.0,111.0,0.0,5.0,217.532,182.8,101.45400000000001,2.8019901473117272,7.929401106890645,True,all_groundtruth_centers,retrained_nematic_epoch_095,86,-0.1052531441564352,0.9831810366220036,-0.14925422899223625,11.076859474182129,11.076859474182129,46.995021974631634,training_consistent_log_reconstructed,145,nuclei_movie2_frozen_centers,movie2:component:86,1,0.5,2.59379895196344,-0.7251306731295983,0.0,1.0,0.0,9.0,9.0
1.042492398284658,1.0424923982846614,1,0.5,10.336954137378557,True,movie2:5:1,0.0,5.0,255.0,178.0,66.0,0.0,5.0,233.07000000000002,162.692,60.324000000000005,3.1192331191497793,8.958511436683683,True,all_groundtruth_centers,retrained_nematic_epoch_095,87,0.9784925511537634,0.20175346554549392,0.04298681747911473,14.609983444213869,14.609983444213867,128.9280819382984,training_consistent_log_reconstructed,145,nuclei_movie2_frozen_centers,movie2:component:87,1,0.5,1.3784427006948743,-2.076740720865118,0.9583148490797371,0.2555506212604943,-0.12777531063024716,15.652475842498527,15.652475842498529
2.1948934531507103,2.1948934531507085,9,0.5,5.113207202215559,True,movie2:5:9,0.0,5.0,273.0,76.0,85.0,0.0,5.0,249.52200000000002,69.464,77.69,3.437943650408897,12.881172678836663,True,all_groundtruth_centers,retrained_nematic_epoch_095,88,0.890399926510802,-0.31862351530335054,0.32506464951651387,15.411923408508303,15.4119234085083,100.15255986357127,training_consistent_log_reconstructed,145,nuclei_movie2_frozen_centers,movie2:component:88,1,0.5,-7.767965476621104,-1.2430501972581887,-0.8519427428786249,0.3975732944630285,-0.3407771095397388,17.606816861659013,17.60681686165901
1.1494564589179213,1.1494564589179195,6,0.7071067811865476,4.018125434357475,True,movie2:5:6,0.0,5.0,293.0,136.0,92.0,0.0,5.0,267.802,124.304,84.08800000000001,3.044580894904332,5.9021620446169205,True,all_groundtruth_centers,retrained_nematic_epoch_095,89,0.593150389409495,-0.07089209080166628,0.8019644175430308,11.927240371704102,11.927240371704102,50.731106580658526,training_consistent_log_reconstructed,145,nuclei_movie2_frozen_centers,movie2:component:89,1,0.7071067811865476,-1.8840366102594457,-1.8951244359864123,-0.5353034010613684,0.07647191079289473,-0.8411910102181401,13.076696830622023,13.076696830622021
1.4813166947483687,1.481316694748367,14,0.5,14.071131527428179,True,movie2:5:14,0.0,5.0,303.0,108.0,94.0,0.0,5.0,276.942,98.712,85.916,1.7637183558239151,19.122794538210574,True,all_groundtruth_centers,retrained_nematic_epoch_095,90,-0.4170953464265013,0.9044414574841662,-0.08953838268180936,12.883070945739748,12.883070945739746,26.111950972633927,training_consistent_log_reconstructed,145,nuclei_movie2_frozen_centers,movie2:component:90,1,0.5,-5.051663010782395,-0.2824016610755482,-0.6139406318892063,0.7893522030852148,0.0,11.40175425099138,11.40175425099138
0.9772254427020552,0.9772254427020517,20,0.5,5.23008078659715,True,movie2:5:20,0.0,5.0,309.0,81.0,109.0,0.0,5.0,282.426,74.034,99.626,0.6060752868652344,6.311144731338672,True,all_groundtruth_centers,retrained_nematic_epoch_095,91,0.6311412392538246,0.7741491112857657,0.04851690023698715,15.329925537109377,15.329925537109375,164.6515652394502,training_consistent_log_reconstructed,145,nuclei_movie2_frozen_centers,movie2:component:91,1,0.5,-1.0810639447415218,0.3711501558368173,0.627059713616264,0.7664063166421002,0.13934659439892272,14.352700094407322,14.352700094407323
1.539846798505426,1.539846798505426,4,0.5,4.539985647922752,True,movie2:6:4,0.0,6.0,108.0,169.0,52.0,0.0,6.0,98.712,154.466,47.528,1.0353569610156388,1.8676063197849,True,all_groundtruth_centers,retrained_nematic_epoch_095,92,-0.46066686834531645,-0.3267059067093461,0.8252571035320707,14.267768859863281,14.267768859863281,115.40565456902117,training_consistent_log_reconstructed,145,nuclei_movie2_frozen_centers,movie2:component:92,1,0.5,2.6723793281378514,0.5044898374897873,0.3928371086724435,0.3142696815290108,-0.8642416174435995,12.727922061357855,12.727922061357855
4.467617126179029,4.467617126179025,3,0.0,4.540989439838133,True,movie2:6:3,0.0,6.0,158.0,67.0,115.0,0.0,6.0,144.412,61.238,105.11,6.572781803349407,4.317147859228932,True,all_groundtruth_centers,retrained_nematic_epoch_095,93,0.45966655055660444,-0.4448873584834665,0.7686233801810847,12.678811073303223,12.678811073303223,51.949535144311454,training_consistent_log_reconstructed,145,nuclei_movie2_frozen_centers,movie2:component:93,1,0.0,0.2238415806092009,-2.1051646771703822,-0.40824829046386296,0.40824829046386296,-0.8164965809277259,17.14642819948225,17.146428199482248
2.90958693240435,2.909586932404352,0,0.7071067811865476,27.64991402186519,True,movie2:6:0,0.0,6.0,188.0,117.0,39.0,0.0,6.0,171.832,106.938,35.646,4.114819218617672,10.013612679945687,True,all_groundtruth_centers,retrained_nematic_epoch_095,94,0.3695640591661736,0.45732015019919925,0.8088761873082944,14.382029533386232,14.38202953338623,100.83230599944827,training_consistent_log_reconstructed,145,nuclei_movie2_frozen_centers,movie2:component:94,1,0.7071067811865476,17.636301341919502,-1.2052322862133202,0.17349448947429322,0.05783149649143107,0.9831353824044865,17.291616465790582,17.291616465790582
1.0260505658200705,1.0260505658200714,8,0.5,6.775544096875657,True,movie2:6:8,0.0,6.0,190.0,148.0,97.0,0.0,6.0,173.66,135.272,88.658,0.7793054764939313,4.308654261721568,True,all_groundtruth_centers,retrained_nematic_epoch_095,95,0.9960757579877731,-0.04915285964146753,0.07360082022742093,8.097118377685547,8.097118377685547,17.772695510054945,training_consistent_log_reconstructed,145,nuclei_movie2_frozen_centers,movie2:component:95,1,0.5,2.466889835154089,0.24674508932614003,-0.9899494942587161,0.1414213520544613,0.0,7.071067811865476,7.0710678118654755
0.3521031554948344,0.3521031554948344,1,0.5,4.893077899902975,True,movie2:6:1,0.0,6.0,211.0,65.0,88.0,0.0,6.0,192.854,59.410000000000004,80.432,0.8364172724476795,6.431860421175685,True,all_groundtruth_centers,retrained_nematic_epoch_095,96,0.9451188151823637,0.3267238427062533,0.0013984976026195134,9.49675464630127,9.49675464630127,173.5762955761973,training_consistent_log_reconstructed,145,nuclei_movie2_frozen_centers,movie2:component:96,1,0.5,-1.5387825212727098,-0.4843141169528451,0.9138115486202573,0.4061384660534476,0.0,9.848857801796104,9.848857801796104
0.06889706941890061,0.06889706941889884,6,0.7071067811865476,10.048868211995796,True,movie2:6:6,0.0,6.0,211.0,98.0,57.0,0.0,6.0,192.854,89.572,52.098,0.22578200712014684,10.381646397043221,True,all_groundtruth_centers,retrained_nematic_epoch_095,97,0.008716218776539539,0.7964554137706376,-0.6046344361725373,12.30041980743408,12.300419807434082,46.2913699435245,training_consistent_log_reconstructed,145,nuclei_movie2_frozen_centers,movie2:component:97,1,0.7071067811865476,-0.3327781850474256,-0.156884937701248,-0.16169041669088866,0.8084520834544433,-0.5659164584181103,12.36931687685298,12.36931687685298
1.8230388213935296,1.8230388213935314,2,0.7071067811865476,3.5797942464547368,True,movie2:6:2,0.0,6.0,221.0,139.0,137.0,0.0,6.0,201.994,127.046,125.218,1.7698851349100124,8.605385691203775,True,all_groundtruth_centers,retrained_nematic_epoch_095,98,-0.5364892589636099,0.6392446166930068,-0.5509497209779559,14.940015792846681,14.94001579284668,60.797413363790824,training_consistent_log_reconstructed,145,nuclei_movie2_frozen_centers,movie2:component:98,1,0.7071067811865476,-5.025591444749038,0.053153686483518925,-0.5368950070025345,0.5965499775608698,-0.5965499775608698,16.76305461424021,16.76305461424021
1.3506053566699467,1.3506053566699467,9,0.8660254037844386,2.695984033179439,True,movie2:6:9,0.0,6.0,227.0,184.0,148.0,0.0,6.0,207.478,168.17600000000002,135.272,1.4955978089666946,4.232389445181337,True,all_groundtruth_centers,retrained_nematic_epoch_095,99,0.9372525936300403,0.057859216826954635,-0.343816647011069,11.687799453735352,11.687799453735352,139.2500412143991,training_consistent_log_reconstructed,145,nuclei_movie2_frozen_centers,movie2:component:99,1,0.8660254037844386,-1.5364054120018977,-0.14499245229674784,0.9203579821144976,0.07669650006523042,-0.38348250499321895,13.038404810405298,13.038404810405298
0.17694361841575024,0.17694361841574846,7,0.5,9.728184420189322,True,movie2:6:7,0.0,6.0,270.0,114.0,65.0,0.0,6.0,246.78,104.196,59.410000000000004,0.3893683243616728,10.723971506697435,True,all_groundtruth_centers,retrained_nematic_epoch_095,100,-0.365885265815815,-0.576013406507088,0.7309832609458239,15.765400886535646,15.765400886535645,144.27522979913434,training_consistent_log_reconstructed,145,nuclei_movie2_frozen_centers,movie2:component:100,1,0.5,-0.9957870865081127,-0.21242470594592433,0.32075014891844916,0.4490502033719513,-0.8339503923018454,15.588457268119896,15.588457268119896
0.17116527602445153,0.17116527602445153,5,0.5,15.005995744075458,True,movie2:6:5,0.0,6.0,294.0,160.0,46.0,0.0,6.0,268.716,146.24,42.044000000000004,0.6388107325198984,16.23833381877126,True,all_groundtruth_centers,retrained_nematic_epoch_095,101,-0.5846807005372526,0.773608368690343,0.24429197758324772,9.605146408081055,9.605146408081055,29.996996486481166,training_consistent_log_reconstructed,145,nuclei_movie2_frozen_centers,movie2:component:101,1,0.5,-1.232338074695802,-0.46764545649544687,-0.5299989461287924,0.8479983001765802,0.0,9.433981132056603,9.433981132056603
3.5547226739627966,3.5547226739627966,8,0.7071067811865476,11.449550065053138,True,movie2:7:8,0.0,7.0,38.0,124.0,142.0,0.0,7.0,34.732,113.336,129.788,4.7789932654074825,13.9762779628557,True,all_groundtruth_centers,retrained_nematic_epoch_095,102,0.35258874133421025,-0.21620681318979093,0.9104591113359635,12.967988967895508,12.967988967895508,64.5010340661983,training_consistent_log_reconstructed,145,nuclei_movie2_frozen_centers,movie2:component:102,1,0.7071067811865476,-2.5267278978025622,-1.2242705914446859,-0.24209101306752098,0.060522753266880246,-0.9683640522700839,16.522711641858304,16.522711641858304
2.7091012920440356,2.7091012920440356,3,0.5,25.991486934751457,True,movie2:7:3,0.0,7.0,43.0,99.0,83.0,0.0,7.0,39.302,90.486,75.86200000000001,3.3054032691386848,26.85503016199443,True,all_groundtruth_centers,retrained_nematic_epoch_095,103,0.22783514299401159,0.8558183706676928,0.4643986046970789,10.136131286621094,10.136131286621094,114.85374817787951,training_consistent_log_reconstructed,145,nuclei_movie2_frozen_centers,movie2:component:103,1,0.5,-0.8635432272429746,-0.5963019770946492,0.3113995819740959,0.5449492430594776,0.7784989549352399,12.84523257866513,12.84523257866513
0.2772855722529357,0.2772855722529357,15,0.5,10.337848952390596,True,movie2:7:15,0.0,7.0,67.0,69.0,99.0,0.0,7.0,61.238,63.066,90.486,0.0324641201131346,16.536626866641964,True,all_groundtruth_centers,retrained_nematic_epoch_095,104,0.5250860631700709,0.6299028075222972,0.5722823423277046,14.419421195983888,14.419421195983887,158.4195011338331,training_consistent_log_reconstructed,145,nuclei_movie2_frozen_centers,movie2:component:104,1,0.5,-6.198777914251368,0.2448214521398011,0.424264060380016,0.5656854138400215,0.707106795073068,14.142135623730953,14.142135623730951
,,,,,False,,0.0,8.0,87.0,204.0,60.0,0.0,8.0,79.518,186.45600000000002,54.84,,,False,all_groundtruth_centers,retrained_nematic_epoch_095,105,,,,,,,training_consistent_log_reconstructed,145,nuclei_movie2_frozen_centers,,,,,,,,,,
0.07261929930521305,0.07261929930521127,13,0.5,5.313063498111293,True,movie2:7:13,0.0,7.0,94.0,213.0,131.0,0.0,7.0,85.916,194.68200000000002,119.73400000000001,1.121515833298929,6.4361966910851445,True,all_groundtruth_centers,retrained_nematic_epoch_095,106,0.9102762870933564,-0.08432139722020367,-0.4053233069123535,10.84294891357422,10.842948913574219,51.03110610559838,training_consistent_log_reconstructed,145,nuclei_movie2_frozen_centers,movie2:component:106,1,0.5,-1.1231331929738513,-1.0488965339937177,-0.928476692978359,0.0,0.37139067112135454,10.770329614269007,10.770329614269007
2.0159336122611773,2.0159336122611755,4,0.5,2.1729077244986765,True,movie2:7:4,0.0,7.0,115.0,71.0,96.0,0.0,7.0,105.11,64.894,87.744,2.094839422822922,12.232297308081318,True,all_groundtruth_centers,retrained_nematic_epoch_095,107,0.6572906258662835,0.5291609529908543,0.5366169201377461,10.71198844909668,10.71198844909668,179.64100441185002,training_consistent_log_reconstructed,145,nuclei_movie2_frozen_centers,movie2:component:107,1,0.5,-10.059389583582641,-0.07890581056174639,0.6285393789831681,0.5499719306780362,0.5499719306780362,12.727922061357857,12.727922061357855
0.47066789850982005,0.4706678985098165,10,0.5,5.266709253648092,True,movie2:7:10,0.0,7.0,115.0,245.0,66.0,0.0,7.0,105.11,223.93,60.324000000000005,1.6277987204595945,2.1194726937888677,True,all_groundtruth_centers,retrained_nematic_epoch_095,108,0.9902134083327542,-0.12012441351706209,-0.07104597972589505,15.560551643371582,15.560551643371582,73.44973537842698,training_consistent_log_reconstructed,145,nuclei_movie2_frozen_centers,movie2:component:108,1,0.5,3.1472365598592247,-1.157130821949778,-0.9980525784828885,0.06237828615518053,0.0,16.031219541881402,16.0312195418814
2.1468583955546183,2.1468583955546165,7,0.7071067811865476,5.489530431369599,True,movie2:7:7,0.0,7.0,141.0,201.0,109.0,0.0,7.0,128.874,183.714,99.626,4.674063341396252,5.337689193551887,True,all_groundtruth_centers,retrained_nematic_epoch_095,109,-0.637802710602147,0.6807446389226975,-0.3602699528500261,13.632875442504883,13.632875442504883,65.48244262489662,training_consistent_log_reconstructed,145,nuclei_movie2_frozen_centers,movie2:component:109,1,0.7071067811865476,0.1518412378177123,-2.5272049458416355,-0.6337242523784553,0.6337242523784553,-0.4436069700700564,15.779733838059501,15.7797338380595
2.434949128491338,2.4349491284913363,16,0.5,11.483080120574149,True,movie2:7:16,0.0,7.0,154.0,63.0,157.0,0.0,7.0,140.756,57.582,143.49800000000002,1.4085410349444913,12.885465378722726,True,all_groundtruth_centers,retrained_nematic_epoch_095,110,0.9390151960450319,-0.34320602651935084,-0.02144959107556212,14.682397842407228,14.682397842407227,88.08629526818639,training_consistent_log_reconstructed,145,nuclei_movie2_frozen_centers,movie2:component:110,1,0.5,-1.402385258148577,1.026408093546845,-0.8981462390204986,0.408248290463863,-0.16329931618554522,12.24744871391589,12.24744871391589
0.045202041372343515,0.04520204137234529,1,0.7071067811865476,1.6902085578279762,True,movie2:7:1,0.0,7.0,156.0,101.0,75.0,0.0,7.0,142.584,92.31400000000001,68.55,0.21204184073648236,0.8752682581125346,True,all_groundtruth_centers,retrained_nematic_epoch_095,111,-0.6694169409383407,0.7424502760242768,-0.02546658234292758,10.584943771362306,10.584943771362305,23.040756723986213,training_consistent_log_reconstructed,145,nuclei_movie2_frozen_centers,movie2:component:111,1,0.7071067811865476,0.8149402997154416,-0.16683979936413706,-0.6585046264041882,0.7525766784881661,0.0,10.63014581273465,10.63014581273465
1.6510757477222402,1.651075747722242,14,0.5,6.305162820541111,True,movie2:7:14,0.0,7.0,162.0,89.0,134.0,0.0,7.0,148.068,81.346,122.476,1.8748404678512642,4.349545859593069,True,all_groundtruth_centers,retrained_nematic_epoch_095,112,0.03680419258309293,0.09305624815371252,0.9949803948258785,13.514675140380861,13.51467514038086,110.88980565105963,training_consistent_log_reconstructed,145,nuclei_movie2_frozen_centers,movie2:component:112,1,0.5,1.955616960948042,-0.22376472012902227,-0.06593804833795398,0.13187609667590797,0.9890707097608887,15.165750888103101,15.165750888103101
2.3043562301912086,2.3043562301912104,6,0.5,20.93457826280133,True,movie2:7:6,0.0,7.0,199.0,114.0,88.0,0.0,7.0,181.886,104.196,80.432,2.76917330847229,20.081770430881534,True,all_groundtruth_centers,retrained_nematic_epoch_095,113,0.5174053033507601,0.6254014870503031,-0.5840930850984093,14.900294303894045,14.900294303894043,147.08479704974172,training_consistent_log_reconstructed,145,nuclei_movie2_frozen_centers,movie2:component:113,1,0.5,0.8528078319197974,-0.46481707828107943,0.46499055497527725,0.34874291623145787,-0.813733471206735,17.204650534085253,17.204650534085253
1.69445901949722,1.69445901949722,11,0.5,4.890391247465197,True,movie2:7:11,0.0,7.0,222.0,210.0,101.0,0.0,7.0,202.90800000000002,191.94,92.31400000000001,0.19928287965627334,6.263916255306435,True,all_groundtruth_centers,retrained_nematic_epoch_095,114,0.8158478791731911,0.3442249222912256,-0.46465195676140847,16.39139747619629,16.39139747619629,142.74777584819364,training_consistent_log_reconstructed,145,nuclei_movie2_frozen_centers,movie2:component:114,1,0.5,-1.3735250078412378,1.4951761398409467,0.816496580927726,0.408248290463863,-0.408248290463863,14.696938456699069,14.696938456699069
2.1038787177707583,2.1038787177707547,2,0.7071067811865476,5.426541850306995,True,movie2:7:2,0.0,7.0,226.0,85.0,74.0,0.0,7.0,206.56400000000002,77.69,67.636,4.5985267584732945,8.324564663122217,True,all_groundtruth_centers,retrained_nematic_epoch_095,115,-0.09602572878179905,0.9497947390340349,-0.2977734258042415,16.362306594848633,16.362306594848633,29.30658519859496,training_consistent_log_reconstructed,145,nuclei_movie2_frozen_centers,movie2:component:115,1,0.7071067811865476,-2.8980228128152223,-2.4946480407025398,-0.05415303448224121,0.9747546514678492,-0.21661213792896483,18.46618531261939,18.466185312619388
0.7100977660211214,0.7100977660211214,9,0.7071067811865476,2.080633423022217,True,movie2:7:9,0.0,7.0,265.0,227.0,145.0,0.0,7.0,242.21,207.478,132.53,0.5695288709969475,1.7936415969080826,True,all_groundtruth_centers,retrained_nematic_epoch_095,116,0.9288582289545929,0.05196146351157538,0.36677294994733767,15.609762191772461,15.609762191772461,105.97025599303328,training_consistent_log_reconstructed,145,nuclei_movie2_frozen_centers,movie2:component:116,1,0.7071067811865476,0.28699182611413443,0.1405688950241739,0.9396184802452081,0.06711560496608929,0.3355780194704674,14.89966442575134,14.89966442575134
2.9799808391181113,2.979980839118113,5,0.8660254037844386,5.4281987284001785,True,movie2:7:5,0.0,7.0,285.0,191.0,114.0,0.0,7.0,260.49,174.574,104.196,4.438221763544455,16.48415989737779,True,all_groundtruth_centers,retrained_nematic_epoch_095,117,0.41669011420985796,0.1706971755248373,0.8928783920487819,13.26809597015381,13.268095970153809,123.66519010195988,training_consistent_log_reconstructed,145,nuclei_movie2_frozen_centers,movie2:component:117,1,0.8660254037844386,-11.05596116897761,-1.4582409244263417,0.49236596078033584,0.12309149019508396,0.8616404387599333,16.24807680927192,16.24807680927192
0.5379442018186147,0.5379442018186147,12,0.5,11.228906754188657,True,movie2:7:12,0.0,7.0,326.0,182.0,102.0,0.0,7.0,297.964,166.348,93.22800000000001,1.0566938761590858,9.573751045022723,True,all_groundtruth_centers,retrained_nematic_epoch_095,118,-0.1874904060811946,0.3600755266205021,0.9138889225482913,8.948888778686523,8.948888778686523,105.04736194002336,training_consistent_log_reconstructed,145,nuclei_movie2_frozen_centers,movie2:component:118,1,0.5,1.6551557091659337,-0.5187496743404711,0.0,0.3162277533727837,0.9486833022651984,9.486832980505138,9.486832980505138
2.9526729583740217,2.9526729583740234,1,0.0,8.05407670161944,True,movie2:8:1,0.0,8.0,81.0,84.0,98.0,0.0,8.0,74.034,76.776,89.572,3.8948497772216797,7.178402480293843,True,all_groundtruth_centers,retrained_nematic_epoch_095,119,0.12684348515107083,0.9901362738329588,0.05950537383223515,12.047327041625978,12.047327041625977,59.61541917449276,training_consistent_log_reconstructed,145,nuclei_movie2_frozen_centers,movie2:component:119,1,0.0,0.875674221325597,-0.9421768188476562,0.0,1.0,0.0,15.0,15.0
0.007476996924767221,0.007476996924767221,7,0.5,27.53113947381427,True,movie2:8:7,0.0,8.0,131.0,249.0,124.0,0.0,8.0,119.73400000000001,227.586,113.336,0.03714046732214449,24.089192391847853,True,all_groundtruth_centers,retrained_nematic_epoch_095,120,0.7028496066425879,-0.5485755793115852,0.4528435317251626,9.426504135131836,9.426504135131836,61.66528968876449,training_consistent_log_reconstructed,145,nuclei_movie2_frozen_centers,movie2:component:120,1,0.5,3.4419470819664184,-0.029663470397377267,-0.8479983144557922,0.5299989232820528,0.0,9.433981132056603,9.433981132056603
1.8099016722357888,1.8099016722357906,8,0.0,30.453914012648443,True,movie2:8:8,0.0,8.0,144.0,121.0,64.0,0.0,8.0,131.616,110.59400000000001,58.496,1.7239179031102019,25.753057891625875,True,all_groundtruth_centers,retrained_nematic_epoch_095,121,0.5549455901909607,0.7809752236751502,-0.28655382030808024,11.266795158386232,11.26679515838623,178.265680013059,training_consistent_log_reconstructed,145,nuclei_movie2_frozen_centers,movie2:component:121,1,0.0,4.700856121022568,0.0859837691255887,0.2294157187086949,0.688247204138663,-0.688247204138663,13.076696830622021,13.076696830622021
2.5372836383123314,2.5372836383123314,6,0.7071067811865476,2.272200262340026,True,movie2:8:6,0.0,8.0,166.0,83.0,85.0,0.0,8.0,151.72400000000002,75.86200000000001,77.69,2.1591999305612006,3.7646532144048446,True,all_groundtruth_centers,retrained_nematic_epoch_095,122,0.7851590586260163,-0.34825522940178766,-0.5120972054715942,13.083215713500977,13.083215713500977,53.121902747239716,training_consistent_log_reconstructed,145,nuclei_movie2_frozen_centers,movie2:component:122,1,0.7071067811865476,-1.4924529520648186,0.37808370775113076,-0.7682212837541549,0.38411064187707744,0.5121475119376231,15.620499351813308,15.620499351813308
1.119401839054344,1.1194018390543459,0,0.5,6.419718779578948,True,movie2:8:0,0.0,8.0,190.0,169.0,44.0,0.0,8.0,173.66,154.466,40.216,1.62689310297759,5.24847007849508,True,all_groundtruth_centers,retrained_nematic_epoch_095,123,0.8152992530086389,-0.3079269152019672,-0.49037551217180075,13.746666908264162,13.74666690826416,36.66391493802747,training_consistent_log_reconstructed,145,nuclei_movie2_frozen_centers,movie2:component:123,1,0.5,1.1712487010838677,-0.5074912639232441,-0.8744746321952062,0.26906911049452037,0.40360368113379047,14.866068747318506,14.866068747318506
1.5268739451270559,1.526873945127054,4,0.7071067811865476,5.439244475265151,True,movie2:8:4,0.0,8.0,258.0,157.0,52.0,0.0,8.0,235.812,143.49800000000002,47.528,0.7399544467526908,5.898177336478277,True,all_groundtruth_centers,retrained_nematic_epoch_095,124,-0.3637955787688116,-0.3411441291920215,0.8667603244185111,11.324832916259767,11.324832916259766,117.51114279703245,training_consistent_log_reconstructed,145,nuclei_movie2_frozen_centers,movie2:component:124,1,0.7071067811865476,-0.4589328612131256,0.7869194983743633,0.408248290463863,0.408248290463863,-0.816496580927726,9.797958971132712,9.797958971132712
1.0253484046458503,1.0253484046458485,5,0.7071067811865476,39.39844680466587,True,movie2:8:5,0.0,8.0,262.0,56.0,77.0,0.0,8.0,239.46800000000002,51.184000000000005,70.378,0.8812338072145884,39.40820104259992,True,all_groundtruth_centers,retrained_nematic_epoch_095,125,0.8031486049290213,0.05906556593305369,0.5928436364856882,9.56935214996338,9.569352149963379,164.69949740511564,training_consistent_log_reconstructed,145,nuclei_movie2_frozen_centers,movie2:component:125,1,0.7071067811865476,-0.009754237934046728,0.1441145974312601,0.9363291810011709,0.3511234324360547,0.0,8.54400374531753,8.54400374531753
2.2072979604116583,2.2072979604116583,2,0.8660254037844386,23.2152064475202,True,movie2:8:2,0.0,8.0,312.0,80.0,137.0,0.0,8.0,285.168,73.12,125.218,1.35751457581393,29.567433676623406,True,all_groundtruth_centers,retrained_nematic_epoch_095,126,0.5807551458174588,0.7876258397716578,-0.20583730743121595,11.721090316772463,11.721090316772461,179.91634020167476,training_consistent_log_reconstructed,145,nuclei_movie2_frozen_centers,movie2:component:126,1,0.8660254037844386,-6.352227229103207,0.8497833845977283,0.5025707156529163,0.6461623572335301,-0.574366506563991,13.928388277184121,13.92838827718412
0.5402643797823572,0.5402643797823572,14,0.5,7.981327821508419,True,movie2:9:14,0.0,9.0,43.0,147.0,92.0,0.0,9.0,39.302,134.358,84.08800000000001,0.054256121722824346,6.850687437062282,True,all_groundtruth_centers,retrained_nematic_epoch_095,127,-0.31898588785705045,-0.35095043587988733,0.8803872982408175,13.881928443908693,13.881928443908691,95.53710878675726,training_consistent_log_reconstructed,145,nuclei_movie2_frozen_centers,movie2:component:127,1,0.5,1.1306403844461368,0.48600825805953285,0.3747658521338962,0.22485950595013435,-0.8994380238005374,13.341664064126336,13.341664064126334
1.3114745928221403,1.3114745928221403,17,0.5,21.542298858177887,True,movie2:9:17,0.0,9.0,69.0,135.0,124.0,0.0,9.0,63.066,123.39,113.336,0.05586539930878054,20.79403311249495,True,all_groundtruth_centers,retrained_nematic_epoch_095,128,0.8699796092524943,0.44737067028213917,-0.20735226754532243,10.93597412109375,10.93597412109375,174.31623836627972,training_consistent_log_reconstructed,145,nuclei_movie2_frozen_centers,movie2:component:128,1,0.5,0.7482657456829358,1.2556091935133598,0.8981462407813201,0.4082482882628362,0.1632993120035943,12.24744871391589,12.24744871391589
0.5583823526986915,0.5583823526986933,3,0.8660254037844386,15.26736921703765,True,movie2:9:3,0.0,9.0,116.0,118.0,59.0,0.0,9.0,106.024,107.852,53.926,1.1489789926064802,23.041725331545567,True,all_groundtruth_centers,retrained_nematic_epoch_095,129,0.9186482540625682,-0.19634720448612006,-0.34283109631169817,14.486770629882812,14.486770629882812,88.74424373263156,training_consistent_log_reconstructed,145,nuclei_movie2_frozen_centers,movie2:component:129,1,0.8660254037844386,-7.774356114507917,-0.5905966399077869,-0.7897539804068481,0.21538744490584064,0.5743665197489083,13.928388277184121,13.92838827718412
0.3715401438466053,0.3715401438466053,6,0.7071067811865476,14.108687841920972,True,movie2:9:6,0.0,9.0,122.0,86.0,100.0,0.0,9.0,111.50800000000001,78.604,91.4,2.653538423990751,6.345884620645432,True,all_groundtruth_centers,retrained_nematic_epoch_095,130,0.5579950262422761,0.6243142461457638,0.5466930333819229,10.808799743652344,10.808799743652344,175.77122227325526,training_consistent_log_reconstructed,145,nuclei_movie2_frozen_centers,movie2:component:130,1,0.7071067811865476,7.76280322127554,-2.281998280144146,0.5366563145999496,0.447213595499958,0.7155417527999327,11.180339887498949,11.180339887498949
1.337000408332612,1.337000408332612,1,0.0,7.132627676680702,True,movie2:9:1,0.0,9.0,140.0,143.0,44.0,0.0,9.0,127.96000000000001,130.702,40.216,1.6806201093440016,11.207751043520235,True,all_groundtruth_centers,retrained_nematic_epoch_095,131,0.6680595700219059,-0.2431686576816509,0.7032534499193377,12.264470100402832,12.264470100402832,74.65470034758893,training_consistent_log_reconstructed,145,nuclei_movie2_frozen_centers,movie2:component:131,1,0.0,-4.075123366839533,-0.3436197010113897,-0.7352146376591716,0.14704292753183434,-0.6616931418977839,13.601470508735444,13.601470508735444
1.1970543838120449,1.1970543838120467,10,0.5,5.676451307069799,True,movie2:9:10,0.0,9.0,172.0,164.0,116.0,0.0,9.0,157.208,149.89600000000002,106.024,2.990968884446218,6.83734189489119,True,all_groundtruth_centers,retrained_nematic_epoch_095,132,-0.1994841605934857,-0.4230703745526482,0.883865107269313,12.838614463806154,12.838614463806152,112.96430158806164,training_consistent_log_reconstructed,145,nuclei_movie2_frozen_centers,movie2:component:132,1,0.5,-1.1608905878213909,-1.7939145006341715,0.1424940999758193,0.49872934991536755,-0.8549645998549158,14.035668847618199,14.035668847618199
1.8886889020855442,1.888688902085546,0,0.8660254037844386,12.69431547094906,True,movie2:9:0,0.0,9.0,197.0,120.0,56.0,0.0,9.0,180.058,109.68,51.184000000000005,1.240059288675809,15.737004392548734,True,all_groundtruth_centers,retrained_nematic_epoch_095,133,-0.6124698897116293,0.7774451117704156,-0.1430375208849431,12.46401119232178,12.464011192321777,23.226353759408724,training_consistent_log_reconstructed,145,nuclei_movie2_frozen_centers,movie2:component:133,1,0.8660254037844386,-3.042688921599673,0.6486296134097369,-0.6270597289021522,0.6967330027430362,-0.3483665013715181,14.352700094407323,14.352700094407323
0.8766625249093423,0.8766625249093423,8,0.5,13.266522513900224,True,movie2:9:8,0.0,9.0,205.0,184.0,135.0,0.0,9.0,187.37,168.17600000000002,123.39,0.15660670839639934,14.498985115826326,True,all_groundtruth_centers,retrained_nematic_epoch_095,134,0.8270252877089475,-0.38231580907334906,0.4121453573953287,12.666488647460938,12.666488647460938,109.28092804135088,training_consistent_log_reconstructed,145,nuclei_movie2_frozen_centers,movie2:component:134,1,0.5,-1.2324626019261018,0.7200558165129429,-0.7633700313460261,0.2544566718255071,-0.5937322607086912,11.789826122551595,11.789826122551595
1.8820528601000053,1.8820528601000053,11,0.5,8.380389579472409,True,movie2:9:11,0.0,9.0,229.0,104.0,152.0,0.0,9.0,209.306,95.056,138.928,0.3400869309372414,9.994880563891304,True,all_groundtruth_centers,retrained_nematic_epoch_095,135,-0.07908939565316944,0.9815750294017941,-0.17394059086390207,15.483523368835451,15.48352336883545,29.277470748146975,training_consistent_log_reconstructed,145,nuclei_movie2_frozen_centers,movie2:component:135,1,0.5,-1.6144909844188948,1.5419659291627639,0.0,0.9557790073550252,-0.29408585328002873,13.601470508735446,13.601470508735444
2.4830452643438736,2.483045264343872,12,0.7071067811865476,4.047840237328392,True,movie2:9:12,0.0,9.0,239.0,221.0,45.0,0.0,9.0,218.446,201.994,41.13,3.3057260724961104,5.533275802062481,True,all_groundtruth_centers,retrained_nematic_epoch_095,136,0.9920553836824682,0.12578847184756506,-0.001837404932241625,15.544711112976076,15.544711112976074,123.45587034950742,training_consistent_log_reconstructed,145,nuclei_movie2_frozen_centers,movie2:component:136,1,0.7071067811865476,-1.4854355647340887,-0.8226808081522385,0.9984603530504905,0.05547002241111499,0.0,18.02775637731995,18.027756377319946
0.9169077572966682,0.9169077572966682,13,0.5,9.508374066330633,True,movie2:9:13,0.0,9.0,241.0,232.0,74.0,0.0,9.0,220.274,212.048,67.636,1.5855207443237305,1.694998684508971,True,all_groundtruth_centers,retrained_nematic_epoch_095,137,0.5480737827542974,0.5797453143614509,0.6029183187906448,9.032966613769531,9.032966613769531,169.17824912968553,training_consistent_log_reconstructed,145,nuclei_movie2_frozen_centers,movie2:component:137,1,0.5,7.813375381821662,-0.6686129870270623,0.502518907629606,0.7035264706814485,0.502518907629606,9.9498743710662,9.9498743710662
1.0990169653539592,1.0990169653539574,16,0.5,2.28752198079039,True,movie2:9:16,0.0,9.0,243.0,49.0,116.0,0.0,9.0,222.102,44.786,106.024,0.9147489676122582,2.4465009670397055,True,all_groundtruth_centers,retrained_nematic_epoch_095,138,0.675954361877287,0.3979404454507236,-0.6202653484868792,11.270299911499022,11.270299911499023,169.55046721657664,training_consistent_log_reconstructed,145,nuclei_movie2_frozen_centers,movie2:component:138,1,0.5,-0.1589789862493154,0.18426799774169922,0.6467616644461078,0.4042260491430513,-0.6467616644461078,12.36931687685298,12.36931687685298
0.9364455971963714,0.9364455971963714,2,0.0,6.638484355959899,True,movie2:9:2,0.0,9.0,250.0,115.0,62.0,0.0,9.0,228.5,105.11,56.668,1.5596084594726562,8.407065006382,True,all_groundtruth_centers,retrained_nematic_epoch_095,139,0.8402550224344805,0.42468368137457524,-0.3370686399648727,15.856410026550293,15.856410026550293,138.44528303896269,training_consistent_log_reconstructed,145,nuclei_movie2_frozen_centers,movie2:component:139,1,0.0,-1.768580650422101,-0.6231628622762848,0.7741387441769642,0.4763930528741819,-0.41684393235038203,16.792855623746664,16.792855623746664
0.5628102240075279,0.5628102240075279,5,0.7071067811865476,17.286293967708314,True,movie2:9:5,0.0,9.0,260.0,115.0,77.0,0.0,9.0,237.64000000000001,105.11,70.378,0.4000757818339693,22.03485752251746,True,all_groundtruth_centers,retrained_nematic_epoch_095,140,-0.4173392136172592,0.7485531107740097,-0.5152632541991335,12.853597640991211,12.853597640991211,35.18747363098281,training_consistent_log_reconstructed,145,nuclei_movie2_frozen_centers,movie2:component:140,1,0.7071067811865476,-4.748563554809145,0.1627344421735586,-0.29814240111015766,0.5962848022203153,-0.7453559842795585,13.416407864998739,13.416407864998739
0.7695589808217047,0.7695589808217029,15,0.7071067811865476,6.938559426543781,True,movie2:9:15,0.0,9.0,264.0,72.0,132.0,0.0,9.0,241.29600000000002,65.808,120.64800000000001,0.5799933755815392,8.651562587548115,True,all_groundtruth_centers,retrained_nematic_epoch_095,141,-0.3643739866078509,-0.621983853169929,0.6930856255033644,10.410780906677246,10.410780906677246,154.86917302550276,training_consistent_log_reconstructed,145,nuclei_movie2_frozen_centers,movie2:component:141,1,0.7071067811865476,-1.713003161004334,0.18956560524016375,0.4472135954999579,0.5366563145999494,-0.7155417527999327,11.18033988749895,11.180339887498949
0.027135094619110234,0.027135094619110234,4,1.689628646627492,19.12819429636627,True,movie2:9:4,0.0,9.0,297.0,188.0,85.0,0.0,9.0,271.458,171.832,77.69,0.1927101783068892,43.752264296500314,True,all_groundtruth_centers,retrained_nematic_epoch_095,142,-0.6742939242377589,0.69945505949548,-0.236833957620562,8.219076156616211,8.219076156616211,68.26591946644515,training_consistent_log_reconstructed,145,nuclei_movie2_frozen_centers,movie2:component:142,1,1.689628646627492,-24.624070000134044,-0.16557508368777896,-0.7276068675640948,0.4850712557313441,-0.4850712557313441,8.246211251235321,8.246211251235321
2.149187420541111,2.1491874205411126,9,0.8660254037844386,2.6831469476077685,True,movie2:9:9,0.0,9.0,301.0,168.0,141.0,0.0,9.0,275.11400000000003,153.552,128.874,2.7322709471782343,3.7573011882476837,True,all_groundtruth_centers,retrained_nematic_epoch_095,143,0.5222870689259315,-0.04134232777851723,0.8517670042720678,11.743256568908693,11.743256568908691,47.290287559819156,training_consistent_log_reconstructed,145,nuclei_movie2_frozen_centers,movie2:component:143,1,0.8660254037844386,-1.0741542406399152,-0.5830835266371217,-0.5038710212502906,0.0,-0.8637789033914809,13.892443989449804,13.892443989449804
0.09058474096455882,0.09058474096455882,7,0.7071067811865476,2.9964160287713475,True,movie2:9:7,0.0,9.0,317.0,147.0,88.0,0.0,9.0,289.738,134.358,80.432,1.616039888637463,9.511577980497952,True,all_groundtruth_centers,retrained_nematic_epoch_095,144,0.11282383297908649,0.9780007433739702,-0.17545748394374333,16.40009117126465,16.40009117126465,38.62699365889876,training_consistent_log_reconstructed,145,nuclei_movie2_frozen_centers,movie2:component:144,1,0.7071067811865476,-6.515161951726604,-1.5254551476729041,0.06131393400982399,0.9810229441571838,-0.18394179659177579,16.30950643030009,16.30950643030009
0.9370817691464559,0.9370817691464559,13,0.5,9.501233739994662,True,movie2:2:13,0.0,2.0,26.0,154.0,65.0,0.0,2.0,23.764,140.756,59.410000000000004,2.2991679225418338,11.065454690511467,True,matched_groundtruth_centers,retrained_nematic_epoch_095,0,0.8705723317193816,0.12738792539442523,-0.47526427564922574,16.97939109802246,16.97939109802246,117.04670800734063,training_consistent_log_reconstructed,124,nuclei_movie2_frozen_centers,movie2:component:0,1,0.5,-1.5642209505168054,-1.3620861533953779,0.7814038044302498,0.1116291116991269,-0.6139601256133788,17.916472867168917,17.916472867168917
2.120950797728309,2.120950797728309,8,0.5,24.946851467273753,True,movie2:2:8,0.0,2.0,44.0,200.0,118.0,0.0,2.0,40.216,182.8,107.852,3.737764905104765,33.94461618593467,True,matched_groundtruth_centers,retrained_nematic_epoch_095,1,0.9478293343616545,0.21112172439190727,-0.23884549485667633,14.280268669128418,14.280268669128418,145.41691754819706,training_consistent_log_reconstructed,124,nuclei_movie2_frozen_centers,movie2:component:1,1,0.5,-8.997764718660918,-1.616814107376456,0.9755372158568809,0.12194215198211011,0.1829132363941367,16.401219466856727,16.401219466856727
0.9265434384032218,0.9265434384032218,18,0.7071067811865476,9.053551504960055,True,movie2:2:18,0.0,2.0,50.0,117.0,113.0,0.0,2.0,45.7,106.938,103.28200000000001,0.36371802787591534,10.0280239965833,True,matched_groundtruth_centers,retrained_nematic_epoch_095,2,0.6587971095505766,-0.2577330945863351,0.706795600158035,10.200161933898926,10.200161933898926,50.59829180673358,training_consistent_log_reconstructed,124,nuclei_movie2_frozen_centers,movie2:component:2,1,0.7071067811865476,-0.9744724916232457,0.5628254105273065,-0.646996644757806,0.10783277138953609,-0.7548294079370473,9.273618495495704,9.273618495495704
2.0547978265179623,2.0547978265179623,0,0.5,7.15006575442288,True,movie2:2:0,0.0,2.0,79.0,141.0,43.0,0.0,2.0,72.206,128.874,39.302,1.7128648697800148,3.7893005417576036,True,matched_groundtruth_centers,retrained_nematic_epoch_095,3,-0.26169460781686815,0.9349770954140784,-0.23944469777096553,16.30260467529297,16.30260467529297,14.24979360418236,training_consistent_log_reconstructed,124,nuclei_movie2_frozen_centers,movie2:component:3,1,0.5,3.3607652126652767,0.34193295673794744,-0.21055871529851447,0.9124211315489575,-0.3509311985486031,14.247806848775006,14.247806848775006
0.9272464810390346,0.9272464810390328,4,0.0,2.4630177017550325,True,movie2:2:4,0.0,2.0,97.0,132.0,85.0,0.0,2.0,88.658,120.64800000000001,77.69,1.069172873043458,7.123451596971098,True,matched_groundtruth_centers,retrained_nematic_epoch_095,4,0.4960413683000664,-0.17004983098108592,0.8514845952325281,12.263659477233887,12.263659477233887,60.72910129688306,training_consistent_log_reconstructed,124,nuclei_movie2_frozen_centers,movie2:component:4,1,0.0,-4.660433895216065,-0.14192639200442514,-0.5306686455805337,0.1516196130230096,-0.8339078375602874,13.190905958272921,13.19090595827292
0.9739484786987287,0.9739484786987305,2,0.7071067811865476,4.5240280676508196,True,movie2:2:2,0.0,2.0,114.0,150.0,57.0,0.0,2.0,104.196,137.1,52.098,0.38631849188193534,3.503832831091199,True,matched_groundtruth_centers,retrained_nematic_epoch_095,5,0.8226604250445994,-0.5645933378836697,-0.06681457837040741,14.026051521301271,14.02605152130127,91.86093420383337,training_consistent_log_reconstructed,124,nuclei_movie2_frozen_centers,movie2:component:5,1,0.7071067811865476,1.0201952365596205,0.5876299868167951,-0.8,0.6,0.0,15.0,15.0
1.7043346049840835,1.7043346049840817,9,0.8660254037844386,5.265463947765317,True,movie2:2:9,0.0,2.0,123.0,227.0,86.0,0.0,2.0,112.42200000000001,207.478,78.604,0.7627864037592502,4.990888718018046,True,matched_groundtruth_centers,retrained_nematic_epoch_095,6,-0.6360851465150666,-0.3017962947844839,0.7101511690036587,10.422132492065431,10.42213249206543,145.77871350231817,training_consistent_log_reconstructed,124,nuclei_movie2_frozen_centers,movie2:component:6,1,0.8660254037844386,0.27457522974727144,0.9415482012248315,0.6882472016116853,0.22941573387056174,-0.6882472016116853,8.717797887081348,8.717797887081348
1.9709122288928818,1.9709122288928818,3,0.7071067811865476,8.366695070369977,True,movie2:2:3,0.0,2.0,128.0,191.0,58.0,0.0,2.0,116.992,174.574,53.012,1.194565565722531,10.78158892981747,True,matched_groundtruth_centers,retrained_nematic_epoch_095,7,0.8915257621466544,-0.03486304888669865,0.4516263757257216,10.23564338684082,10.23564338684082,50.06877162595309,training_consistent_log_reconstructed,124,nuclei_movie2_frozen_centers,movie2:component:7,1,0.7071067811865476,-2.414893859447494,0.7763466631703508,-0.8192319146469484,0.0,-0.5734623527520312,12.206555615733702,12.206555615733702
1.711121524941003,1.711121524941003,17,0.0,23.81087737584925,True,movie2:2:17,0.0,2.0,139.0,249.0,101.0,0.0,2.0,127.046,227.586,92.31400000000001,2.589952472485834,29.238963458067822,True,matched_groundtruth_centers,retrained_nematic_epoch_095,8,0.21745812938229225,-0.3958611293397408,0.8921916432266216,11.441824913024902,11.441824913024902,78.16858274691806,training_consistent_log_reconstructed,124,nuclei_movie2_frozen_centers,movie2:component:8,1,0.0,-5.428086082218574,-0.8788309475448308,-0.1520571842539411,0.0,-0.9883716976506172,13.152946437965905,13.152946437965905
0.49597453469700703,0.49597453469700703,1,0.7071067811865476,12.850412848699902,True,movie2:2:1,0.0,2.0,141.0,215.0,57.0,0.0,2.0,128.874,196.51000000000002,52.098,0.9197527334860958,3.7491166049590117,True,matched_groundtruth_centers,retrained_nematic_epoch_095,9,0.9982294751989558,0.043582010648489364,-0.040478675767031506,16.02014923095703,16.02014923095703,82.63014087358182,training_consistent_log_reconstructed,124,nuclei_movie2_frozen_centers,movie2:component:9,1,0.7071067811865476,9.10129624374089,-0.42377819878908873,-0.9662349435922334,0.0,0.25766263559413044,15.524174696260024,15.524174696260024
0.6669193293216562,0.6669193293216562,14,0.5,21.63825898692075,True,movie2:2:14,0.0,2.0,165.0,128.0,76.0,0.0,2.0,150.81,116.992,69.464,1.3214275944934677,19.00714539525111,True,matched_groundtruth_centers,retrained_nematic_epoch_095,10,0.867067150441248,0.23470340839515844,0.4394415395856312,10.149734497070312,10.149734497070312,170.8791931605445,training_consistent_log_reconstructed,124,nuclei_movie2_frozen_centers,movie2:component:11,1,0.5,2.6311135916696387,-0.6545082651718115,0.6471502443935288,0.18490006222462543,0.7396002488985017,10.816653826391969,10.816653826391969
1.3936017500699194,1.3936017500699212,19,0.5,26.213622274601576,True,movie2:2:19,0.0,2.0,167.0,146.0,136.0,0.0,2.0,152.638,133.44400000000002,124.304,2.2763881511358566,22.468943153492866,True,matched_groundtruth_centers,retrained_nematic_epoch_095,11,0.8335963027510451,0.0010020629785799423,0.5523732432962106,12.498842239379885,12.498842239379883,89.92956586522477,training_consistent_log_reconstructed,124,nuclei_movie2_frozen_centers,movie2:component:12,1,0.5,3.7446791211087103,-0.8827864010659354,-0.5038710212502906,0.0,-0.8637789033914809,13.892443989449804,13.892443989449804
5.160584310299026,5.160584310299026,27,0.5,18.556812358206802,True,movie2:2:27,0.0,2.0,170.0,220.0,91.0,0.0,2.0,155.38,201.08,83.174,6.609016403198499,13.859576142972264,True,matched_groundtruth_centers,retrained_nematic_epoch_095,12,0.3876237925612144,0.34697411172208736,0.8540238645583207,11.271092414855957,11.271092414855957,144.7949889070656,training_consistent_log_reconstructed,124,nuclei_movie2_frozen_centers,movie2:component:13,1,0.5,4.697236215234538,-1.4484320928994734,0.42600642588869525,0.608580616359611,0.669438689121637,16.431676725154983,16.431676725154983
1.3956443102434832,1.3956443102434832,21,0.7071067811865476,14.208278083320948,True,movie2:2:21,0.0,2.0,184.0,95.0,64.0,0.0,2.0,168.17600000000002,86.83,58.496,1.112581828508734,20.750233260438865,True,matched_groundtruth_centers,retrained_nematic_epoch_095,13,-0.3126204513537859,-0.5488576954308213,0.7752571725316207,10.478697776794435,10.478697776794434,136.74660093557455,training_consistent_log_reconstructed,124,nuclei_movie2_frozen_centers,movie2:component:14,1,0.7071067811865476,-6.5419551771179165,0.2830624817347491,0.42107596131897473,0.336860763515887,-0.8421519226379495,11.874342087037919,11.874342087037917
0.3828990508857224,0.38289905088571885,16,0.8660254037844386,8.336052028748654,True,movie2:2:16,0.0,2.0,188.0,167.0,76.0,0.0,2.0,171.832,152.638,69.464,0.7339919848594754,7.000358326345599,True,matched_groundtruth_centers,retrained_nematic_epoch_095,14,-0.30358135420187143,0.9383139642883888,0.16554535874607415,16.380155563354492,16.380155563354492,25.210093675105167,training_consistent_log_reconstructed,124,nuclei_movie2_frozen_centers,movie2:component:15,1,0.8660254037844386,1.3356937024030548,-0.3510929339737565,-0.17896499588156806,0.9544799780350297,0.23861999450875743,16.763054614240215,16.76305461424021
1.1190379724498918,1.1190379724498918,7,0.7071067811865476,9.253810238751596,True,movie2:2:7,0.0,2.0,192.0,212.0,88.0,0.0,2.0,175.488,193.768,80.432,1.4882337821847358,8.295261241679556,True,matched_groundtruth_centers,retrained_nematic_epoch_095,15,0.8194667590229825,0.41466540546529523,-0.39563472088110707,14.62897777557373,14.62897777557373,157.01102575035716,training_consistent_log_reconstructed,124,nuclei_movie2_frozen_centers,movie2:component:16,1,0.7071067811865476,0.9585489970720396,-0.369195809734844,0.8890008920619218,0.38100036875821786,-0.254000261651852,15.748015748023622,15.748015748023622
1.7662489106266364,1.7662489106266346,6,0.5,5.581141626517344,True,movie2:2:6,0.0,2.0,208.0,96.0,43.0,0.0,2.0,190.112,87.744,39.302,2.04410160310098,10.19543588690162,True,matched_groundtruth_centers,retrained_nematic_epoch_095,16,0.7446765724999269,-0.6624290491299633,0.08151415360864679,13.366497039794922,13.366497039794922,46.45670290282235,training_consistent_log_reconstructed,124,nuclei_movie2_frozen_centers,movie2:component:17,1,0.5,-4.614294260384276,-0.27785269247434563,-0.792982312574065,0.5947367501684605,-0.13216372400831475,15.132745950421558,15.132745950421556
1.8198897125634055,1.8198897125634055,25,0.7071067811865476,9.98239661978045,True,movie2:2:25,0.0,2.0,208.0,126.0,125.0,0.0,2.0,190.112,115.164,114.25,3.262461507833141,21.940514942661586,True,matched_groundtruth_centers,retrained_nematic_epoch_095,17,0.1220626899959232,-0.4630165820076866,0.877904519009259,14.273587226867676,14.273587226867676,79.45586553440616,training_consistent_log_reconstructed,124,nuclei_movie2_frozen_centers,movie2:component:18,1,0.7071067811865476,-11.958118322881136,-1.4425717952697354,-0.18641092718587707,0.3106848657450127,-0.932054655276559,16.09347693943108,16.09347693943108
1.311143744480452,1.3111437444804537,5,0.7071067811865476,6.618388069852912,True,movie2:2:5,0.0,2.0,232.0,199.0,115.0,0.0,2.0,212.048,181.886,105.11,0.45597730923875446,9.862331389971848,True,matched_groundtruth_centers,retrained_nematic_epoch_095,18,0.759495448355412,-0.6038754306411981,0.2418700646944949,13.180233001708984,13.180233001708984,104.2582662704476,training_consistent_log_reconstructed,124,nuclei_movie2_frozen_centers,movie2:component:19,1,0.7071067811865476,-3.2439433201189356,0.8551664352416992,-0.7590721072564883,0.5520524589744059,-0.34503277891456374,14.491376746189436,14.491376746189438
1.6029199658412807,1.602919965841279,22,0.7071067811865476,8.294898610455446,True,movie2:2:22,0.0,2.0,248.0,216.0,69.0,0.0,2.0,226.672,197.424,63.066,2.703606037300334,14.875842664708461,True,matched_groundtruth_centers,retrained_nematic_epoch_095,19,-0.6463182892336311,0.11765720064960462,0.7539426053337289,11.58798599243164,11.58798599243164,61.912820117694174,training_consistent_log_reconstructed,124,nuclei_movie2_frozen_centers,movie2:component:20,1,0.7071067811865476,-6.580944054253015,-1.1006860714590552,-0.5306686455805337,0.1516196130230096,0.8339078375602874,13.190905958272921,13.19090595827292
2.4515637982938756,2.4515637982938756,28,1.7320508075688772,5.385753991922461,True,movie2:2:28,0.0,2.5,274.0,61.5,111.0,0.0,2.5,250.436,56.211000000000006,101.45400000000001,2.621889726894299,3.9659280324983825,True,matched_groundtruth_centers,retrained_nematic_epoch_095,20,-0.6495017941553113,0.1588012347868067,0.7435923528514916,13.672951698303223,13.672951698303223,63.60000869770364,training_consistent_log_reconstructed,124,nuclei_movie2_frozen_centers,movie2:component:22,1,1.8708286933869707,1.4198259594240783,-0.17032592860042328,-0.6201736805872538,0.24806946230132654,0.7442084034599379,16.1245154965971,16.1245154965971
0.6115111189407294,0.6115111189407312,24,0.0,16.44637865080971,True,movie2:2:24,0.0,2.0,279.0,217.0,92.0,0.0,2.0,255.006,198.338,84.08800000000001,0.5685036812944304,9.066093437415795,True,matched_groundtruth_centers,retrained_nematic_epoch_095,21,0.6924115487319465,0.6325105547321812,-0.3471262671349078,12.07706642150879,12.077066421508789,158.43065997176225,training_consistent_log_reconstructed,124,nuclei_movie2_frozen_centers,movie2:component:23,1,0.0,7.380285213393915,0.04300743764630077,0.7881104062391007,0.39405520311955033,-0.47286624374346037,12.68857754044952,12.68857754044952
2.0566336308828497,2.0566336308828497,26,0.0,15.745967045420837,True,movie2:2:26,0.0,2.0,283.0,188.0,78.0,0.0,2.0,258.66200000000003,171.832,71.292,1.814213166806148,18.650779904446587,True,matched_groundtruth_centers,retrained_nematic_epoch_095,22,-0.45079786209110895,0.36297446912314063,0.8154942196599922,11.871754646301271,11.87175464630127,63.768633476181535,training_consistent_log_reconstructed,124,nuclei_movie2_frozen_centers,movie2:component:24,1,0.0,-2.90481285902575,0.2424204640767016,-0.21538744591028236,0.2871832675854271,0.9333456053162741,13.928388277184121,13.92838827718412
0.49581158848891427,0.49581158848891427,12,0.7071067811865476,16.645663885721394,True,movie2:2:12,0.0,2.0,284.0,67.0,136.0,0.0,2.0,259.576,61.238,124.304,0.06174747310354256,12.554969346388724,True,matched_groundtruth_centers,retrained_nematic_epoch_095,23,0.7108482951658277,0.6671718731050482,0.2226575689199397,10.98390007019043,10.98390007019043,174.5691263217396,training_consistent_log_reconstructed,124,nuclei_movie2_frozen_centers,movie2:component:25,1,0.7071067811865476,4.09069453933267,0.4340641153853717,0.5720775412472399,0.6674238303363678,0.47673128437269985,10.488088481701515,10.488088481701515
0.49716363311396705,0.49716363311396705,20,0.7071067811865476,3.9851066241658213,True,movie2:2:20,0.0,2.0,305.0,99.0,52.0,0.0,2.0,278.77000000000004,90.486,47.528,1.3092486071826706,2.595869611282266,True,matched_groundtruth_centers,retrained_nematic_epoch_095,24,0.005440604986644613,-0.592988193204602,0.8051927735252726,15.934513092041016,15.934513092041016,85.7942207902108,training_consistent_log_reconstructed,124,nuclei_movie2_frozen_centers,movie2:component:27,1,0.7071067811865476,1.3892370128835552,-0.8120849740687035,0.06085806365647026,0.6085806256919499,-0.7911548003522318,16.431676725154983,16.431676725154983
0.3149799235907711,0.3149799235907693,11,0.7071067811865476,2.2235041288418707,True,movie2:2:11,0.0,2.0,320.0,188.0,55.0,0.0,2.0,292.48,171.832,50.27,1.3756137824353765,2.133912275791674,True,matched_groundtruth_centers,retrained_nematic_epoch_095,25,-0.5255116185159583,0.8428925332636902,0.1156274888296758,15.93309688568115,15.933096885681152,5.53718367871079,training_consistent_log_reconstructed,124,nuclei_movie2_frozen_centers,movie2:component:28,1,0.7071067811865476,0.08959185305019668,-1.0606338588446071,-0.4923659529398475,0.8616404435202297,0.12309148823496187,16.24807680927192,16.24807680927192
4.799401306092474,4.799401306092474,7,0.0,7.722923477637366,True,movie2:3:7,0.0,3.0,63.0,84.0,120.0,0.0,3.0,57.582,76.776,109.68,6.720723015172219,12.633484076814677,True,matched_groundtruth_centers,retrained_nematic_epoch_095,26,-0.6196112155066474,0.47378379748025523,0.6257881868999793,16.810781478881836,16.810781478881836,38.09916272420906,training_consistent_log_reconstructed,124,nuclei_movie2_frozen_centers,movie2:component:30,1,0.0,-4.910560599177311,-1.921321709079745,-0.5090192881088625,0.5090192881088625,0.6941172297719556,21.61018278497431,21.61018278497431
2.50448587016197,2.5044858701619717,12,0.0,1.7948092357989418,True,movie2:3:12,0.0,3.0,72.0,227.0,116.0,0.0,3.0,65.808,207.478,106.024,3.0049095153808594,4.377179513138938,True,matched_groundtruth_centers,retrained_nematic_epoch_095,27,0.35907140549341715,0.6374364134229223,0.6817202832536986,14.168846130371096,14.168846130371094,146.34407454129675,training_consistent_log_reconstructed,124,nuclei_movie2_frozen_centers,movie2:component:31,1,0.0,-2.5823702773399964,-0.5004236452188877,0.3598560884268073,0.6597361577260101,0.6597361577260101,16.673332000533065,16.673332000533065
3.4155778106279566,3.4155778106279566,14,0.5,9.30543384360513,True,movie2:3:14,0.0,3.0,84.0,234.0,103.0,0.0,3.0,76.776,213.876,94.14200000000001,2.5635641890090906,18.9153554301285,True,matched_groundtruth_centers,retrained_nematic_epoch_095,28,-0.041959096036132286,-0.4839452337267731,0.8740917829455723,8.331762313842775,8.331762313842773,106.15723422735451,training_consistent_log_reconstructed,124,nuclei_movie2_frozen_centers,movie2:component:32,1,0.5,-9.60992158652337,0.8520136216188661,0.08512565527109466,0.3405026210843786,-0.9363821804420109,11.747340124470732,11.74734012447073
2.7630585235483736,2.7630585235483753,20,3.122498999199199,15.682009204505944,True,movie2:4:20,0.0,3.5,100.5,184.5,108.5,0.0,3.5,91.857,168.633,99.169,1.9212356034600102,82.78856844626716,True,matched_groundtruth_centers,retrained_nematic_epoch_095,29,-0.19254158181535622,0.7388700521206347,-0.645754431151108,13.533388137817381,13.533388137817383,59.33793412372038,training_consistent_log_reconstructed,124,nuclei_movie2_frozen_centers,movie2:component:33,1,3.640054944640259,-67.10655924176122,0.8418229200883651,-0.3713906800772299,0.5570860021207347,-0.7427813601544598,10.770329614269007,10.770329614269007
1.8146483189983815,1.8146483189983798,16,0.8660254037844386,3.4116851439082088,True,movie2:3:16,0.0,3.0,99.0,163.0,140.0,0.0,3.0,90.486,148.982,127.96000000000001,1.7835086905312778,5.801489878001506,True,matched_groundtruth_centers,retrained_nematic_epoch_095,30,0.4620252242066276,0.2649798246505255,0.8463559444613079,11.933078765869139,11.93307876586914,144.0941433048143,training_consistent_log_reconstructed,124,nuclei_movie2_frozen_centers,movie2:component:34,1,0.8660254037844386,-2.3898047340932975,0.031139628467101943,0.4364357804719847,0.21821789023599236,0.8728715609439694,13.74772708486752,13.74772708486752
3.1917222159014713,3.1917222159014713,30,1.224744871391589,21.792934990053784,True,movie2:4:30,0.0,3.5,126.0,228.0,62.0,0.0,3.5,115.164,208.392,56.668,3.771766183419384,19.626452049833592,True,matched_groundtruth_centers,retrained_nematic_epoch_095,31,0.7322753772213074,0.11914409815597765,0.6705053734236518,11.056084632873535,11.056084632873535,161.0314372043203,training_consistent_log_reconstructed,124,nuclei_movie2_frozen_centers,movie2:component:35,1,1.118033988749895,2.1664829402201917,-0.5800439675179128,0.9124211282466754,0.21055872190307892,0.3509312031717982,14.247806848775006,14.247806848775006
0.22347584080085525,0.22347584080085525,1,0.0,4.060643441572574,True,movie2:3:1,0.0,3.0,150.0,171.0,42.0,0.0,3.0,137.1,156.294,38.388,2.7452088498574874,5.16098641030425,True,matched_groundtruth_centers,retrained_nematic_epoch_095,32,0.9478646901597843,0.2773156675116903,-0.15699856591969763,14.942275047302248,14.942275047302246,126.7731506352678,training_consistent_log_reconstructed,124,nuclei_movie2_frozen_centers,movie2:component:36,1,0.0,-1.1003429687316766,-2.521733009056632,0.9231326591188955,0.3296902408288096,-0.19781415209817146,15.165750888103103,15.165750888103101
1.7262178787507825,1.7262178787507807,14,2.1213203435596424,13.009875791964651,True,movie2:4:14,0.0,3.5,166.5,219.0,129.0,0.0,3.5,152.181,200.166,117.906,6.003260800693022,25.035021172491792,True,matched_groundtruth_centers,retrained_nematic_epoch_095,33,0.17882094762694933,0.9744959855883575,0.1355752291606971,15.478432655334474,15.478432655334473,106.67070053909941,training_consistent_log_reconstructed,124,nuclei_movie2_frozen_centers,movie2:component:38,1,2.345207879911715,-12.02514538052714,-4.2770429219422414,0.11624763965260045,0.9299811172208036,0.3487428965411982,17.204650534085257,17.204650534085253
1.0928949387012459,1.0928949387012459,13,0.7071067811865476,16.685462853651543,True,movie2:3:13,0.0,3.0,170.0,68.0,82.0,0.0,3.0,155.38,62.152,74.94800000000001,1.8521711644367898,20.022735252126534,True,matched_groundtruth_centers,retrained_nematic_epoch_095,34,-0.4658569870308294,-0.4051705831749768,0.7866473582007423,14.072855949401855,14.072855949401855,133.9352266031031,training_consistent_log_reconstructed,124,nuclei_movie2_frozen_centers,movie2:component:39,1,0.7071067811865476,-3.3372723984749904,-0.7592762257355439,0.6593804561268665,0.19781413683805996,-0.7253185378472956,15.165750888103101,15.165750888103101
0.6736884941265657,0.6736884941265657,2,0.7071067811865476,8.102872416298899,True,movie2:3:2,0.0,3.0,180.0,157.0,64.0,0.0,3.0,164.52,143.49800000000002,58.496,0.5025907874340572,5.173233964381698,True,matched_groundtruth_centers,retrained_nematic_epoch_095,35,0.1128339286994203,0.9015431011077674,-0.4177182559803248,12.378388404846191,12.378388404846191,56.8582424894742,training_consistent_log_reconstructed,124,nuclei_movie2_frozen_centers,movie2:component:40,1,0.7071067811865476,2.929638451917201,0.17109770669250857,0.0,0.9397934277954141,-0.34174305124251747,11.704699910719626,11.704699910719626
2.000407704375972,2.00040770437597,4,0.7071067811865476,7.247153619523136,True,movie2:3:4,0.0,3.0,192.0,82.0,78.0,0.0,3.0,175.488,74.94800000000001,71.292,3.4611302139505398,11.75154037805407,True,matched_groundtruth_centers,retrained_nematic_epoch_095,36,-0.5432704190751092,0.697282811308675,0.4676044619242058,13.652068138122559,13.652068138122559,39.35799194014518,training_consistent_log_reconstructed,124,nuclei_movie2_frozen_centers,movie2:component:41,1,0.7071067811865476,-4.504386758530934,-1.4607225095745697,-0.5111012519999519,0.6388765649999399,0.574988908499946,15.65247584249853,15.652475842498529
0.9231813793541406,0.923181379354137,3,0.0,1.8662997031092767,True,movie2:3:3,0.0,3.0,216.0,227.0,106.0,0.0,3.0,197.424,207.478,96.884,1.7756300480033502,0.9325669485209811,True,matched_groundtruth_centers,retrained_nematic_epoch_095,37,-0.0911709163656646,0.995834242017379,-0.0014235289660588565,16.106204986572266,16.106204986572266,23.69847004983351,training_consistent_log_reconstructed,124,nuclei_movie2_frozen_centers,movie2:component:42,1,0.0,0.9337327545882956,-0.8524486686492132,-0.05872202255176583,0.9982743731396844,0.0,17.029386365926406,17.029386365926403
0.9370746753767971,0.9370746753767989,17,2.7838821814150108,25.4167413132934,True,movie2:4:17,0.0,3.5,227.0,215.5,61.5,0.0,3.5,207.478,196.967,56.211000000000006,4.012822636626947,75.67767413483976,True,matched_groundtruth_centers,retrained_nematic_epoch_095,38,0.6791541679419194,0.7275432598269245,-0.09711035602617979,11.145971298217775,11.145971298217773,171.59667448068006,training_consistent_log_reconstructed,124,nuclei_movie2_frozen_centers,movie2:component:43,1,3.1622776601683795,-50.26093282154636,-3.0757479612501477,0.5793241322585062,0.7448452850544783,0.33104237057368013,12.083045973594572,12.083045973594572
0.6481588484593992,0.6481588484593992,0,0.0,11.006151448277123,True,movie2:3:0,0.0,3.0,261.0,134.0,33.0,0.0,3.0,238.554,122.476,30.162000000000003,0.1692846608789953,7.193574836127143,True,matched_groundtruth_centers,retrained_nematic_epoch_095,39,0.836052120710209,0.49012278728422365,-0.24656947264555232,14.71940612792969,14.719406127929688,132.53945758643667,training_consistent_log_reconstructed,124,nuclei_movie2_frozen_centers,movie2:component:44,1,0.0,3.8125766121499796,0.4788741875804039,0.923869764413216,0.35533454239953016,-0.14213381505041364,14.07124727947029,14.071247279470288
0.06710783589993952,0.06710783589993952,6,0.7071067811865476,6.125880756496412,True,movie2:3:6,0.0,3.0,271.0,90.0,72.0,0.0,3.0,247.69400000000002,82.26,65.808,0.7624649586250349,5.793118396701192,True,matched_groundtruth_centers,retrained_nematic_epoch_095,40,-0.5503409766024513,-0.15783338950091608,0.8198862302971749,13.861280441284181,13.86128044128418,126.95820971559226,training_consistent_log_reconstructed,124,nuclei_movie2_frozen_centers,movie2:component:45,1,0.7071067811865476,0.33276235979522006,-0.6953571227250954,0.5025707148443289,0.07179581320498642,-0.861549788339069,13.928388277184121,13.92838827718412
1.9624512565463643,1.962451256546366,18,0.5,1.2808855327808928,True,movie2:3:18,0.0,3.0,272.0,209.0,61.0,0.0,3.0,248.608,191.026,55.754000000000005,1.792505288986801,7.027233583101371,True,matched_groundtruth_centers,retrained_nematic_epoch_095,41,0.5781709714024031,-0.44475906677338944,0.6840377916098387,11.491172790527346,11.491172790527344,93.01048329532217,training_consistent_log_reconstructed,124,nuclei_movie2_frozen_centers,movie2:component:46,1,0.5,-5.746348050320478,0.16994596755956515,-0.5946353380190872,0.44597648682631036,-0.6689647135514606,13.45362404707371,13.45362404707371
2.2305897468738536,2.2305897468738554,20,0.7071067811865476,9.895914473961549,True,movie2:3:20,0.0,3.0,304.0,219.0,112.0,0.0,3.0,277.856,200.166,102.36800000000001,2.007423356073865,2.686412269439909,True,matched_groundtruth_centers,retrained_nematic_epoch_095,42,0.048133036351561735,-0.1583615478010678,0.9862072961551386,9.214933395385744,9.214933395385742,97.65395673702132,training_consistent_log_reconstructed,124,nuclei_movie2_frozen_centers,movie2:component:47,1,0.7071067811865476,7.209502204521639,0.22316639079999057,0.08737040440317814,0.26211120769475904,-0.9610744649792856,11.445523142259598,11.445523142259598
0.8108771261681742,0.8108771261681724,11,0.7071067811865476,3.5331144652678574,True,movie2:3:11,0.0,3.0,319.0,120.0,53.0,0.0,3.0,291.56600000000003,109.68,48.442,0.2397833873818378,3.5273462946810774,True,matched_groundtruth_centers,retrained_nematic_epoch_095,43,-0.485183793474138,0.8733170988353806,-0.04374850205206227,12.605530738830566,12.605530738830566,9.027952808955925,training_consistent_log_reconstructed,124,nuclei_movie2_frozen_centers,movie2:component:48,1,0.7071067811865476,0.00576817058678003,0.5710937387863346,-0.4472135954999579,0.8944271909999159,0.0,13.41640786499874,13.416407864998739
,,,,,False,,0.0,4.0,26.0,179.5,104.5,0.0,4.0,23.764,164.06300000000002,95.513,,,False,matched_groundtruth_centers,retrained_nematic_epoch_095,44,,,,,,,training_consistent_log_reconstructed,124,nuclei_movie2_frozen_centers,,,,,,,,,,
0.7043433275449154,0.7043433275449154,18,0.5,3.9151148452759608,True,movie2:4:18,0.0,4.0,69.0,92.0,82.0,0.0,4.0,63.066,84.08800000000001,74.94800000000001,1.9773545890290336,4.39115124506188,True,matched_groundtruth_centers,retrained_nematic_epoch_095,45,0.9148294248321486,-0.4011908191871395,0.046184954922918596,14.948132514953615,14.948132514953613,86.98250823331988,training_consistent_log_reconstructed,124,nuclei_movie2_frozen_centers,movie2:component:50,1,0.5,-0.47603639978591916,-1.2730112614841183,-0.8944271909999159,0.4472135954999579,0.0,15.65247584249853,15.652475842498529
0.4915675275568905,0.49156752755689226,8,0.9013878188659973,15.27659109761876,True,movie2:4:8,0.0,4.0,78.0,205.0,93.0,0.0,4.0,71.292,187.37,85.00200000000001,1.2464266983976877,14.243638270319769,True,matched_groundtruth_centers,retrained_nematic_epoch_095,46,0.06318927930994658,0.8163147515048307,-0.5741405241366403,13.79128932952881,13.791289329528809,55.58434430884998,training_consistent_log_reconstructed,124,nuclei_movie2_frozen_centers,movie2:component:51,1,0.9013878188659973,1.0329528272989918,-0.7548591708407955,-0.14002800646781788,0.7001400422075033,-0.7001400422075033,14.2828568570857,14.2828568570857
1.2572901861773484,1.2572901861773502,26,0.7071067811865476,11.824957844992701,True,movie2:4:26,0.0,4.0,81.0,174.0,115.0,0.0,4.0,74.034,159.036,105.11,1.3964288551795487,18.610698739003595,True,matched_groundtruth_centers,retrained_nematic_epoch_095,47,0.7553827986845976,0.04449067170866677,-0.6537716784798318,12.990516662597658,12.990516662597656,63.64383583194705,training_consistent_log_reconstructed,124,nuclei_movie2_frozen_centers,movie2:component:52,1,0.7071067811865476,-6.785740894010894,-0.1391386690021985,-0.6316761728202276,0.07018624234099748,0.7720486410047236,14.247806848775006,14.247806848775006
0.9064346987872938,0.9064346987872938,5,0.5,11.667309713571116,True,movie2:4:5,0.0,4.0,91.0,109.0,63.0,0.0,4.0,83.174,99.626,57.582,0.5475105415179655,4.228483811738808,True,matched_groundtruth_centers,retrained_nematic_epoch_095,48,0.8503095578944283,0.486023887201869,0.2018772815909872,9.389195442199707,9.389195442199707,155.25706390339064,training_consistent_log_reconstructed,124,nuclei_movie2_frozen_centers,movie2:component:53,1,0.5,7.438825901832308,0.35892415726932825,0.8741572775225928,0.48564292865673303,0.0,10.295630140987,10.295630140987
,,,,,False,,0.0,4.0,99.0,188.5,49.0,0.0,4.0,90.486,172.28900000000002,44.786,,,False,matched_groundtruth_centers,retrained_nematic_epoch_095,49,,,,,,,training_consistent_log_reconstructed,124,nuclei_movie2_frozen_centers,,,,,,,,,,
3.2151533050712384,3.215153305071242,4,0.7071067811865476,16.349991593138224,True,movie2:4:4,0.0,4.0,111.0,221.0,55.0,0.0,4.0,101.45400000000001,201.994,50.27,1.536730420612768,19.101305973298036,True,matched_groundtruth_centers,retrained_nematic_epoch_095,50,0.18858223158340717,0.903344189885277,-0.38523501467485405,14.440125465393065,14.440125465393066,64.91426496482207,training_consistent_log_reconstructed,124,nuclei_movie2_frozen_centers,movie2:component:56,1,0.7071067811865476,-2.751314380159812,1.6784228844584739,-0.08908708264076219,0.8908708062144849,-0.44543540310724244,11.224972160321826,11.224972160321824
0.21501092286006696,0.21501092286006696,2,0.8660254037844386,16.476092950330717,True,movie2:4:2,0.0,4.0,138.0,195.0,40.0,0.0,4.0,126.132,178.23000000000002,36.56,1.1225675665688755,27.779641536228763,True,matched_groundtruth_centers,retrained_nematic_epoch_095,51,0.8132563903054205,0.5815575807254219,0.020120236782701348,13.201396942138672,13.201396942138672,144.86831380931048,training_consistent_log_reconstructed,124,nuclei_movie2_frozen_centers,movie2:component:57,1,0.8660254037844386,-11.303548585898046,-0.9075566437088085,0.7453559785796765,0.596284807920197,0.2981424039600985,13.416407864998739,13.416407864998739
0.6398675071865405,0.6398675071865441,0,0.7071067811865476,7.736140192513042,True,movie2:4:0,0.0,4.0,141.0,129.0,35.0,0.0,4.0,128.874,117.906,31.990000000000002,0.7694576780254874,15.556036546062975,True,matched_groundtruth_centers,retrained_nematic_epoch_095,52,0.8785153152120339,-0.4743142239973023,-0.05689339022890049,14.093491554260252,14.093491554260254,80.83126065442883,training_consistent_log_reconstructed,124,nuclei_movie2_frozen_centers,movie2:component:58,1,0.7071067811865476,-7.819896353549933,-0.1295901708389433,-0.8919529754965996,0.4459764877482998,-0.07432941462471664,13.453624047073712,13.45362404707371
1.7845585812984375,1.7845585812984393,25,2.5495097567963922,16.621056278623655,True,movie2:4:25,0.0,4.5,154.0,172.5,93.0,0.0,4.5,140.756,157.665,85.00200000000001,2.1613121945384,21.942536798427877,True,matched_groundtruth_centers,retrained_nematic_epoch_095,53,0.7743357855125647,-0.18149386527612904,0.6061881458274896,14.026829719543459,14.026829719543457,111.80699837015759,training_consistent_log_reconstructed,124,nuclei_movie2_frozen_centers,movie2:component:59,1,2.5495097567963922,-5.321480519804222,-0.3767536132399609,-0.56921000157454,0.31622775996068136,-0.7589466239056353,15.811388300841896,15.811388300841896
0.06781518969842182,0.06781518969842182,15,0.0,13.833583846652662,True,movie2:4:15,0.0,4.0,208.0,152.0,119.0,0.0,4.0,190.112,138.928,108.766,1.7913006280578294,17.422444990393295,True,matched_groundtruth_centers,retrained_nematic_epoch_095,54,0.4253320507238466,0.8551417617824332,0.29635319111270475,14.38901710510254,14.389017105102539,108.90692714182723,training_consistent_log_reconstructed,124,nuclei_movie2_frozen_centers,movie2:component:62,1,0.0,-3.5888611437406333,-1.7234854383594076,0.27668579372682767,0.8300573564021766,0.4842001204382186,14.456832294800963,14.45683229480096
1.5723035034347586,1.5723035034347603,11,0.7071067811865476,7.976850537627492,True,movie2:4:11,0.0,4.0,248.0,84.0,92.0,0.0,4.0,226.672,76.776,84.08800000000001,3.028966749227184,13.309032651377716,True,matched_groundtruth_centers,retrained_nematic_epoch_095,55,0.8911574824467091,0.1753010144983305,0.4184589535367828,14.583190917968752,14.58319091796875,103.38709678349117,training_consistent_log_reconstructed,124,nuclei_movie2_frozen_centers,movie2:component:64,1,0.7071067811865476,-5.332182113750225,-1.4566632457924236,0.8665782412342562,0.061898446832675806,0.49518757466140645,16.15549442140351,16.15549442140351
0.150107244675878,0.150107244675878,1,0.5,6.194183855748437,True,movie2:4:1,0.0,4.0,270.0,183.0,41.0,0.0,4.0,246.78,167.262,37.474000000000004,0.2325087188223165,7.876962466622093,True,matched_groundtruth_centers,retrained_nematic_epoch_095,56,0.5872419771357287,0.6751378634911955,0.44647029640309116,14.202592849731447,14.202592849731445,157.56150354316117,training_consistent_log_reconstructed,124,nuclei_movie2_frozen_centers,movie2:component:66,1,0.5,-1.6827786108736555,-0.0824014741464385,0.627059712862456,0.6967330142916176,0.3483665071458088,14.352700094407325,14.352700094407323
2.982906342858909,2.982906342858911,27,0.8660254037844386,5.354378601351394,True,movie2:4:27,0.0,4.0,275.0,160.0,121.0,0.0,4.0,251.35000000000002,146.24,110.59400000000001,3.701377696822494,13.115951664620189,True,matched_groundtruth_centers,retrained_nematic_epoch_095,57,0.32593340971370816,-0.6227321930422858,0.7113171080334997,15.23796081542969,15.237960815429688,71.38025052306723,training_consistent_log_reconstructed,124,nuclei_movie2_frozen_centers,movie2:component:67,1,0.8660254037844386,-7.761573063268795,-0.718471353963583,-0.3292927799690711,0.5488212999484517,-0.7683498199278325,18.2208671582886,18.2208671582886
1.3257295777408924,1.3257295777408924,10,0.7071067811865476,6.10831875832112,True,movie2:4:10,0.0,4.0,277.0,108.0,85.0,0.0,4.0,253.178,98.712,77.69,2.4080146584756683,3.5144335709998655,True,matched_groundtruth_centers,retrained_nematic_epoch_095,58,0.4337410798218958,-0.49178372235507056,0.7549949974016561,13.807016372680666,13.807016372680664,63.310894965149096,training_consistent_log_reconstructed,124,nuclei_movie2_frozen_centers,movie2:component:68,1,0.7071067811865476,2.5938851873212547,-1.082285080734776,-0.4625730157530234,0.39649116133834644,-0.7929823226766929,15.132745950421558,15.132745950421556
,,,,,False,,0.0,4.5,281.0,84.0,118.0,0.0,4.5,256.834,76.776,107.852,,,False,matched_groundtruth_centers,retrained_nematic_epoch_095,59,,,,,,,training_consistent_log_reconstructed,124,nuclei_movie2_frozen_centers,,,,,,,,,,
0.7503958052300845,0.7503958052300828,23,0.5,7.169064042311484,True,movie2:4:23,0.0,4.0,300.0,124.0,59.0,0.0,4.0,274.2,113.336,53.926,0.237654893597826,8.007388991146966,True,matched_groundtruth_centers,retrained_nematic_epoch_095,60,0.8177413489671765,-0.23876464216183496,-0.5237275358835671,14.714635848999025,14.714635848999023,61.55414688800342,training_consistent_log_reconstructed,124,nuclei_movie2_frozen_centers,movie2:component:70,1,0.5,-0.8383249488354823,0.5127409116322568,-0.7877263687176975,0.35805743459494255,0.5012804021285078,13.96424004376894,13.96424004376894
2.960583369755911,2.9605833697559127,19,0.0,5.701550844540473,True,movie2:4:19,0.0,4.0,306.0,174.0,79.0,0.0,4.0,279.684,159.036,72.206,3.674889334423362,3.6071005701614087,True,matched_groundtruth_centers,retrained_nematic_epoch_095,61,-0.34192289890832234,-0.6373055524760063,0.6906014509001424,14.871971130371096,14.871971130371094,143.28254616522298,training_consistent_log_reconstructed,124,nuclei_movie2_frozen_centers,movie2:component:71,1,0.0,2.0944502743790645,-0.7143059646674494,0.39254050046720995,0.560772182150468,-0.729003782719373,17.832554500127006,17.832554500127006
0.7362216591601847,0.7362216591601811,29,0.7071067811865476,19.87327103867169,True,movie2:4:29,0.0,4.0,307.0,221.0,87.0,0.0,4.0,280.598,201.994,79.518,2.649137357896093,16.72649264309125,True,matched_groundtruth_centers,retrained_nematic_epoch_095,62,0.6505460067670481,-0.06790449368943824,0.7564250609387747,12.302183151245115,12.302183151245117,92.71349633395512,training_consistent_log_reconstructed,124,nuclei_movie2_frozen_centers,movie2:component:72,1,0.7071067811865476,3.146778395580437,-1.9129156987359117,0.3834824944236852,0.07669649888473705,0.9203579866168444,13.0384048104053,13.038404810405298
0.6518837697430069,0.6518837697430087,6,0.8660254037844386,2.862366537586991,True,movie2:4:6,0.0,4.0,322.0,88.0,78.0,0.0,4.0,294.308,80.432,71.292,0.7634862982583286,3.907158659102056,True,matched_groundtruth_centers,retrained_nematic_epoch_095,63,0.7360374975489234,0.5980197671808469,-0.31720838617994324,13.095843315124513,13.095843315124512,174.63531623328257,training_consistent_log_reconstructed,124,nuclei_movie2_frozen_centers,movie2:component:73,1,0.8660254037844386,-1.0447921215150648,-0.11160252851531993,0.727392967453308,0.5819143739626463,-0.363696483726654,13.74772708486752,13.74772708486752
0.7968131024363494,0.7968131024363494,2,0.0,8.068545117340616,True,movie2:5:2,0.0,5.0,40.0,126.0,86.0,0.0,5.0,36.56,115.164,78.604,2.7314801932008805,9.436344404262883,True,matched_groundtruth_centers,retrained_nematic_epoch_095,64,0.7428443916595359,-0.10036454831681385,-0.6618981547195432,16.3496150970459,16.3496150970459,71.2100079021473,training_consistent_log_reconstructed,124,nuclei_movie2_frozen_centers,movie2:component:74,1,0.0,-1.367799286922267,-1.9346670907645311,-0.6415330040950668,0.11664237110960517,0.7581754163244072,17.146428199482248,17.146428199482248
1.2016698732157511,1.2016698732157494,12,0.5,9.5227433747882,True,movie2:5:12,0.0,5.0,84.0,165.0,93.0,0.0,5.0,76.776,150.81,85.00200000000001,2.3894929733278936,12.35204264401644,True,matched_groundtruth_centers,retrained_nematic_epoch_095,65,0.5277582871458263,0.6862061043631332,-0.5005920221933989,14.578063964843748,14.57806396484375,159.00212548034128,training_consistent_log_reconstructed,124,nuclei_movie2_frozen_centers,movie2:component:75,1,0.5,-2.8292992692282386,-1.1878231001121442,0.44360695721344523,0.633724256878269,-0.633724256878269,15.7797338380595,15.7797338380595
0.47387548108597066,0.47387548108597244,5,0.7071067811865476,8.367463238291714,True,movie2:5:5,0.0,5.0,92.0,61.0,92.0,0.0,5.0,84.08800000000001,55.754000000000005,84.08800000000001,1.5549394902424538,9.196963066603201,True,matched_groundtruth_centers,retrained_nematic_epoch_095,66,0.7695450095124555,-0.5505848088742025,0.323507104360063,14.823183059692385,14.823183059692383,101.1446684345536,training_consistent_log_reconstructed,124,nuclei_movie2_frozen_centers,movie2:component:76,1,0.7071067811865476,-0.8294998283114872,-1.0810640091564814,-0.7190925097934088,0.5229763532251236,-0.4576043010356952,15.297058540778355,15.297058540778355
0.294503691127904,0.294503691127904,4,0.0,13.129443799723004,True,movie2:5:4,0.0,5.0,136.0,79.0,105.0,0.0,5.0,124.304,72.206,95.97,1.0818554291047846,13.555713946025381,True,matched_groundtruth_centers,retrained_nematic_epoch_095,67,0.5116240122123027,0.6991438567702912,-0.4994384222986334,16.356882095336914,16.356882095336914,148.99052885666683,training_consistent_log_reconstructed,124,nuclei_movie2_frozen_centers,movie2:component:79,1,0.0,-0.42627014630237703,-0.7873517379768806,0.3112864137135935,0.8093446401049982,-0.49805825178450813,16.06237840420901,16.06237840420901
3.4947147509177654,3.4947147509177654,0,0.7071067811865476,4.420603806197271,True,movie2:5:0,0.0,5.0,197.0,132.0,38.0,0.0,5.0,180.058,120.64800000000001,34.732,4.013187480185891,6.637754233533054,True,matched_groundtruth_centers,retrained_nematic_epoch_095,68,0.6111056116080427,-0.2561696522806461,0.7489506263510118,12.814791679382324,12.814791679382324,78.34648652754022,training_consistent_log_reconstructed,124,nuclei_movie2_frozen_centers,movie2:component:82,1,0.7071067811865476,-2.217150427335784,-0.5184727292681259,-0.5518254118961022,0.24525574050011478,-0.7970811354795931,16.30950643030009,16.30950643030009
1.3522157623402968,1.3522157623402933,17,0.0,3.9911181840598378,True,movie2:5:17,0.0,5.0,209.0,67.0,147.0,0.0,5.0,191.026,61.238,134.358,0.7570262425297987,5.5718454705136935,True,matched_groundtruth_centers,retrained_nematic_epoch_095,69,0.9100496910366861,0.13604415979207193,0.3915374138323202,10.005600929260252,10.005600929260254,120.5364277459116,training_consistent_log_reconstructed,124,nuclei_movie2_frozen_centers,movie2:component:83,1,0.0,-1.5807272864538557,0.5951895198104946,0.8804509072705594,0.17609017535927687,0.4402254536352797,11.357816691600549,11.357816691600547
1.7759371669858162,1.7759371669858162,7,0.5,6.587987926243213,True,movie2:5:7,0.0,5.0,228.0,165.0,115.0,0.0,5.0,208.392,150.81,105.11,3.0988317155540273,5.967080389833506,True,matched_groundtruth_centers,retrained_nematic_epoch_095,70,-0.037346613920762835,0.6137979512418947,0.7885792956196012,14.067042350769043,14.067042350769043,100.25574381301325,training_consistent_log_reconstructed,124,nuclei_movie2_frozen_centers,movie2:component:84,1,0.5,0.6209075364097068,-1.322894548568211,0.0631194358426719,0.5680749606845786,0.8205527258269985,15.84297951775486,15.84297951775486
1.033367230464659,1.033367230464659,13,0.0,8.62471954706509,True,movie2:5:13,0.0,5.0,234.0,106.0,46.0,0.0,5.0,213.876,96.884,42.044000000000004,1.7657688148315174,9.52072786452226,True,matched_groundtruth_centers,retrained_nematic_epoch_095,71,0.7397309002880249,-0.6559809251855595,0.14995739712253506,11.008227348327637,11.008227348327637,34.22627880479003,training_consistent_log_reconstructed,124,nuclei_movie2_frozen_centers,movie2:component:85,1,0.0,-0.89600831745717,-0.7324015843668583,-0.7474093327564348,0.6643638229980474,0.0,12.041594578792296,12.041594578792296
1.042492398284658,1.0424923982846614,1,0.5,10.336954137378557,True,movie2:5:1,0.0,5.0,255.0,178.0,66.0,0.0,5.0,233.07000000000002,162.692,60.324000000000005,3.1192331191497793,8.958511436683683,True,matched_groundtruth_centers,retrained_nematic_epoch_095,72,0.9784925511537634,0.20175346554549392,0.04298681747911473,14.609983444213869,14.609983444213867,128.9280819382984,training_consistent_log_reconstructed,124,nuclei_movie2_frozen_centers,movie2:component:87,1,0.5,1.3784427006948743,-2.076740720865118,0.9583148490797371,0.2555506212604943,-0.12777531063024716,15.652475842498527,15.652475842498529
2.1948934531507103,2.1948934531507085,9,0.5,5.113207202215559,True,movie2:5:9,0.0,5.0,273.0,76.0,85.0,0.0,5.0,249.52200000000002,69.464,77.69,3.437943650408897,12.881172678836663,True,matched_groundtruth_centers,retrained_nematic_epoch_095,73,0.890399926510802,-0.31862351530335054,0.32506464951651387,15.411923408508303,15.4119234085083,100.15255986357127,training_consistent_log_reconstructed,124,nuclei_movie2_frozen_centers,movie2:component:88,1,0.5,-7.767965476621104,-1.2430501972581887,-0.8519427428786249,0.3975732944630285,-0.3407771095397388,17.606816861659013,17.60681686165901
1.1494564589179213,1.1494564589179195,6,0.7071067811865476,4.018125434357475,True,movie2:5:6,0.0,5.0,293.0,136.0,92.0,0.0,5.0,267.802,124.304,84.08800000000001,3.044580894904332,5.9021620446169205,True,matched_groundtruth_centers,retrained_nematic_epoch_095,74,0.593150389409495,-0.07089209080166628,0.8019644175430308,11.927240371704102,11.927240371704102,50.731106580658526,training_consistent_log_reconstructed,124,nuclei_movie2_frozen_centers,movie2:component:89,1,0.7071067811865476,-1.8840366102594457,-1.8951244359864123,-0.5353034010613684,0.07647191079289473,-0.8411910102181401,13.076696830622023,13.076696830622021
1.4813166947483687,1.481316694748367,14,0.5,14.071131527428179,True,movie2:5:14,0.0,5.0,303.0,108.0,94.0,0.0,5.0,276.942,98.712,85.916,1.7637183558239151,19.122794538210574,True,matched_groundtruth_centers,retrained_nematic_epoch_095,75,-0.4170953464265013,0.9044414574841662,-0.08953838268180936,12.883070945739748,12.883070945739746,26.111950972633927,training_consistent_log_reconstructed,124,nuclei_movie2_frozen_centers,movie2:component:90,1,0.5,-5.051663010782395,-0.2824016610755482,-0.6139406318892063,0.7893522030852148,0.0,11.40175425099138,11.40175425099138
0.9772254427020552,0.9772254427020517,20,0.5,5.23008078659715,True,movie2:5:20,0.0,5.0,309.0,81.0,109.0,0.0,5.0,282.426,74.034,99.626,0.6060752868652344,6.311144731338672,True,matched_groundtruth_centers,retrained_nematic_epoch_095,76,0.6311412392538246,0.7741491112857657,0.04851690023698715,15.329925537109377,15.329925537109375,164.6515652394502,training_consistent_log_reconstructed,124,nuclei_movie2_frozen_centers,movie2:component:91,1,0.5,-1.0810639447415218,0.3711501558368173,0.627059713616264,0.7664063166421002,0.13934659439892272,14.352700094407322,14.352700094407323
1.539846798505426,1.539846798505426,4,0.5,4.539985647922752,True,movie2:6:4,0.0,6.0,108.0,169.0,52.0,0.0,6.0,98.712,154.466,47.528,1.0353569610156388,1.8676063197849,True,matched_groundtruth_centers,retrained_nematic_epoch_095,77,-0.46066686834531645,-0.3267059067093461,0.8252571035320707,14.267768859863281,14.267768859863281,115.40565456902117,training_consistent_log_reconstructed,124,nuclei_movie2_frozen_centers,movie2:component:92,1,0.5,2.6723793281378514,0.5044898374897873,0.3928371086724435,0.3142696815290108,-0.8642416174435995,12.727922061357855,12.727922061357855
4.467617126179029,4.467617126179025,3,0.0,4.540989439838133,True,movie2:6:3,0.0,6.0,158.0,67.0,115.0,0.0,6.0,144.412,61.238,105.11,6.572781803349407,4.317147859228932,True,matched_groundtruth_centers,retrained_nematic_epoch_095,78,0.45966655055660444,-0.4448873584834665,0.7686233801810847,12.678811073303223,12.678811073303223,51.949535144311454,training_consistent_log_reconstructed,124,nuclei_movie2_frozen_centers,movie2:component:93,1,0.0,0.2238415806092009,-2.1051646771703822,-0.40824829046386296,0.40824829046386296,-0.8164965809277259,17.14642819948225,17.146428199482248
2.90958693240435,2.909586932404352,0,0.7071067811865476,27.64991402186519,True,movie2:6:0,0.0,6.0,188.0,117.0,39.0,0.0,6.0,171.832,106.938,35.646,4.114819218617672,10.013612679945687,True,matched_groundtruth_centers,retrained_nematic_epoch_095,79,0.3695640591661736,0.45732015019919925,0.8088761873082944,14.382029533386232,14.38202953338623,100.83230599944827,training_consistent_log_reconstructed,124,nuclei_movie2_frozen_centers,movie2:component:94,1,0.7071067811865476,17.636301341919502,-1.2052322862133202,0.17349448947429322,0.05783149649143107,0.9831353824044865,17.291616465790582,17.291616465790582
1.0260505658200705,1.0260505658200714,8,0.5,6.775544096875657,True,movie2:6:8,0.0,6.0,190.0,148.0,97.0,0.0,6.0,173.66,135.272,88.658,0.7793054764939313,4.308654261721568,True,matched_groundtruth_centers,retrained_nematic_epoch_095,80,0.9960757579877731,-0.04915285964146753,0.07360082022742093,8.097118377685547,8.097118377685547,17.772695510054945,training_consistent_log_reconstructed,124,nuclei_movie2_frozen_centers,movie2:component:95,1,0.5,2.466889835154089,0.24674508932614003,-0.9899494942587161,0.1414213520544613,0.0,7.071067811865476,7.0710678118654755
0.3521031554948344,0.3521031554948344,1,0.5,4.893077899902975,True,movie2:6:1,0.0,6.0,211.0,65.0,88.0,0.0,6.0,192.854,59.410000000000004,80.432,0.8364172724476795,6.431860421175685,True,matched_groundtruth_centers,retrained_nematic_epoch_095,81,0.9451188151823637,0.3267238427062533,0.0013984976026195134,9.49675464630127,9.49675464630127,173.5762955761973,training_consistent_log_reconstructed,124,nuclei_movie2_frozen_centers,movie2:component:96,1,0.5,-1.5387825212727098,-0.4843141169528451,0.9138115486202573,0.4061384660534476,0.0,9.848857801796104,9.848857801796104
0.06889706941890061,0.06889706941889884,6,0.7071067811865476,10.048868211995796,True,movie2:6:6,0.0,6.0,211.0,98.0,57.0,0.0,6.0,192.854,89.572,52.098,0.22578200712014684,10.381646397043221,True,matched_groundtruth_centers,retrained_nematic_epoch_095,82,0.008716218776539539,0.7964554137706376,-0.6046344361725373,12.30041980743408,12.300419807434082,46.2913699435245,training_consistent_log_reconstructed,124,nuclei_movie2_frozen_centers,movie2:component:97,1,0.7071067811865476,-0.3327781850474256,-0.156884937701248,-0.16169041669088866,0.8084520834544433,-0.5659164584181103,12.36931687685298,12.36931687685298
1.8230388213935296,1.8230388213935314,2,0.7071067811865476,3.5797942464547368,True,movie2:6:2,0.0,6.0,221.0,139.0,137.0,0.0,6.0,201.994,127.046,125.218,1.7698851349100124,8.605385691203775,True,matched_groundtruth_centers,retrained_nematic_epoch_095,83,-0.5364892589636099,0.6392446166930068,-0.5509497209779559,14.940015792846681,14.94001579284668,60.797413363790824,training_consistent_log_reconstructed,124,nuclei_movie2_frozen_centers,movie2:component:98,1,0.7071067811865476,-5.025591444749038,0.053153686483518925,-0.5368950070025345,0.5965499775608698,-0.5965499775608698,16.76305461424021,16.76305461424021
1.3506053566699467,1.3506053566699467,9,0.8660254037844386,2.695984033179439,True,movie2:6:9,0.0,6.0,227.0,184.0,148.0,0.0,6.0,207.478,168.17600000000002,135.272,1.4955978089666946,4.232389445181337,True,matched_groundtruth_centers,retrained_nematic_epoch_095,84,0.9372525936300403,0.057859216826954635,-0.343816647011069,11.687799453735352,11.687799453735352,139.2500412143991,training_consistent_log_reconstructed,124,nuclei_movie2_frozen_centers,movie2:component:99,1,0.8660254037844386,-1.5364054120018977,-0.14499245229674784,0.9203579821144976,0.07669650006523042,-0.38348250499321895,13.038404810405298,13.038404810405298
0.17694361841575024,0.17694361841574846,7,0.5,9.728184420189322,True,movie2:6:7,0.0,6.0,270.0,114.0,65.0,0.0,6.0,246.78,104.196,59.410000000000004,0.3893683243616728,10.723971506697435,True,matched_groundtruth_centers,retrained_nematic_epoch_095,85,-0.365885265815815,-0.576013406507088,0.7309832609458239,15.765400886535646,15.765400886535645,144.27522979913434,training_consistent_log_reconstructed,124,nuclei_movie2_frozen_centers,movie2:component:100,1,0.5,-0.9957870865081127,-0.21242470594592433,0.32075014891844916,0.4490502033719513,-0.8339503923018454,15.588457268119896,15.588457268119896
3.5547226739627966,3.5547226739627966,8,0.7071067811865476,11.449550065053138,True,movie2:7:8,0.0,7.0,38.0,124.0,142.0,0.0,7.0,34.732,113.336,129.788,4.7789932654074825,13.9762779628557,True,matched_groundtruth_centers,retrained_nematic_epoch_095,86,0.35258874133421025,-0.21620681318979093,0.9104591113359635,12.967988967895508,12.967988967895508,64.5010340661983,training_consistent_log_reconstructed,124,nuclei_movie2_frozen_centers,movie2:component:102,1,0.7071067811865476,-2.5267278978025622,-1.2242705914446859,-0.24209101306752098,0.060522753266880246,-0.9683640522700839,16.522711641858304,16.522711641858304
2.7091012920440356,2.7091012920440356,3,0.5,25.991486934751457,True,movie2:7:3,0.0,7.0,43.0,99.0,83.0,0.0,7.0,39.302,90.486,75.86200000000001,3.3054032691386848,26.85503016199443,True,matched_groundtruth_centers,retrained_nematic_epoch_095,87,0.22783514299401159,0.8558183706676928,0.4643986046970789,10.136131286621094,10.136131286621094,114.85374817787951,training_consistent_log_reconstructed,124,nuclei_movie2_frozen_centers,movie2:component:103,1,0.5,-0.8635432272429746,-0.5963019770946492,0.3113995819740959,0.5449492430594776,0.7784989549352399,12.84523257866513,12.84523257866513
0.9425433051913856,0.9425433051913856,0,2.598076211353316,12.963237212439818,True,movie2:7:0,0.0,7.5,87.0,203.5,59.5,0.0,7.5,79.518,185.999,54.383,2.4760000123759056,26.836488918163784,True,matched_groundtruth_centers,retrained_nematic_epoch_095,88,-0.35807804520854364,-0.13107183334000072,0.9244459357066368,12.511080741882324,12.511080741882324,69.68288362877811,training_consistent_log_reconstructed,124,nuclei_movie2_frozen_centers,movie2:component:105,1,2.598076211353316,-13.873251705723966,-1.53345670718452,-0.4459764878451222,0.0743294117200442,0.8919529756902445,13.45362404707371,13.45362404707371
0.07261929930521305,0.07261929930521127,13,0.5,5.313063498111293,True,movie2:7:13,0.0,7.0,94.0,213.0,131.0,0.0,7.0,85.916,194.68200000000002,119.73400000000001,1.121515833298929,6.4361966910851445,True,matched_groundtruth_centers,retrained_nematic_epoch_095,89,0.9102762870933564,-0.08432139722020367,-0.4053233069123535,10.84294891357422,10.842948913574219,51.03110610559838,training_consistent_log_reconstructed,124,nuclei_movie2_frozen_centers,movie2:component:106,1,0.5,-1.1231331929738513,-1.0488965339937177,-0.928476692978359,0.0,0.37139067112135454,10.770329614269007,10.770329614269007
2.0159336122611773,2.0159336122611755,4,0.5,2.1729077244986765,True,movie2:7:4,0.0,7.0,115.0,71.0,96.0,0.0,7.0,105.11,64.894,87.744,2.094839422822922,12.232297308081318,True,matched_groundtruth_centers,retrained_nematic_epoch_095,90,0.6572906258662835,0.5291609529908543,0.5366169201377461,10.71198844909668,10.71198844909668,179.64100441185002,training_consistent_log_reconstructed,124,nuclei_movie2_frozen_centers,movie2:component:107,1,0.5,-10.059389583582641,-0.07890581056174639,0.6285393789831681,0.5499719306780362,0.5499719306780362,12.727922061357857,12.727922061357855
0.47066789850982005,0.4706678985098165,10,0.5,5.266709253648092,True,movie2:7:10,0.0,7.0,115.0,245.0,66.0,0.0,7.0,105.11,223.93,60.324000000000005,1.6277987204595945,2.1194726937888677,True,matched_groundtruth_centers,retrained_nematic_epoch_095,91,0.9902134083327542,-0.12012441351706209,-0.07104597972589505,15.560551643371582,15.560551643371582,73.44973537842698,training_consistent_log_reconstructed,124,nuclei_movie2_frozen_centers,movie2:component:108,1,0.5,3.1472365598592247,-1.157130821949778,-0.9980525784828885,0.06237828615518053,0.0,16.031219541881402,16.0312195418814
2.1468583955546183,2.1468583955546165,7,0.7071067811865476,5.489530431369599,True,movie2:7:7,0.0,7.0,141.0,201.0,109.0,0.0,7.0,128.874,183.714,99.626,4.674063341396252,5.337689193551887,True,matched_groundtruth_centers,retrained_nematic_epoch_095,92,-0.637802710602147,0.6807446389226975,-0.3602699528500261,13.632875442504883,13.632875442504883,65.48244262489662,training_consistent_log_reconstructed,124,nuclei_movie2_frozen_centers,movie2:component:109,1,0.7071067811865476,0.1518412378177123,-2.5272049458416355,-0.6337242523784553,0.6337242523784553,-0.4436069700700564,15.779733838059501,15.7797338380595
0.045202041372343515,0.04520204137234529,1,0.7071067811865476,1.6902085578279762,True,movie2:7:1,0.0,7.0,156.0,101.0,75.0,0.0,7.0,142.584,92.31400000000001,68.55,0.21204184073648236,0.8752682581125346,True,matched_groundtruth_centers,retrained_nematic_epoch_095,93,-0.6694169409383407,0.7424502760242768,-0.02546658234292758,10.584943771362306,10.584943771362305,23.040756723986213,training_consistent_log_reconstructed,124,nuclei_movie2_frozen_centers,movie2:component:111,1,0.7071067811865476,0.8149402997154416,-0.16683979936413706,-0.6585046264041882,0.7525766784881661,0.0,10.63014581273465,10.63014581273465
1.6510757477222402,1.651075747722242,14,0.5,6.305162820541111,True,movie2:7:14,0.0,7.0,162.0,89.0,134.0,0.0,7.0,148.068,81.346,122.476,1.8748404678512642,4.349545859593069,True,matched_groundtruth_centers,retrained_nematic_epoch_095,94,0.03680419258309293,0.09305624815371252,0.9949803948258785,13.514675140380861,13.51467514038086,110.88980565105963,training_consistent_log_reconstructed,124,nuclei_movie2_frozen_centers,movie2:component:112,1,0.5,1.955616960948042,-0.22376472012902227,-0.06593804833795398,0.13187609667590797,0.9890707097608887,15.165750888103101,15.165750888103101
2.3043562301912086,2.3043562301912104,6,0.5,20.93457826280133,True,movie2:7:6,0.0,7.0,199.0,114.0,88.0,0.0,7.0,181.886,104.196,80.432,2.76917330847229,20.081770430881534,True,matched_groundtruth_centers,retrained_nematic_epoch_095,95,0.5174053033507601,0.6254014870503031,-0.5840930850984093,14.900294303894045,14.900294303894043,147.08479704974172,training_consistent_log_reconstructed,124,nuclei_movie2_frozen_centers,movie2:component:113,1,0.5,0.8528078319197974,-0.46481707828107943,0.46499055497527725,0.34874291623145787,-0.813733471206735,17.204650534085253,17.204650534085253
1.69445901949722,1.69445901949722,11,0.5,4.890391247465197,True,movie2:7:11,0.0,7.0,222.0,210.0,101.0,0.0,7.0,202.90800000000002,191.94,92.31400000000001,0.19928287965627334,6.263916255306435,True,matched_groundtruth_centers,retrained_nematic_epoch_095,96,0.8158478791731911,0.3442249222912256,-0.46465195676140847,16.39139747619629,16.39139747619629,142.74777584819364,training_consistent_log_reconstructed,124,nuclei_movie2_frozen_centers,movie2:component:114,1,0.5,-1.3735250078412378,1.4951761398409467,0.816496580927726,0.408248290463863,-0.408248290463863,14.696938456699069,14.696938456699069
2.1038787177707583,2.1038787177707547,2,0.7071067811865476,5.426541850306995,True,movie2:7:2,0.0,7.0,226.0,85.0,74.0,0.0,7.0,206.56400000000002,77.69,67.636,4.5985267584732945,8.324564663122217,True,matched_groundtruth_centers,retrained_nematic_epoch_095,97,-0.09602572878179905,0.9497947390340349,-0.2977734258042415,16.362306594848633,16.362306594848633,29.30658519859496,training_consistent_log_reconstructed,124,nuclei_movie2_frozen_centers,movie2:component:115,1,0.7071067811865476,-2.8980228128152223,-2.4946480407025398,-0.05415303448224121,0.9747546514678492,-0.21661213792896483,18.46618531261939,18.466185312619388
0.7100977660211214,0.7100977660211214,9,0.7071067811865476,2.080633423022217,True,movie2:7:9,0.0,7.0,265.0,227.0,145.0,0.0,7.0,242.21,207.478,132.53,0.5695288709969475,1.7936415969080826,True,matched_groundtruth_centers,retrained_nematic_epoch_095,98,0.9288582289545929,0.05196146351157538,0.36677294994733767,15.609762191772461,15.609762191772461,105.97025599303328,training_consistent_log_reconstructed,124,nuclei_movie2_frozen_centers,movie2:component:116,1,0.7071067811865476,0.28699182611413443,0.1405688950241739,0.9396184802452081,0.06711560496608929,0.3355780194704674,14.89966442575134,14.89966442575134
2.9799808391181113,2.979980839118113,5,0.8660254037844386,5.4281987284001785,True,movie2:7:5,0.0,7.0,285.0,191.0,114.0,0.0,7.0,260.49,174.574,104.196,4.438221763544455,16.48415989737779,True,matched_groundtruth_centers,retrained_nematic_epoch_095,99,0.41669011420985796,0.1706971755248373,0.8928783920487819,13.26809597015381,13.268095970153809,123.66519010195988,training_consistent_log_reconstructed,124,nuclei_movie2_frozen_centers,movie2:component:117,1,0.8660254037844386,-11.05596116897761,-1.4582409244263417,0.49236596078033584,0.12309149019508396,0.8616404387599333,16.24807680927192,16.24807680927192
0.5379442018186147,0.5379442018186147,12,0.5,11.228906754188657,True,movie2:7:12,0.0,7.0,326.0,182.0,102.0,0.0,7.0,297.964,166.348,93.22800000000001,1.0566938761590858,9.573751045022723,True,matched_groundtruth_centers,retrained_nematic_epoch_095,100,-0.1874904060811946,0.3600755266205021,0.9138889225482913,8.948888778686523,8.948888778686523,105.04736194002336,training_consistent_log_reconstructed,124,nuclei_movie2_frozen_centers,movie2:component:118,1,0.5,1.6551557091659337,-0.5187496743404711,0.0,0.3162277533727837,0.9486833022651984,9.486832980505138,9.486832980505138
2.9526729583740217,2.9526729583740234,1,0.0,8.05407670161944,True,movie2:8:1,0.0,8.0,81.0,84.0,98.0,0.0,8.0,74.034,76.776,89.572,3.8948497772216797,7.178402480293843,True,matched_groundtruth_centers,retrained_nematic_epoch_095,101,0.12684348515107083,0.9901362738329588,0.05950537383223515,12.047327041625978,12.047327041625977,59.61541917449276,training_consistent_log_reconstructed,124,nuclei_movie2_frozen_centers,movie2:component:119,1,0.0,0.875674221325597,-0.9421768188476562,0.0,1.0,0.0,15.0,15.0
0.007476996924767221,0.007476996924767221,7,0.5,27.53113947381427,True,movie2:8:7,0.0,8.0,131.0,249.0,124.0,0.0,8.0,119.73400000000001,227.586,113.336,0.03714046732214449,24.089192391847853,True,matched_groundtruth_centers,retrained_nematic_epoch_095,102,0.7028496066425879,-0.5485755793115852,0.4528435317251626,9.426504135131836,9.426504135131836,61.66528968876449,training_consistent_log_reconstructed,124,nuclei_movie2_frozen_centers,movie2:component:120,1,0.5,3.4419470819664184,-0.029663470397377267,-0.8479983144557922,0.5299989232820528,0.0,9.433981132056603,9.433981132056603
1.8099016722357888,1.8099016722357906,8,0.0,30.453914012648443,True,movie2:8:8,0.0,8.0,144.0,121.0,64.0,0.0,8.0,131.616,110.59400000000001,58.496,1.7239179031102019,25.753057891625875,True,matched_groundtruth_centers,retrained_nematic_epoch_095,103,0.5549455901909607,0.7809752236751502,-0.28655382030808024,11.266795158386232,11.26679515838623,178.265680013059,training_consistent_log_reconstructed,124,nuclei_movie2_frozen_centers,movie2:component:121,1,0.0,4.700856121022568,0.0859837691255887,0.2294157187086949,0.688247204138663,-0.688247204138663,13.076696830622021,13.076696830622021
2.5372836383123314,2.5372836383123314,6,0.7071067811865476,2.272200262340026,True,movie2:8:6,0.0,8.0,166.0,83.0,85.0,0.0,8.0,151.72400000000002,75.86200000000001,77.69,2.1591999305612006,3.7646532144048446,True,matched_groundtruth_centers,retrained_nematic_epoch_095,104,0.7851590586260163,-0.34825522940178766,-0.5120972054715942,13.083215713500977,13.083215713500977,53.121902747239716,training_consistent_log_reconstructed,124,nuclei_movie2_frozen_centers,movie2:component:122,1,0.7071067811865476,-1.4924529520648186,0.37808370775113076,-0.7682212837541549,0.38411064187707744,0.5121475119376231,15.620499351813308,15.620499351813308
1.119401839054344,1.1194018390543459,0,0.5,6.419718779578948,True,movie2:8:0,0.0,8.0,190.0,169.0,44.0,0.0,8.0,173.66,154.466,40.216,1.62689310297759,5.24847007849508,True,matched_groundtruth_centers,retrained_nematic_epoch_095,105,0.8152992530086389,-0.3079269152019672,-0.49037551217180075,13.746666908264162,13.74666690826416,36.66391493802747,training_consistent_log_reconstructed,124,nuclei_movie2_frozen_centers,movie2:component:123,1,0.5,1.1712487010838677,-0.5074912639232441,-0.8744746321952062,0.26906911049452037,0.40360368113379047,14.866068747318506,14.866068747318506
1.5268739451270559,1.526873945127054,4,0.7071067811865476,5.439244475265151,True,movie2:8:4,0.0,8.0,258.0,157.0,52.0,0.0,8.0,235.812,143.49800000000002,47.528,0.7399544467526908,5.898177336478277,True,matched_groundtruth_centers,retrained_nematic_epoch_095,106,-0.3637955787688116,-0.3411441291920215,0.8667603244185111,11.324832916259767,11.324832916259766,117.51114279703245,training_consistent_log_reconstructed,124,nuclei_movie2_frozen_centers,movie2:component:124,1,0.7071067811865476,-0.4589328612131256,0.7869194983743633,0.408248290463863,0.408248290463863,-0.816496580927726,9.797958971132712,9.797958971132712
1.0253484046458503,1.0253484046458485,5,0.7071067811865476,39.39844680466587,True,movie2:8:5,0.0,8.0,262.0,56.0,77.0,0.0,8.0,239.46800000000002,51.184000000000005,70.378,0.8812338072145884,39.40820104259992,True,matched_groundtruth_centers,retrained_nematic_epoch_095,107,0.8031486049290213,0.05906556593305369,0.5928436364856882,9.56935214996338,9.569352149963379,164.69949740511564,training_consistent_log_reconstructed,124,nuclei_movie2_frozen_centers,movie2:component:125,1,0.7071067811865476,-0.009754237934046728,0.1441145974312601,0.9363291810011709,0.3511234324360547,0.0,8.54400374531753,8.54400374531753
2.2072979604116583,2.2072979604116583,2,0.8660254037844386,23.2152064475202,True,movie2:8:2,0.0,8.0,312.0,80.0,137.0,0.0,8.0,285.168,73.12,125.218,1.35751457581393,29.567433676623406,True,matched_groundtruth_centers,retrained_nematic_epoch_095,108,0.5807551458174588,0.7876258397716578,-0.20583730743121595,11.721090316772463,11.721090316772461,179.91634020167476,training_consistent_log_reconstructed,124,nuclei_movie2_frozen_centers,movie2:component:126,1,0.8660254037844386,-6.352227229103207,0.8497833845977283,0.5025707156529163,0.6461623572335301,-0.574366506563991,13.928388277184121,13.92838827718412
0.5402643797823572,0.5402643797823572,14,0.5,7.981327821508419,True,movie2:9:14,0.0,9.0,43.0,147.0,92.0,0.0,9.0,39.302,134.358,84.08800000000001,0.054256121722824346,6.850687437062282,True,matched_groundtruth_centers,retrained_nematic_epoch_095,109,-0.31898588785705045,-0.35095043587988733,0.8803872982408175,13.881928443908693,13.881928443908691,95.53710878675726,training_consistent_log_reconstructed,124,nuclei_movie2_frozen_centers,movie2:component:127,1,0.5,1.1306403844461368,0.48600825805953285,0.3747658521338962,0.22485950595013435,-0.8994380238005374,13.341664064126336,13.341664064126334
1.3114745928221403,1.3114745928221403,17,0.5,21.542298858177887,True,movie2:9:17,0.0,9.0,69.0,135.0,124.0,0.0,9.0,63.066,123.39,113.336,0.05586539930878054,20.79403311249495,True,matched_groundtruth_centers,retrained_nematic_epoch_095,110,0.8699796092524943,0.44737067028213917,-0.20735226754532243,10.93597412109375,10.93597412109375,174.31623836627972,training_consistent_log_reconstructed,124,nuclei_movie2_frozen_centers,movie2:component:128,1,0.5,0.7482657456829358,1.2556091935133598,0.8981462407813201,0.4082482882628362,0.1632993120035943,12.24744871391589,12.24744871391589
0.5583823526986915,0.5583823526986933,3,0.8660254037844386,15.26736921703765,True,movie2:9:3,0.0,9.0,116.0,118.0,59.0,0.0,9.0,106.024,107.852,53.926,1.1489789926064802,23.041725331545567,True,matched_groundtruth_centers,retrained_nematic_epoch_095,111,0.9186482540625682,-0.19634720448612006,-0.34283109631169817,14.486770629882812,14.486770629882812,88.74424373263156,training_consistent_log_reconstructed,124,nuclei_movie2_frozen_centers,movie2:component:129,1,0.8660254037844386,-7.774356114507917,-0.5905966399077869,-0.7897539804068481,0.21538744490584064,0.5743665197489083,13.928388277184121,13.92838827718412
1.337000408332612,1.337000408332612,1,0.0,7.132627676680702,True,movie2:9:1,0.0,9.0,140.0,143.0,44.0,0.0,9.0,127.96000000000001,130.702,40.216,1.6806201093440016,11.207751043520235,True,matched_groundtruth_centers,retrained_nematic_epoch_095,112,0.6680595700219059,-0.2431686576816509,0.7032534499193377,12.264470100402832,12.264470100402832,74.65470034758893,training_consistent_log_reconstructed,124,nuclei_movie2_frozen_centers,movie2:component:131,1,0.0,-4.075123366839533,-0.3436197010113897,-0.7352146376591716,0.14704292753183434,-0.6616931418977839,13.601470508735444,13.601470508735444
1.1970543838120449,1.1970543838120467,10,0.5,5.676451307069799,True,movie2:9:10,0.0,9.0,172.0,164.0,116.0,0.0,9.0,157.208,149.89600000000002,106.024,2.990968884446218,6.83734189489119,True,matched_groundtruth_centers,retrained_nematic_epoch_095,113,-0.1994841605934857,-0.4230703745526482,0.883865107269313,12.838614463806154,12.838614463806152,112.96430158806164,training_consistent_log_reconstructed,124,nuclei_movie2_frozen_centers,movie2:component:132,1,0.5,-1.1608905878213909,-1.7939145006341715,0.1424940999758193,0.49872934991536755,-0.8549645998549158,14.035668847618199,14.035668847618199
1.8886889020855442,1.888688902085546,0,0.8660254037844386,12.69431547094906,True,movie2:9:0,0.0,9.0,197.0,120.0,56.0,0.0,9.0,180.058,109.68,51.184000000000005,1.240059288675809,15.737004392548734,True,matched_groundtruth_centers,retrained_nematic_epoch_095,114,-0.6124698897116293,0.7774451117704156,-0.1430375208849431,12.46401119232178,12.464011192321777,23.226353759408724,training_consistent_log_reconstructed,124,nuclei_movie2_frozen_centers,movie2:component:133,1,0.8660254037844386,-3.042688921599673,0.6486296134097369,-0.6270597289021522,0.6967330027430362,-0.3483665013715181,14.352700094407323,14.352700094407323
0.8766625249093423,0.8766625249093423,8,0.5,13.266522513900224,True,movie2:9:8,0.0,9.0,205.0,184.0,135.0,0.0,9.0,187.37,168.17600000000002,123.39,0.15660670839639934,14.498985115826326,True,matched_groundtruth_centers,retrained_nematic_epoch_095,115,0.8270252877089475,-0.38231580907334906,0.4121453573953287,12.666488647460938,12.666488647460938,109.28092804135088,training_consistent_log_reconstructed,124,nuclei_movie2_frozen_centers,movie2:component:134,1,0.5,-1.2324626019261018,0.7200558165129429,-0.7633700313460261,0.2544566718255071,-0.5937322607086912,11.789826122551595,11.789826122551595
1.8820528601000053,1.8820528601000053,11,0.5,8.380389579472409,True,movie2:9:11,0.0,9.0,229.0,104.0,152.0,0.0,9.0,209.306,95.056,138.928,0.3400869309372414,9.994880563891304,True,matched_groundtruth_centers,retrained_nematic_epoch_095,116,-0.07908939565316944,0.9815750294017941,-0.17394059086390207,15.483523368835451,15.48352336883545,29.277470748146975,training_consistent_log_reconstructed,124,nuclei_movie2_frozen_centers,movie2:component:135,1,0.5,-1.6144909844188948,1.5419659291627639,0.0,0.9557790073550252,-0.29408585328002873,13.601470508735446,13.601470508735444
2.4830452643438736,2.483045264343872,12,0.7071067811865476,4.047840237328392,True,movie2:9:12,0.0,9.0,239.0,221.0,45.0,0.0,9.0,218.446,201.994,41.13,3.3057260724961104,5.533275802062481,True,matched_groundtruth_centers,retrained_nematic_epoch_095,117,0.9920553836824682,0.12578847184756506,-0.001837404932241625,15.544711112976076,15.544711112976074,123.45587034950742,training_consistent_log_reconstructed,124,nuclei_movie2_frozen_centers,movie2:component:136,1,0.7071067811865476,-1.4854355647340887,-0.8226808081522385,0.9984603530504905,0.05547002241111499,0.0,18.02775637731995,18.027756377319946
0.9169077572966682,0.9169077572966682,13,0.5,9.508374066330633,True,movie2:9:13,0.0,9.0,241.0,232.0,74.0,0.0,9.0,220.274,212.048,67.636,1.5855207443237305,1.694998684508971,True,matched_groundtruth_centers,retrained_nematic_epoch_095,118,0.5480737827542974,0.5797453143614509,0.6029183187906448,9.032966613769531,9.032966613769531,169.17824912968553,training_consistent_log_reconstructed,124,nuclei_movie2_frozen_centers,movie2:component:137,1,0.5,7.813375381821662,-0.6686129870270623,0.502518907629606,0.7035264706814485,0.502518907629606,9.9498743710662,9.9498743710662
1.0990169653539592,1.0990169653539574,16,0.5,2.28752198079039,True,movie2:9:16,0.0,9.0,243.0,49.0,116.0,0.0,9.0,222.102,44.786,106.024,0.9147489676122582,2.4465009670397055,True,matched_groundtruth_centers,retrained_nematic_epoch_095,119,0.675954361877287,0.3979404454507236,-0.6202653484868792,11.270299911499022,11.270299911499023,169.55046721657664,training_consistent_log_reconstructed,124,nuclei_movie2_frozen_centers,movie2:component:138,1,0.5,-0.1589789862493154,0.18426799774169922,0.6467616644461078,0.4042260491430513,-0.6467616644461078,12.36931687685298,12.36931687685298
0.9364455971963714,0.9364455971963714,2,0.0,6.638484355959899,True,movie2:9:2,0.0,9.0,250.0,115.0,62.0,0.0,9.0,228.5,105.11,56.668,1.5596084594726562,8.407065006382,True,matched_groundtruth_centers,retrained_nematic_epoch_095,120,0.8402550224344805,0.42468368137457524,-0.3370686399648727,15.856410026550293,15.856410026550293,138.44528303896269,training_consistent_log_reconstructed,124,nuclei_movie2_frozen_centers,movie2:component:139,1,0.0,-1.768580650422101,-0.6231628622762848,0.7741387441769642,0.4763930528741819,-0.41684393235038203,16.792855623746664,16.792855623746664
0.7695589808217047,0.7695589808217029,15,0.7071067811865476,6.938559426543781,True,movie2:9:15,0.0,9.0,264.0,72.0,132.0,0.0,9.0,241.29600000000002,65.808,120.64800000000001,0.5799933755815392,8.651562587548115,True,matched_groundtruth_centers,retrained_nematic_epoch_095,121,-0.3643739866078509,-0.621983853169929,0.6930856255033644,10.410780906677246,10.410780906677246,154.86917302550276,training_consistent_log_reconstructed,124,nuclei_movie2_frozen_centers,movie2:component:141,1,0.7071067811865476,-1.713003161004334,0.18956560524016375,0.4472135954999579,0.5366563145999494,-0.7155417527999327,11.18033988749895,11.180339887498949
2.149187420541111,2.1491874205411126,9,0.8660254037844386,2.6831469476077685,True,movie2:9:9,0.0,9.0,301.0,168.0,141.0,0.0,9.0,275.11400000000003,153.552,128.874,2.7322709471782343,3.7573011882476837,True,matched_groundtruth_centers,retrained_nematic_epoch_095,122,0.5222870689259315,-0.04134232777851723,0.8517670042720678,11.743256568908693,11.743256568908691,47.290287559819156,training_consistent_log_reconstructed,124,nuclei_movie2_frozen_centers,movie2:component:143,1,0.8660254037844386,-1.0741542406399152,-0.5830835266371217,-0.5038710212502906,0.0,-0.8637789033914809,13.892443989449804,13.892443989449804
0.09058474096455882,0.09058474096455882,7,0.7071067811865476,2.9964160287713475,True,movie2:9:7,0.0,9.0,317.0,147.0,88.0,0.0,9.0,289.738,134.358,80.432,1.616039888637463,9.511577980497952,True,matched_groundtruth_centers,retrained_nematic_epoch_095,123,0.11282383297908649,0.9780007433739702,-0.17545748394374333,16.40009117126465,16.40009117126465,38.62699365889876,training_consistent_log_reconstructed,124,nuclei_movie2_frozen_centers,movie2:component:144,1,0.7071067811865476,-6.515161951726604,-1.5254551476729041,0.06131393400982399,0.9810229441571838,-0.18394179659177579,16.30950643030009,16.30950643030009
1.009286358990206,1.009286358990206,13,2.0615528128088303,3.166338807880801,True,movie2:2:13,0.0,2.0,27.0,154.0,67.0,0.0,2.0,24.678,140.756,61.238,2.585542968318201,7.8864461570066755,True,predicted_centers,retrained_nematic_epoch_095,0,0.8142005521258124,0.11286742049895679,-0.569507160892586,16.90718650817871,16.90718650817871,137.0395092523008,training_consistent_log_reconstructed,124,nuclei_movie2_frozen_centers,movie2:component:0,1,0.5,-4.7201073491258745,-1.576256609327995,0.7814038044302498,0.1116291116991269,-0.6139601256133788,17.916472867168917,17.916472867168917
2.1117077862536995,2.1117077862536995,8,2.5,11.67447868420341,True,movie2:2:8,0.0,2.0,44.0,200.0,121.0,0.0,2.0,40.216,182.8,110.59400000000001,2.557929585585722,21.90720016268414,True,predicted_centers,retrained_nematic_epoch_095,1,0.9666887945803849,0.2543353417579482,0.02874557993135884,14.289511680603027,14.289511680603027,131.69620129735344,training_consistent_log_reconstructed,124,nuclei_movie2_frozen_centers,movie2:component:1,1,0.5,-10.232721478480732,-0.44622179933202233,0.9755372158568809,0.12194215198211011,0.1829132363941367,16.401219466856727,16.401219466856727
0.14180067780771566,0.14180067780771566,18,1.224744871391589,11.949515297085403,True,movie2:2:18,0.0,2.0,51.0,117.0,114.0,0.0,2.0,46.614000000000004,106.938,104.196,0.6909809162158815,9.460082131938996,True,predicted_centers,retrained_nematic_epoch_095,2,0.6751302601821052,-0.2979648256606143,0.6748452374103878,9.131817817687988,9.131817817687988,53.06378666876955,training_consistent_log_reconstructed,124,nuclei_movie2_frozen_centers,movie2:component:2,1,0.7071067811865476,2.489433165146407,-0.5491802384081659,-0.646996644757806,0.10783277138953609,-0.7548294079370473,9.273618495495704,9.273618495495704
1.8368565423382748,1.8368565423382748,0,2.0615528128088303,1.0299787503937812,True,movie2:2:0,0.0,2.0,79.0,141.0,45.0,0.0,2.0,72.206,128.874,41.13,1.1809377610153664,4.764479883823815,True,predicted_centers,retrained_nematic_epoch_095,3,-0.2195767119199545,0.915984816510829,-0.33579440660029547,16.08466339111328,16.08466339111328,5.301761937237865,training_consistent_log_reconstructed,124,nuclei_movie2_frozen_centers,movie2:component:3,1,0.5,-3.7345011334300335,0.6559187813229084,-0.21055871529851447,0.9124211315489575,-0.3509311985486031,14.247806848775006,14.247806848775006
0.6163353024501657,0.6163353024501657,4,1.0,1.7702213988399746,True,movie2:2:4,0.0,2.0,98.0,132.0,85.0,0.0,2.0,89.572,120.64800000000001,77.69,1.0816211838955088,1.634719420886403,True,predicted_centers,retrained_nematic_epoch_095,4,0.5538757023113892,-0.13542478421320964,0.8215119197004209,12.574570655822756,12.574570655822754,64.25330411429441,training_consistent_log_reconstructed,124,nuclei_movie2_frozen_centers,movie2:component:4,1,0.0,0.13550197795357155,-0.4652858814453431,-0.5306686455805337,0.1516196130230096,-0.8339078375602874,13.190905958272921,13.19090595827292
0.06298160552978516,0.06298160552978516,2,2.1213203435596424,4.981330924181134,True,movie2:2:2,0.0,2.0,115.0,150.0,59.0,0.0,2.0,105.11,137.1,53.926,0.13680811029091622,3.4815651964173595,True,predicted_centers,retrained_nematic_epoch_095,5,0.8188372778903001,-0.5685887024135089,-0.07881877837752613,14.937018394470215,14.937018394470215,72.51337393814335,training_consistent_log_reconstructed,124,nuclei_movie2_frozen_centers,movie2:component:5,1,0.7071067811865476,1.4997657277637746,-0.07382650476113106,-0.8,0.6,0.0,15.0,15.0
4.0098079326208005,4.0098079326208005,9,12.278029157808675,50.099070717607276,True,movie2:2:9,0.0,4.0,122.0,224.0,98.0,0.0,4.0,111.50800000000001,204.73600000000002,89.572,1.285732761486301,89.83285229068565,True,predicted_centers,retrained_nematic_epoch_095,6,-0.36230422481869584,0.5494682880226864,0.7528746569887593,12.727605819702148,12.727605819702148,144.04991730170127,training_consistent_log_reconstructed,124,nuclei_movie2_frozen_centers,movie2:component:6,1,0.8660254037844386,-39.733781573078375,2.7240751711344995,0.6882472016116853,0.22941573387056174,-0.6882472016116853,8.717797887081348,8.717797887081348
1.8881428349719833,1.8881428349719833,3,3.6742346141747673,12.771588544763121,True,movie2:2:3,0.0,2.0,127.0,191.0,62.0,0.0,2.0,116.078,174.574,56.668,1.3172538591795622,14.546022064252771,True,predicted_centers,retrained_nematic_epoch_095,7,0.9136927479178436,-0.09404230268488153,0.3953752745279669,10.318412780761719,10.318412780761719,67.7051998326199,training_consistent_log_reconstructed,124,nuclei_movie2_frozen_centers,movie2:component:7,1,0.7071067811865476,-1.7744335194896497,0.5708889757924211,-0.8192319146469484,0.0,-0.5734623527520312,12.206555615733702,12.206555615733702
2.7766046182027218,2.7766046182027218,17,3.3166247903554,8.906252742409917,True,movie2:2:17,0.0,2.0,140.0,248.0,104.0,0.0,2.0,127.96000000000001,226.672,95.056,3.1293563878911073,13.241321965520443,True,predicted_centers,retrained_nematic_epoch_095,8,0.2687710465657278,-0.09789078956505824,0.9582168428107978,10.376341819763184,10.376341819763184,61.71120345157078,training_consistent_log_reconstructed,124,nuclei_movie2_frozen_centers,movie2:component:8,1,0.0,-4.335069223110526,-0.3527517696883855,-0.1520571842539411,0.0,-0.9883716976506172,13.152946437965905,13.152946437965905
0.8988132536941045,0.8988132536941063,1,3.9370039370059056,9.811733031936592,True,movie2:2:1,0.0,2.0,139.0,215.0,60.0,0.0,2.0,127.046,196.51000000000002,54.84,2.683042185085217,5.8746815219214055,True,predicted_centers,retrained_nematic_epoch_095,9,0.9954738986288233,-0.026559541747960595,-0.09124860487081085,14.62536144256592,14.625361442565918,71.77604869021447,training_consistent_log_reconstructed,124,nuclei_movie2_frozen_centers,movie2:component:9,1,0.7071067811865476,3.937051510015187,-1.7842289313911106,-0.9662349435922334,0.0,0.25766263559413044,15.524174696260024,15.524174696260024
0.7281280542972421,0.7281280542972421,14,2.8722813232690143,8.712186887949606,True,movie2:2:14,0.0,2.0,164.0,129.0,79.0,0.0,2.0,149.89600000000002,117.906,72.206,0.4621718037830185,5.198151865072771,True,predicted_centers,retrained_nematic_epoch_095,10,0.7177963891038355,0.274910975991307,0.6396814043482915,10.088525772094727,10.088525772094727,172.42649622841247,training_consistent_log_reconstructed,124,nuclei_movie2_frozen_centers,movie2:component:11,1,0.5,3.5140350228768353,0.26595625051422367,0.6471502443935288,0.18490006222462543,0.7396002488985017,10.816653826391969,10.816653826391969
1.0688556181729485,1.0688556181729485,19,2.692582403567252,10.408825787212718,True,movie2:2:19,0.0,2.0,165.0,147.0,138.0,0.0,2.0,150.81,134.358,126.132,2.4545335597662277,5.043738825343394,True,predicted_centers,retrained_nematic_epoch_095,11,0.6370683241555187,0.07622736848136731,0.7670289034007027,12.823588371276855,12.823588371276855,44.59689099530132,training_consistent_log_reconstructed,124,nuclei_movie2_frozen_centers,movie2:component:12,1,0.5,5.365086961869324,-1.3856779415932792,-0.5038710212502906,0.0,-0.8637789033914809,13.892443989449804,13.892443989449804
5.884253362423049,5.884253362423049,27,15.660459763365825,81.59119250013718,True,movie2:2:27,0.0,2.0,170.0,225.0,106.0,0.0,2.0,155.38,205.65,96.884,6.30259321594264,79.48866270692824,True,predicted_centers,retrained_nematic_epoch_095,12,-0.5336706212301185,-0.26833395184065995,0.8019928667547074,10.547423362731934,10.547423362731934,151.04620904709967,training_consistent_log_reconstructed,124,nuclei_movie2_frozen_centers,movie2:component:13,1,0.5,2.1025297932089444,-0.4183398535195906,0.42600642588869525,0.608580616359611,0.669438689121637,16.431676725154983,16.431676725154983
0.32425034356867855,0.32425034356867855,21,2.9154759474226504,10.385605231549976,True,movie2:2:21,0.0,2.0,182.0,95.0,66.0,0.0,2.0,166.348,86.83,60.324000000000005,0.23439731272661746,15.134783083427196,True,predicted_centers,retrained_nematic_epoch_095,13,-0.33572629684873256,-0.49172295788824383,0.8034278973808869,11.55009174346924,11.550091743469238,135.59698444214467,training_consistent_log_reconstructed,124,nuclei_movie2_frozen_centers,movie2:component:14,1,0.7071067811865476,-4.749177851877221,0.08985303084206109,0.42107596131897473,0.336860763515887,-0.8421519226379495,11.874342087037919,11.874342087037917
2.508132701093242,2.5081327010932384,16,4.55521678957215,9.507793907162528,True,movie2:2:16,0.0,2.0,188.0,168.0,81.0,0.0,2.0,171.832,153.552,74.034,2.0904115481529324,8.674760384723026,True,predicted_centers,retrained_nematic_epoch_095,14,-0.27846482687078505,0.954573040255087,0.10605494337362877,14.254921913146973,14.254921913146973,24.252504824698786,training_consistent_log_reconstructed,124,nuclei_movie2_frozen_centers,movie2:component:15,1,0.8660254037844386,0.8330335224395018,0.417721152940306,-0.17896499588156806,0.9544799780350297,0.23861999450875743,16.763054614240215,16.76305461424021
0.5716928110119035,0.5716928110119035,7,3.5355339059327378,17.49732614473048,True,movie2:2:7,0.0,2.0,195.0,214.0,90.0,0.0,2.0,178.23000000000002,195.596,82.26,1.313183046711103,4.2782299462170865,True,predicted_centers,retrained_nematic_epoch_095,15,0.9455698844312264,0.08804370920942743,-0.31328245869400856,15.176322937011719,15.176322937011719,130.38691406159228,training_consistent_log_reconstructed,124,nuclei_movie2_frozen_centers,movie2:component:16,1,0.7071067811865476,13.219096198513393,-0.7414902356991995,0.8890008920619218,0.38100036875821786,-0.254000261651852,15.748015748023622,15.748015748023622
1.2097093751041772,1.2097093751041736,6,3.2015621187164243,9.193976912500446,True,movie2:2:6,0.0,2.0,209.0,97.0,46.0,0.0,2.0,191.026,88.658,42.044000000000004,1.1953810525638708,2.623714455200246,True,predicted_centers,retrained_nematic_epoch_095,16,0.8361893484372702,-0.5482349990996213,-0.015025289424568048,13.923036575317381,13.923036575317383,44.0366500961912,training_consistent_log_reconstructed,124,nuclei_movie2_frozen_centers,movie2:component:17,1,0.5,6.5702624573002,0.014328322540302807,-0.792982312574065,0.5947367501684605,-0.13216372400831475,15.132745950421558,15.132745950421556
2.8855377914818625,2.8855377914818625,25,4.301162633521313,7.076314515901916,True,movie2:2:25,0.0,2.0,208.0,128.0,129.0,0.0,2.0,190.112,116.992,117.906,2.56869109920277,10.72587265081943,True,predicted_centers,retrained_nematic_epoch_095,17,0.15760760986725958,-0.4238003487432668,0.891937837361447,13.207939147949219,13.207939147949219,74.47483318043388,training_consistent_log_reconstructed,124,nuclei_movie2_frozen_centers,movie2:component:18,1,0.7071067811865476,-3.6495581349175135,0.3168466922790927,-0.18641092718587707,0.3106848657450127,-0.932054655276559,16.09347693943108,16.09347693943108
3.234305251133284,3.2343052511332857,5,10.793516572461451,86.1030957954568,True,movie2:2:5,0.0,3.0,241.0,198.0,109.0,0.0,3.0,220.274,180.972,99.626,2.8499659185527193,80.22738275830397,True,predicted_centers,retrained_nematic_epoch_095,18,-0.37908185933744887,-0.06753464557901838,0.9228954521330024,11.257071495056152,11.257071495056152,169.50100023228825,training_consistent_log_reconstructed,124,nuclei_movie2_frozen_centers,movie2:component:19,1,0.7071067811865476,5.875713037152821,0.3843393325805664,-0.7590721072564883,0.5520524589744059,-0.34503277891456374,14.491376746189436,14.491376746189438
0.17447224245260884,0.17447224245260706,22,2.7386127875258306,4.812488842086939,True,movie2:2:22,0.0,2.0,247.0,216.0,72.0,0.0,2.0,225.758,197.424,65.808,1.3161253015215255,6.438428227091854,True,predicted_centers,retrained_nematic_epoch_095,19,-0.5994186747479712,0.1528180385550586,0.7857123515992164,13.016433715820312,13.016433715820312,59.720279745278155,training_consistent_log_reconstructed,124,nuclei_movie2_frozen_centers,movie2:component:20,1,0.7071067811865476,-1.6259393850049149,-1.1416530590689185,-0.5306686455805337,0.1516196130230096,0.8339078375602874,13.190905958272921,13.19090595827292
1.895695649490163,1.8956956494901647,28,1.224744871391589,3.710413317992365,True,movie2:2:28,0.0,2.0,275.0,62.0,112.0,0.0,2.0,251.35000000000002,56.668,102.36800000000001,2.804554598110119,5.498987033177902,True,predicted_centers,retrained_nematic_epoch_095,20,-0.669445219581134,0.22954340136396137,0.70650755471561,14.228819847106935,14.228819847106934,48.76729037674939,training_consistent_log_reconstructed,124,nuclei_movie2_frozen_centers,movie2:component:22,1,1.8708286933869707,-1.788573715185537,-0.9088589486199545,-0.6201736805872538,0.24806946230132654,0.7442084034599379,16.1245154965971,16.1245154965971
1.3082894163650458,1.3082894163650476,24,3.3166247903554,16.122775467859203,True,movie2:2:24,0.0,2.0,278.0,216.0,95.0,0.0,2.0,254.092,197.424,86.83,1.5097106133623015,12.148971738118137,True,predicted_centers,retrained_nematic_epoch_095,21,0.72724604021911,0.6130882958440533,-0.308603205564458,11.380288124084474,11.380288124084473,156.0888777753044,training_consistent_log_reconstructed,124,nuclei_movie2_frozen_centers,movie2:component:23,1,0.0,3.973803729741066,-0.20142119699725392,0.7881104062391007,0.39405520311955033,-0.47286624374346037,12.68857754044952,12.68857754044952
0.08235963236177923,0.08235963236177923,26,3.1622776601683795,10.100236660640086,True,movie2:2:26,0.0,2.0,284.0,188.0,81.0,0.0,2.0,259.576,171.832,74.034,0.9066079956025348,9.282484305338084,True,predicted_centers,retrained_nematic_epoch_095,22,-0.3635546219317955,0.19476233298824414,0.9109860978747181,14.0107479095459,14.010747909545898,85.5064214186952,training_consistent_log_reconstructed,124,nuclei_movie2_frozen_centers,movie2:component:24,1,0.0,0.8177523553020016,-0.8242483632407556,-0.21538744591028236,0.2871832675854271,0.9333456053162741,13.928388277184121,13.92838827718412
0.20399487706313302,0.20399487706313302,12,2.7386127875258306,17.398751903698873,True,movie2:2:12,0.0,2.0,284.0,68.0,139.0,0.0,2.0,259.576,62.152,127.046,0.20674602351858162,9.270025790041197,True,predicted_centers,retrained_nematic_epoch_095,23,0.6864378900328495,0.6995629038559779,0.19853152564729237,10.692083358764648,10.692083358764648,171.98355494063927,training_consistent_log_reconstructed,124,nuclei_movie2_frozen_centers,movie2:component:25,1,0.7071067811865476,8.128726113657676,-0.0027511464554486054,0.5720775412472399,0.6674238303363678,0.47673128437269985,10.488088481701515,10.488088481701515
0.2519987618981432,0.25199876189814674,20,2.1213203435596424,3.115974403965515,True,movie2:2:20,0.0,2.0,305.0,100.0,54.0,0.0,2.0,278.77000000000004,91.4,49.356,0.755879085087944,4.962208548331454,True,predicted_centers,retrained_nematic_epoch_095,24,-0.01945225898283204,-0.5812902738252251,0.8134637221023809,16.17967796325684,16.179677963256836,91.00367202646379,training_consistent_log_reconstructed,124,nuclei_movie2_frozen_centers,movie2:component:27,1,0.7071067811865476,-1.8462341443659396,-0.5038803231897973,0.06085806365647026,0.6085806256919499,-0.7911548003522318,16.431676725154983,16.431676725154983
0.9977785221489768,0.9977785221489768,11,4.743416490252569,1.6282582425617618,True,movie2:2:11,0.0,2.0,318.0,188.0,59.0,0.0,2.0,290.652,171.832,53.926,0.1789489722547124,19.435335018077062,True,predicted_centers,retrained_nematic_epoch_095,25,-0.4678073812555078,0.874239647436122,0.1298510411726799,17.2458553314209,17.2458553314209,4.548313159922512,training_consistent_log_reconstructed,124,nuclei_movie2_frozen_centers,movie2:component:28,1,0.7071067811865476,-17.8070767755153,0.8188295498942644,-0.4923659529398475,0.8616404435202297,0.12309148823496187,16.24807680927192,16.24807680927192
5.404227279603216,5.404227279603216,7,5.0990195135927845,23.147023624400344,True,movie2:3:7,0.0,3.0,64.0,84.0,125.0,0.0,3.0,58.496,76.776,114.25,7.846490722996926,72.77183967837728,True,predicted_centers,retrained_nematic_epoch_095,26,0.7787894313287016,-0.23395399347188897,-0.5820245274808209,16.205955505371094,16.205955505371094,66.4501051618851,training_consistent_log_reconstructed,124,nuclei_movie2_frozen_centers,movie2:component:30,1,0.0,-49.62481605397693,-2.44226344339371,-0.5090192881088625,0.5090192881088625,0.6941172297719556,21.61018278497431,21.61018278497431
6.786062026778183,6.786062026778183,12,2.449489742783178,81.01898244764833,True,movie2:3:12,0.0,4.0,73.0,225.0,116.0,0.0,4.0,66.72200000000001,205.65,106.024,9.193930625915527,88.09537941693709,True,predicted_centers,retrained_nematic_epoch_095,27,0.7734135374966332,0.3459420015130687,-0.5311832373165364,9.887269973754883,9.887269973754883,171.31542754550327,training_consistent_log_reconstructed,124,nuclei_movie2_frozen_centers,movie2:component:31,1,0.0,-7.076396969288766,-2.4078685991373447,0.3598560884268073,0.6597361577260101,0.6597361577260101,16.673332000533065,16.673332000533065
1.488941114766142,1.4889411147661402,14,1.5,8.826357090395144,True,movie2:3:14,0.0,3.0,85.0,233.0,104.0,0.0,3.0,77.69,212.96200000000002,95.056,1.3740528898757898,14.208369108958342,True,predicted_centers,retrained_nematic_epoch_095,28,0.018302762999385932,-0.44652075836470423,0.8945860613803447,10.25839900970459,10.25839900970459,102.99366523708551,training_consistent_log_reconstructed,124,nuclei_movie2_frozen_centers,movie2:component:32,1,0.5,-5.3820120185631986,0.11488822489035044,0.08512565527109466,0.3405026210843786,-0.9363821804420109,11.747340124470732,11.74734012447073
2.0457619232065785,2.0457619232065785,20,5.678908345800274,64.12821443239388,True,movie2:4:20,0.0,4.0,104.0,185.0,102.0,0.0,4.0,95.056,169.09,93.22800000000001,0.2581439439141118,70.595791490299,True,predicted_centers,retrained_nematic_epoch_095,29,-0.6330583759076834,0.7245615055179415,0.27248434343040734,12.816091537475586,12.816091537475586,123.58230415834409,training_consistent_log_reconstructed,124,nuclei_movie2_frozen_centers,movie2:component:33,1,3.640054944640259,-6.467577057905132,1.7876179792924667,-0.3713906800772299,0.5570860021207347,-0.7427813601544598,10.770329614269007,10.770329614269007
1.3253542668743563,1.3253542668743563,16,3.278719262151,9.743693029269162,True,movie2:3:16,0.0,3.0,101.0,162.0,143.0,0.0,3.0,92.31400000000001,148.068,130.702,0.6970390402627231,7.368585497263167,True,predicted_centers,retrained_nematic_epoch_095,30,0.581827079939604,0.21160417746415355,0.7853030759704641,12.422372817993164,12.422372817993164,136.43797484072195,training_consistent_log_reconstructed,124,nuclei_movie2_frozen_centers,movie2:component:34,1,0.8660254037844386,2.3751075320059947,0.6283152266116332,0.4364357804719847,0.21821789023599236,0.8728715609439694,13.74772708486752,13.74772708486752
0.03778392244443829,0.037783922444440066,30,2.5,7.189882242610904,True,movie2:4:30,0.0,3.0,126.0,229.0,63.0,0.0,3.0,115.164,209.306,57.582,1.0447421050502435,16.004706818845577,True,predicted_centers,retrained_nematic_epoch_095,31,0.9544832512236797,0.18201041221429118,0.2362920501816714,14.210022926330568,14.210022926330566,106.0635959107263,training_consistent_log_reconstructed,124,nuclei_movie2_frozen_centers,movie2:component:35,1,1.118033988749895,-8.814824576234674,-1.0069581826058034,0.9124211282466754,0.21055872190307892,0.3509312031717982,14.247806848775006,14.247806848775006
0.40144118953361385,0.4014411895336174,1,4.242640687119285,8.97629631254749,True,movie2:3:1,0.0,3.0,150.0,174.0,45.0,0.0,3.0,137.1,159.036,41.13,1.8739224576455733,6.989812834970662,True,predicted_centers,retrained_nematic_epoch_095,32,0.9554222158133284,0.18075427308199593,-0.23344438800911266,15.567192077636717,15.567192077636719,116.23147165743259,training_consistent_log_reconstructed,124,nuclei_movie2_frozen_centers,movie2:component:36,1,0.0,1.9864834775768276,-1.472481268111956,0.9231326591188955,0.3296902408288096,-0.19781415209817146,15.165750888103103,15.165750888103101
3.576017034939749,3.5760170349397455,14,8.031189202104505,54.27781841159402,True,movie2:4:14,0.0,5.0,160.0,220.0,131.0,0.0,5.0,146.24,201.08,119.73400000000001,5.047871777865874,45.43483335654903,True,predicted_centers,retrained_nematic_epoch_095,33,0.7374195864951993,-0.6458509528520163,-0.19770913017205813,13.628633499145508,13.628633499145508,154.660674789758,training_consistent_log_reconstructed,124,nuclei_movie2_frozen_centers,movie2:component:38,1,2.345207879911715,8.842985055044991,-1.4718547429261282,0.11624763965260045,0.9299811172208036,0.3487428965411982,17.204650534085257,17.204650534085253
4.768113520854566,4.768113520854566,13,5.70087712549569,12.315733230863382,True,movie2:3:13,0.0,2.0,171.0,66.0,87.0,0.0,2.0,156.294,60.324000000000005,79.518,5.643842917366477,9.265573615010231,True,predicted_centers,retrained_nematic_epoch_095,34,-0.5312946397853046,-0.365442273365909,0.7643153475971549,10.397637367248535,10.397637367248535,160.42287217303954,training_consistent_log_reconstructed,124,nuclei_movie2_frozen_centers,movie2:component:39,1,0.7071067811865476,3.0501596158531505,-0.8757293965119111,0.6593804561268665,0.19781413683805996,-0.7253185378472956,15.165750888103101,15.165750888103101
0.38705309526181786,0.38705309526181964,2,2.5495097567963922,5.843765575954014,True,movie2:3:2,0.0,3.0,181.0,157.0,67.0,0.0,3.0,165.434,143.49800000000002,61.238,0.008000981831029819,3.299079658106729,True,predicted_centers,retrained_nematic_epoch_095,35,0.08849624223694491,0.9177033370235382,-0.3872841338420699,12.091753005981444,12.091753005981445,62.189931533043996,training_consistent_log_reconstructed,124,nuclei_movie2_frozen_centers,movie2:component:40,1,0.7071067811865476,2.5446859178472847,0.3790521134307898,0.0,0.9397934277954141,-0.34174305124251747,11.704699910719626,11.704699910719626
4.535740384124507,4.535740384124505,4,4.743416490252569,8.82328840724204,True,movie2:3:4,0.0,3.0,192.0,85.0,82.0,0.0,3.0,175.488,77.69,74.94800000000001,4.299137187217141,7.747154923117144,True,predicted_centers,retrained_nematic_epoch_095,36,0.6282803961139604,-0.5403728822163972,-0.5596971431265563,11.116735458374023,11.116735458374023,75.62483415447551,training_consistent_log_reconstructed,124,nuclei_movie2_frozen_centers,movie2:component:41,1,0.7071067811865476,1.076133484124897,0.23660319690736387,-0.5111012519999519,0.6388765649999399,0.574988908499946,15.65247584249853,15.652475842498529
0.5103990192054297,0.5103990192054333,3,4.358898943540674,9.923844014863509,True,movie2:3:3,0.0,3.0,219.0,226.0,109.0,0.0,3.0,200.166,206.56400000000002,99.626,1.287329724517022,15.601998185765627,True,predicted_centers,retrained_nematic_epoch_095,37,0.005382883101974547,0.9870570774174777,0.16027897706679411,17.539785385131836,17.539785385131836,33.81126652933257,training_consistent_log_reconstructed,124,nuclei_movie2_frozen_centers,movie2:component:42,1,0.0,-5.678154170902118,-0.7769307053115888,-0.05872202255176583,0.9982743731396844,0.0,17.029386365926406,17.029386365926403
0.6885318614884355,0.6885318614884355,17,8.366600265340756,47.92086979021499,True,movie2:4:17,0.0,3.0,226.0,215.0,67.0,0.0,3.0,206.56400000000002,196.51000000000002,61.238,2.2371192064511654,5.578395960343521,True,predicted_centers,retrained_nematic_epoch_095,38,0.012481868317560497,0.506959935362522,0.8618792414837072,12.771577835083008,12.771577835083008,163.50157506797683,training_consistent_log_reconstructed,124,nuclei_movie2_frozen_centers,movie2:component:43,1,3.1622776601683795,42.342473829871466,-1.5485873449627299,0.5793241322585062,0.7448452850544783,0.33104237057368013,12.083045973594572,12.083045973594572
0.619352162058032,0.619352162058032,0,2.23606797749979,13.523256999865149,True,movie2:3:0,0.0,3.0,260.0,134.0,35.0,0.0,3.0,237.64000000000001,122.476,31.990000000000002,0.14708725684561408,15.489610101601313,True,predicted_centers,retrained_nematic_epoch_095,39,0.8409670220254036,0.40716886363989163,-0.35635373485895083,14.690599441528322,14.69059944152832,143.34840209460168,training_consistent_log_reconstructed,124,nuclei_movie2_frozen_centers,movie2:component:44,1,0.0,-1.9663531017361642,0.47226490521241793,0.923869764413216,0.35533454239953016,-0.14213381505041364,14.07124727947029,14.071247279470288
0.8483521138540429,0.8483521138540411,6,1.224744871391589,5.367769776079278,True,movie2:3:6,0.0,3.0,272.0,91.0,72.0,0.0,3.0,248.608,83.174,65.808,1.5460590900947615,4.954431052740402,True,predicted_centers,retrained_nematic_epoch_095,40,-0.550796578307054,-0.14192864513445705,0.8224836709719766,13.080036163330078,13.080036163330078,124.93713007858351,training_consistent_log_reconstructed,124,nuclei_movie2_frozen_centers,movie2:component:45,1,0.7071067811865476,0.41333872333887633,-0.6977069762407204,0.5025707148443289,0.07179581320498642,-0.861549788339069,13.928388277184121,13.92838827718412
1.669735230240212,1.6697352302402138,18,1.118033988749895,2.0337818849037967,True,movie2:3:18,0.0,3.0,272.0,209.0,62.0,0.0,3.0,248.608,191.026,56.668,1.8030662783666838,5.975400619706058,True,predicted_centers,retrained_nematic_epoch_095,41,0.591460201058054,-0.4762303367109609,0.6506761844116711,11.783888816833498,11.783888816833496,89.13533280296112,training_consistent_log_reconstructed,124,nuclei_movie2_frozen_centers,movie2:component:46,1,0.5,-3.941618734802261,-0.13333104812647,-0.5946353380190872,0.44597648682631036,-0.6689647135514606,13.45362404707371,13.45362404707371
1.6024941200428007,1.6024941200428007,20,2.9154759474226504,2.1509001412018836,True,movie2:3:20,0.0,3.0,306.0,218.0,114.0,0.0,3.0,279.684,199.252,104.196,1.8468913583932007,4.934897756116752,True,predicted_centers,retrained_nematic_epoch_095,42,-0.08446738097450897,-0.22588782328465135,0.9704843908291516,9.843029022216797,9.843029022216797,100.65336063282614,training_consistent_log_reconstructed,124,nuclei_movie2_frozen_centers,movie2:component:47,1,0.7071067811865476,-2.783997614914868,-0.24439723835040006,0.08737040440317814,0.26211120769475904,-0.9610744649792856,11.445523142259598,11.445523142259598
0.4353144583214963,0.43531445832149274,11,1.224744871391589,3.743347911907056,True,movie2:3:11,0.0,3.0,320.0,121.0,54.0,0.0,3.0,292.48,110.59400000000001,49.356,0.8036681224892597,2.6796497933752974,True,predicted_centers,retrained_nematic_epoch_095,43,-0.47568054809462934,0.8778084002242706,-0.05639528934316866,12.981093406677244,12.981093406677246,10.957139284730681,training_consistent_log_reconstructed,124,nuclei_movie2_frozen_centers,movie2:component:48,1,0.7071067811865476,1.0636981185317587,-0.36835366416776694,-0.4472135954999579,0.8944271909999159,0.0,13.41640786499874,13.416407864998739
,,,,,False,,0.0,4.0,26.0,178.0,108.0,0.0,4.0,23.764,162.692,98.712,,,False,predicted_centers,retrained_nematic_epoch_095,44,,,,,,,training_consistent_log_reconstructed,124,nuclei_movie2_frozen_centers,,,,,,,,,,
0.37827731039403467,0.37827731039403645,18,1.118033988749895,9.886051076770919,True,movie2:4:18,0.0,4.0,70.0,93.0,82.0,0.0,4.0,63.980000000000004,85.00200000000001,74.94800000000001,1.023523870034893,1.5143202665552682,True,predicted_centers,retrained_nematic_epoch_095,45,0.9214793630031978,-0.3599062222204202,0.14609344532266416,15.274198532104496,15.274198532104492,100.46584326485915,training_consistent_log_reconstructed,124,nuclei_movie2_frozen_centers,movie2:component:50,1,0.5,8.37173081021565,-0.6452465596408565,-0.8944271909999159,0.4472135954999579,0.0,15.65247584249853,15.652475842498529
0.5779236905817928,0.5779236905817946,8,4.220485754033533,13.611643374871178,True,movie2:4:8,0.0,4.0,80.0,203.0,96.0,0.0,4.0,73.12,185.542,87.744,2.5567570893278635,16.146613383574007,True,predicted_centers,retrained_nematic_epoch_095,46,0.07962185017268542,0.7649766613845712,-0.6391174137136253,13.704933166503908,13.704933166503906,61.66482546595428,training_consistent_log_reconstructed,124,nuclei_movie2_frozen_centers,movie2:component:51,1,0.9013878188659973,-2.534970008702828,-1.978833398746069,-0.14002800646781788,0.7001400422075033,-0.7001400422075033,14.2828568570857,14.2828568570857
1.3610270636187565,1.3610270636187565,26,3.082207001484488,10.236976006770416,True,movie2:4:26,0.0,4.0,82.0,175.0,118.0,0.0,4.0,74.94800000000001,159.95000000000002,107.852,1.4965398628699784,16.48338732026096,True,predicted_centers,retrained_nematic_epoch_095,47,0.7570986793148032,-0.09125261307799411,-0.6468960893267317,12.88677978515625,12.88677978515625,58.632271285324215,training_consistent_log_reconstructed,124,nuclei_movie2_frozen_centers,movie2:component:52,1,0.7071067811865476,-6.246411313490544,-0.13551279925122195,-0.6316761728202276,0.07018624234099748,0.7720486410047236,14.247806848775006,14.247806848775006
2.7067559521526476,2.7067559521526476,5,6.18465843842649,29.604189127679216,True,movie2:4:5,0.0,3.0,97.0,108.0,63.0,0.0,3.0,88.658,98.712,57.582,0.8978229393169954,43.01355078685049,True,predicted_centers,retrained_nematic_epoch_095,48,0.5302582207890334,0.835860477850476,-0.14199817200662349,13.002386093139648,13.002386093139648,168.2119191998432,training_consistent_log_reconstructed,124,nuclei_movie2_frozen_centers,movie2:component:53,1,0.5,-13.409361659171271,1.8089330128356522,0.8741572775225928,0.48564292865673303,0.0,10.295630140987,10.295630140987
,,,,,False,,0.0,4.0,100.0,188.0,54.0,0.0,4.0,91.4,171.832,49.356,,,False,predicted_centers,retrained_nematic_epoch_095,49,,,,,,,training_consistent_log_reconstructed,124,nuclei_movie2_frozen_centers,,,,,,,,,,
2.1981769485648908,2.1981769485648943,4,3.8078865529319543,19.692731179589103,True,movie2:4:4,0.0,4.0,110.0,221.0,59.0,0.0,4.0,100.54,201.994,53.926,0.5772291541332759,15.97153725186958,True,predicted_centers,retrained_nematic_epoch_095,50,0.17727481045269392,0.9543235081301332,-0.24050006945769706,13.423149108886717,13.423149108886719,51.88793451790026,training_consistent_log_reconstructed,124,nuclei_movie2_frozen_centers,movie2:component:56,1,0.7071067811865476,3.721193927719522,1.6209477944316184,-0.08908708264076219,0.8908708062144849,-0.44543540310724244,11.224972160321826,11.224972160321824
0.6899163308630794,0.6899163308630776,2,3.570714214271425,14.523142420845993,True,movie2:4:2,0.0,4.0,136.0,196.0,43.0,0.0,4.0,124.304,179.144,39.302,0.3193048559975864,16.509900028287355,True,predicted_centers,retrained_nematic_epoch_095,51,0.6555240437305412,0.7462810938238477,0.11555413057195735,14.106324195861818,14.106324195861816,144.50685637780273,training_consistent_log_reconstructed,124,nuclei_movie2_frozen_centers,movie2:component:57,1,0.8660254037844386,-1.986757607441362,0.3706114748654912,0.7453559785796765,0.596284807920197,0.2981424039600985,13.416407864998739,13.416407864998739
0.18398503187595594,0.18398503187595594,0,2.5495097567963922,5.143501132900766,True,movie2:4:0,0.0,4.0,141.0,129.0,38.0,0.0,4.0,128.874,117.906,34.732,0.9004524747784171,2.514675321136761,True,predicted_centers,retrained_nematic_epoch_095,52,0.8703382331131603,-0.46605133374852215,0.15908335642890456,13.269639015197756,13.269639015197754,84.4242760683789,training_consistent_log_reconstructed,124,nuclei_movie2_frozen_centers,movie2:component:58,1,0.7071067811865476,2.6288258117640044,-0.7164674429024611,-0.8919529754965996,0.4459764877482998,-0.07432941462471664,13.453624047073712,13.45362404707371
1.8248885144649432,1.8248885144649432,25,11.554220008291344,88.21935379233945,True,movie2:4:25,0.0,5.0,146.0,163.0,97.0,0.0,5.0,133.44400000000002,148.982,88.658,3.0550414044383025,75.20983888376941,True,predicted_centers,retrained_nematic_epoch_095,53,0.8019731069112465,0.4745679503818482,-0.36280076662197697,13.986499786376953,13.986499786376953,171.7862297092514,training_consistent_log_reconstructed,124,nuclei_movie2_frozen_centers,movie2:component:59,1,2.5495097567963922,13.00951490857004,-1.2301528899733594,-0.56921000157454,0.31622775996068136,-0.7589466239056353,15.811388300841896,15.811388300841896
3.3421520045787947,3.342152004578793,15,4.69041575982343,9.57703043157029,True,movie2:4:15,0.0,3.0,209.0,150.0,123.0,0.0,3.0,191.026,137.1,112.42200000000001,5.39538941132199,10.304366998595091,True,predicted_centers,retrained_nematic_epoch_095,54,0.2564697428447206,0.7391667384540019,0.6227807027906661,11.114680290222168,11.114680290222168,105.01393051579949,training_consistent_log_reconstructed,124,nuclei_movie2_frozen_centers,movie2:component:62,1,0.0,-0.7273365670248015,-2.0532374067431967,0.27668579372682767,0.8300573564021766,0.4842001204382186,14.456832294800963,14.45683229480096
2.4129712280441353,2.4129712280441353,11,3.082207001484488,17.401370365314676,True,movie2:4:11,0.0,4.0,249.0,84.0,95.0,0.0,4.0,227.586,76.776,86.83,1.242583120381969,16.973892039547962,True,predicted_centers,retrained_nematic_epoch_095,55,0.8740537669305319,0.33047825834685557,0.35610972083695824,13.742523193359375,13.742523193359375,117.32374195570608,training_consistent_log_reconstructed,124,nuclei_movie2_frozen_centers,movie2:component:64,1,0.7071067811865476,0.42747832576671385,1.1703881076621663,0.8665782412342562,0.061898446832675806,0.49518757466140645,16.15549442140351,16.15549442140351
0.18652043742490498,0.18652043742490143,1,5.5901699437494745,22.822479520204833,True,movie2:4:1,0.0,4.0,272.0,182.0,46.0,0.0,4.0,248.608,166.348,42.044000000000004,0.4803046585580546,15.181170095740182,True,predicted_centers,retrained_nematic_epoch_095,56,0.32399391537115907,0.9190139154520849,0.22459155373231332,14.16617965698242,14.166179656982422,152.88819417463273,training_consistent_log_reconstructed,124,nuclei_movie2_frozen_centers,movie2:component:66,1,0.5,7.641309424464652,-0.29378422113315317,0.627059712862456,0.6967330142916176,0.3483665071458088,14.352700094407325,14.352700094407323
3.391782761926292,3.3917827619262937,27,2.958039891549808,5.060605366694267,True,movie2:4:27,0.0,4.0,276.0,163.0,123.0,0.0,4.0,252.264,148.982,112.42200000000001,4.878053493331283,4.465793588133541,True,predicted_centers,retrained_nematic_epoch_095,57,0.38890022672906804,-0.4853645626291444,0.7830567380425884,14.829084396362306,14.829084396362305,82.44026831853739,training_consistent_log_reconstructed,124,nuclei_movie2_frozen_centers,movie2:component:67,1,0.8660254037844386,0.5948117785607261,-1.4862707314049892,-0.3292927799690711,0.5488212999484517,-0.7683498199278325,18.2208671582886,18.2208671582886
1.3377029587833746,1.3377029587833729,10,1.224744871391589,6.172204047757552,True,movie2:4:10,0.0,4.0,278.0,109.0,86.0,0.0,4.0,254.092,99.626,78.604,1.2306112084634613,6.775741326558921,True,predicted_centers,retrained_nematic_epoch_095,58,0.5165326334400917,-0.4583244074523754,0.7232791826984052,13.795042991638184,13.795042991638184,69.73982954167262,training_consistent_log_reconstructed,124,nuclei_movie2_frozen_centers,movie2:component:68,1,0.7071067811865476,-0.6035372788013689,0.10709175031991158,-0.4625730157530234,0.39649116133834644,-0.7929823226766929,15.132745950421558,15.132745950421556
,,,,,False,,0.0,4.0,282.0,83.0,121.0,0.0,4.0,257.748,75.86200000000001,110.59400000000001,,,False,predicted_centers,retrained_nematic_epoch_095,59,,,,,,,training_consistent_log_reconstructed,124,nuclei_movie2_frozen_centers,,,,,,,,,,
2.316788643012103,2.3167886430121047,23,9.287087810503355,82.3611156270794,True,movie2:4:23,0.0,3.0,294.0,117.0,60.0,0.0,3.0,268.716,106.938,54.84,2.537907808026537,88.92524805021063,True,predicted_centers,retrained_nematic_epoch_095,60,0.7017971715199216,0.5646776079399095,0.43430395938547384,11.647451400756838,11.647451400756836,162.7372423079588,training_consistent_log_reconstructed,124,nuclei_movie2_frozen_centers,movie2:component:70,1,0.5,-6.564132423131227,-0.22111916501443218,-0.7877263687176975,0.35805743459494255,0.5012804021285078,13.96424004376894,13.96424004376894
2.5939184832813034,2.5939184832813034,19,2.0,5.3075842391932335,True,movie2:4:19,0.0,4.0,306.0,174.0,81.0,0.0,4.0,279.684,159.036,74.034,3.837734945995628,3.328559242403811,True,predicted_centers,retrained_nematic_epoch_095,61,-0.3814561638253855,-0.6336848767787462,0.6730042139701102,15.238636016845703,15.238636016845703,152.2073227141832,training_consistent_log_reconstructed,124,nuclei_movie2_frozen_centers,movie2:component:71,1,0.0,1.9790249967894225,-1.2438164627143244,0.39254050046720995,0.560772182150468,-0.729003782719373,17.832554500127006,17.832554500127006
0.6001495003467046,0.6001495003467046,29,3.6742346141747673,9.617179532765729,True,movie2:4:29,0.0,4.0,306.0,221.0,91.0,0.0,4.0,279.684,201.994,83.174,1.6618298093731436,10.4026275635596,True,predicted_centers,retrained_nematic_epoch_095,62,0.49555691754589265,-0.03638044212210672,0.8678132315788998,12.438255310058596,12.438255310058594,109.87307400545046,training_consistent_log_reconstructed,124,nuclei_movie2_frozen_centers,movie2:component:72,1,0.7071067811865476,-0.7854480307938712,-1.061680309026439,0.3834824944236852,0.07669649888473705,0.9203579866168444,13.0384048104053,13.038404810405298
0.6725610010699814,0.6725610010699796,6,4.330127018922194,5.59289976224823,True,movie2:4:6,0.0,4.0,323.0,86.0,82.0,0.0,4.0,295.22200000000004,78.604,74.94800000000001,0.3054927908730747,7.900927394858499,True,predicted_centers,retrained_nematic_epoch_095,63,0.7359109545391097,0.6191928352048736,-0.2739257195304713,14.420288085937502,14.4202880859375,175.29506998153374,training_consistent_log_reconstructed,124,nuclei_movie2_frozen_centers,movie2:component:73,1,0.8660254037844386,-2.308027632610269,0.36706821019690494,0.727392967453308,0.5819143739626463,-0.363696483726654,13.74772708486752,13.74772708486752
0.7536898571970916,0.7536898571970916,2,2.8284271247461903,1.946125015389945,True,movie2:5:2,0.0,5.0,42.0,126.0,88.0,0.0,5.0,38.388,115.164,80.432,1.9291511297853532,1.8819613536909443,True,predicted_centers,retrained_nematic_epoch_095,64,-0.6661067194527268,0.12308206918491567,0.7356307786825441,16.392738342285156,16.392738342285156,54.40723902255468,training_consistent_log_reconstructed,124,nuclei_movie2_frozen_centers,movie2:component:74,1,0.0,0.06416366169900067,-1.1754612725882616,-0.6415330040950668,0.11664237110960517,0.7581754163244072,17.146428199482248,17.146428199482248
1.8788997545023687,1.8788997545023705,12,2.0615528128088303,6.503062366185327,True,movie2:5:12,0.0,5.0,85.0,164.0,94.0,0.0,5.0,77.69,149.89600000000002,85.916,2.1978235092165654,10.052515504310824,True,predicted_centers,retrained_nematic_epoch_095,65,0.5129865099587663,0.6606273794983519,-0.548102459452122,13.90083408355713,13.900834083557129,165.1425764859417,training_consistent_log_reconstructed,124,nuclei_movie2_frozen_centers,movie2:component:75,1,0.5,-3.5494531381254966,-0.318923754714195,0.44360695721344523,0.633724256878269,-0.633724256878269,15.7797338380595,15.7797338380595
5.626318413214879,5.626318413214879,5,3.391164991562634,25.041855588922953,True,movie2:5:5,0.0,4.0,90.0,64.0,92.0,0.0,4.0,82.26,58.496,84.08800000000001,6.195204001350852,20.537718470873525,True,predicted_centers,retrained_nematic_epoch_095,66,0.573872688315575,-0.26541573122108514,0.7747416519239375,9.670740127563477,9.670740127563477,52.84267529686087,training_consistent_log_reconstructed,124,nuclei_movie2_frozen_centers,movie2:component:76,1,0.7071067811865476,4.504137118049428,-0.5688855881359736,-0.7190925097934088,0.5229763532251236,-0.4576043010356952,15.297058540778355,15.297058540778355
0.10683393709958366,0.10683393709958366,4,5.477225575051661,11.57475108679597,True,movie2:5:4,0.0,5.0,135.0,81.0,110.0,0.0,5.0,123.39,74.034,100.54,0.9375683197297846,8.590435182450017,True,predicted_centers,retrained_nematic_epoch_095,67,0.4847303543851793,0.7777835695097942,-0.40011148763591076,16.169212341308594,16.169212341308594,135.20359101632772,training_consistent_log_reconstructed,124,nuclei_movie2_frozen_centers,movie2:component:79,1,0.0,2.9843159043459533,-0.8307343826302009,0.3112864137135935,0.8093446401049982,-0.49805825178450813,16.06237840420901,16.06237840420901
2.3744268557151287,2.3744268557151287,0,4.183300132670378,6.199687592427721,True,movie2:5:0,0.0,5.0,199.0,135.0,41.0,0.0,5.0,181.886,123.39,37.474000000000004,2.4605217697366726,7.082700944803068,True,predicted_centers,retrained_nematic_epoch_095,68,0.6330491741309938,-0.19152299117980376,0.7500451232969969,13.935079574584961,13.935079574584961,93.62479203378045,training_consistent_log_reconstructed,124,nuclei_movie2_frozen_centers,movie2:component:82,1,0.7071067811865476,-0.8830133523753467,-0.0860949140215439,-0.5518254118961022,0.24525574050011478,-0.7970811354795931,16.30950643030009,16.30950643030009
0.4972991897694925,0.4972991897694925,17,2.6457513110645907,17.004172946616492,True,movie2:5:17,0.0,4.0,211.0,68.0,148.0,0.0,4.0,192.854,62.152,135.272,0.6035066120976698,19.69060929380736,True,predicted_centers,retrained_nematic_epoch_095,69,0.7481078398065387,0.4329888011549032,0.5028472512547262,10.860517501831056,10.860517501831055,177.8177010269871,training_consistent_log_reconstructed,124,nuclei_movie2_frozen_centers,movie2:component:83,1,0.0,-2.6864363471908668,-0.10620742232817726,0.8804509072705594,0.17609017535927687,0.4402254536352797,11.357816691600549,11.357816691600547
2.6219674022763417,2.6219674022763435,7,5.123475382979799,5.011611088241747,True,movie2:5:7,0.0,5.0,229.0,164.0,120.0,0.0,5.0,209.306,149.89600000000002,109.68,2.468141140908031,4.100983748475506,True,predicted_centers,retrained_nematic_epoch_095,70,-0.024193065571670606,0.5726810451536031,0.8194212079877,13.221012115478517,13.221012115478516,114.41333252121588,training_consistent_log_reconstructed,124,nuclei_movie2_frozen_centers,movie2:component:84,1,0.5,0.9106273397662408,0.15382626136831234,0.0631194358426719,0.5680749606845786,0.8205527258269985,15.84297951775486,15.84297951775486
0.8741589327351669,0.8741589327351669,13,5.0990195135927845,46.28057569662361,True,movie2:5:13,0.0,5.0,234.0,111.0,45.0,0.0,5.0,213.876,101.45400000000001,41.13,1.6606224067504627,58.82461174246705,True,predicted_centers,retrained_nematic_epoch_095,71,0.9934631473067347,0.07736146368422513,-0.08394152059637308,11.167435646057129,11.167435646057129,104.06642919000842,training_consistent_log_reconstructed,124,nuclei_movie2_frozen_centers,movie2:component:85,1,0.0,-12.544036045843441,-0.7864634740152958,-0.7474093327564348,0.6643638229980474,0.0,12.041594578792296,12.041594578792296
0.6307845029604575,0.6307845029604557,1,3.905124837953327,6.8653703754303725,True,movie2:5:1,0.0,5.0,257.0,180.0,69.0,0.0,5.0,234.898,164.52,63.066,1.3357372161346426,3.5166895855711418,True,predicted_centers,retrained_nematic_epoch_095,72,0.979945509893051,0.19766592094689336,-0.025198836018057013,16.283260345458984,16.283260345458984,116.57209297296362,training_consistent_log_reconstructed,124,nuclei_movie2_frozen_centers,movie2:component:87,1,0.5,3.348680789859231,-0.7049527131741868,0.9583148490797371,0.2555506212604943,-0.12777531063024716,15.652475842498527,15.652475842498529
1.7390142417249308,1.7390142417249272,9,3.2015621187164243,8.768376106902485,True,movie2:5:9,0.0,5.0,273.0,78.0,88.0,0.0,5.0,249.52200000000002,71.292,80.432,2.593033982440147,5.932812032517042,True,predicted_centers,retrained_nematic_epoch_095,73,0.8877719558314826,-0.2551031519828082,0.38312313462851655,15.867802619934082,15.867802619934082,105.80737226584802,training_consistent_log_reconstructed,124,nuclei_movie2_frozen_centers,movie2:component:88,1,0.5,2.8355640743854433,-0.8540197407152199,-0.8519427428786249,0.3975732944630285,-0.3407771095397388,17.606816861659013,17.60681686165901
0.592652755609814,0.592652755609814,6,3.9370039370059056,6.482350405212282,True,movie2:5:6,0.0,5.0,292.0,138.0,96.0,0.0,5.0,266.88800000000003,126.132,87.744,0.9635910572578474,9.837199788003748,True,predicted_centers,retrained_nematic_epoch_095,74,0.615539423861296,-0.017219894912639033,0.787917948070547,12.484044075012209,12.484044075012207,62.603128408129805,training_consistent_log_reconstructed,124,nuclei_movie2_frozen_centers,movie2:component:89,1,0.7071067811865476,-3.354849382791466,-0.37093830164803343,-0.5353034010613684,0.07647191079289473,-0.8411910102181401,13.076696830622023,13.076696830622021
1.5042382569431911,1.5042382569431911,14,3.905124837953327,37.59728499120036,True,movie2:5:14,0.0,5.0,301.0,108.0,97.0,0.0,5.0,275.11400000000003,98.712,88.658,2.561475504566591,45.60529124462123,True,predicted_centers,retrained_nematic_epoch_095,75,-0.004916397297686245,0.999934092233991,-0.01037498076121187,12.90599250793457,12.90599250793457,71.06087173851417,training_consistent_log_reconstructed,124,nuclei_movie2_frozen_centers,movie2:component:90,1,0.5,-8.008006253420866,-1.0572372476233998,-0.6139406318892063,0.7893522030852148,0.0,11.40175425099138,11.40175425099138
0.5552092989032289,0.5552092989032236,20,2.0615528128088303,2.1632213633054995,True,movie2:5:20,0.0,5.0,309.0,81.0,107.0,0.0,5.0,282.426,74.034,97.798,0.3618621826171875,3.0340687144898286,True,predicted_centers,retrained_nematic_epoch_095,76,0.6522774999192331,0.7488287777239162,0.11742880716255484,14.90790939331055,14.907909393310547,168.88921801747983,training_consistent_log_reconstructed,124,nuclei_movie2_frozen_centers,movie2:component:91,1,0.5,-0.8708473511843291,0.19334711628603607,0.627059713616264,0.7664063166421002,0.13934659439892272,14.352700094407322,14.352700094407323
2.5322650876899964,2.5322650876899964,4,7.88986691902975,89.67554485388388,True,movie2:6:4,0.0,7.0,112.0,165.0,47.0,0.0,7.0,102.36800000000001,150.81,42.958,0.8822855575122208,83.46294772953759,True,predicted_centers,retrained_nematic_epoch_095,77,0.8109019238721865,0.3311621889694071,0.48246209639450177,15.260187149047852,15.260187149047852,160.21251328586845,training_consistent_log_reconstructed,124,nuclei_movie2_frozen_centers,movie2:component:92,1,0.5,6.2125971243462885,1.6499795301777755,0.3928371086724435,0.3142696815290108,-0.8642416174435995,12.727922061357855,12.727922061357855
5.5893698651316654,5.589369865131662,3,6.855654600401044,51.90262894182198,True,movie2:6:3,0.0,4.0,161.0,72.0,112.0,0.0,4.0,147.154,65.808,102.36800000000001,7.653183223942669,54.05294478002656,True,predicted_centers,retrained_nematic_epoch_095,78,0.3384145724789664,0.7711093305573892,-0.539319921253808,11.557058334350586,11.557058334350586,136.82099250909008,training_consistent_log_reconstructed,124,nuclei_movie2_frozen_centers,movie2:component:93,1,0.0,-2.150315838204577,-2.0638133588110072,-0.40824829046386296,0.40824829046386296,-0.8164965809277259,17.14642819948225,17.146428199482248
5.129407908661676,5.129407908661676,0,4.949747468305833,43.98169063406516,True,movie2:6:0,0.0,6.0,191.0,116.0,43.0,0.0,6.0,174.574,106.024,39.302,4.295081784230465,41.82738962469085,True,predicted_centers,retrained_nematic_epoch_095,79,-0.20774490408054344,0.6507895847784684,0.7302841715198505,12.162208557128906,12.162208557128906,112.27354546586437,training_consistent_log_reconstructed,124,nuclei_movie2_frozen_centers,movie2:component:94,1,0.7071067811865476,2.154301009374308,0.834326124431211,0.17349448947429322,0.05783149649143107,0.9831353824044865,17.291616465790582,17.291616465790582
7.914975164513918,7.914975164513919,8,1.8027756377319946,26.505914349263435,True,movie2:6:8,0.0,7.0,191.0,148.0,98.0,0.0,7.0,174.574,135.272,89.572,7.445930499382115,15.143209403818036,True,predicted_centers,retrained_nematic_epoch_095,80,0.9408012178128091,0.2577926962104783,-0.22008179012009912,14.986042976379395,14.986042976379395,60.25659815050254,training_consistent_log_reconstructed,124,nuclei_movie2_frozen_centers,movie2:component:95,1,0.5,11.3627049454454,0.4690446651318041,-0.9899494942587161,0.1414213520544613,0.0,7.071067811865476,7.0710678118654755
0.9595757309187398,0.9595757309187398,1,3.0413812651491097,2.2971735576577403,True,movie2:6:1,0.0,6.0,211.0,66.0,91.0,0.0,6.0,192.854,60.324000000000005,83.174,1.3605870457896252,1.3505348580419354,True,predicted_centers,retrained_nematic_epoch_095,81,0.9167807834996159,0.3974789871116636,-0.03903139519049363,10.808433532714844,10.808433532714844,159.74469855442234,training_consistent_log_reconstructed,124,nuclei_movie2_frozen_centers,movie2:component:96,1,0.5,0.9466386996158049,-0.40101131487088537,0.9138115486202573,0.4061384660534476,0.0,9.848857801796104,9.848857801796104
0.06889706941890061,0.06889706941889884,6,0.7071067811865476,10.048868211995796,True,movie2:6:6,0.0,6.0,211.0,99.0,57.0,0.0,6.0,192.854,90.486,52.098,1.1104427279453422,10.187589493900065,True,predicted_centers,retrained_nematic_epoch_095,82,0.008716218776539539,0.7964554137706376,-0.6046344361725373,12.30041980743408,12.300419807434082,46.2913699435245,training_consistent_log_reconstructed,124,nuclei_movie2_frozen_centers,movie2:component:97,1,0.7071067811865476,-0.13872128190426913,-1.0415456585264433,-0.16169041669088866,0.8084520834544433,-0.5659164584181103,12.36931687685298,12.36931687685298
1.5967662383857189,1.5967662383857189,2,2.345207879911715,15.505664241437538,True,movie2:6:2,0.0,6.0,223.0,140.0,136.0,0.0,6.0,203.822,127.96000000000001,124.304,1.2585240127786648,12.490980841728451,True,predicted_centers,retrained_nematic_epoch_095,83,0.7288921183476702,-0.5452047162892012,0.4140870646937158,15.166288375854492,15.166288375854492,118.44431365370576,training_consistent_log_reconstructed,124,nuclei_movie2_frozen_centers,movie2:component:98,1,0.7071067811865476,3.014683399709087,0.3382422256070541,-0.5368950070025345,0.5965499775608698,-0.5965499775608698,16.76305461424021,16.76305461424021
1.7261251091723882,1.7261251091723882,9,1.6583123951777,5.3322049897881145,True,movie2:6:9,0.0,6.0,228.0,185.0,147.0,0.0,6.0,208.392,169.09,134.358,1.1707067185736282,4.182426078418917,True,predicted_centers,retrained_nematic_epoch_095,84,0.9520361002157879,0.0423346648994635,-0.30304296730622954,11.31227970123291,11.31227970123291,147.21139324897558,training_consistent_log_reconstructed,124,nuclei_movie2_frozen_centers,movie2:component:99,1,0.8660254037844386,1.1497789113691974,0.55541839059876,0.9203579821144976,0.07669650006523042,-0.38348250499321895,13.038404810405298,13.038404810405298
4.107590835929956,4.107590835929955,7,7.0178344238090995,46.431790730308755,True,movie2:6:7,0.0,7.0,267.0,114.0,71.0,0.0,7.0,244.038,104.196,64.894,4.587439804159036,88.22599237742142,True,predicted_centers,retrained_nematic_epoch_095,85,0.1429952788379126,0.9558353942957888,-0.2567704212744953,11.48086643218994,11.480866432189941,143.71647726314902,training_consistent_log_reconstructed,124,nuclei_movie2_frozen_centers,movie2:component:100,1,0.5,-41.794201647112665,-0.4798489682290814,0.32075014891844916,0.4490502033719513,-0.8339503923018454,15.588457268119896,15.588457268119896
3.4911755395633826,3.4911755395633826,8,5.612486080160912,65.166529506225,True,movie2:7:8,0.0,7.0,35.0,129.0,141.0,0.0,7.0,31.990000000000002,117.906,128.874,6.36441387392799,61.81638327843409,True,predicted_centers,retrained_nematic_epoch_095,86,0.05466192668609725,0.8783228853367939,0.4749326087610882,13.031536102294922,13.031536102294922,161.50954815592237,training_consistent_log_reconstructed,124,nuclei_movie2_frozen_centers,movie2:component:102,1,0.7071067811865476,3.3501462277909155,-2.8732383343646077,-0.24209101306752098,0.060522753266880246,-0.9683640522700839,16.522711641858304,16.522711641858304
0.10101642951358336,0.10101642951358158,3,4.6097722286464435,10.200518963210042,True,movie2:7:3,0.0,7.0,43.0,98.0,88.0,0.0,7.0,39.302,89.572,80.432,0.686687982883802,4.775702051457545,True,predicted_centers,retrained_nematic_epoch_095,87,0.1435379112778126,0.6032416844890969,0.7845357468724797,12.946249008178713,12.946249008178711,132.01568496805535,training_consistent_log_reconstructed,124,nuclei_movie2_frozen_centers,movie2:component:103,1,0.5,5.424816911752497,-0.5856715533702204,0.3113995819740959,0.5449492430594776,0.7784989549352399,12.84523257866513,12.84523257866513
0.7297480476230263,0.7297480476230263,0,3.082207001484488,8.590782924346646,True,movie2:7:0,0.0,7.0,85.0,204.0,62.0,0.0,7.0,77.69,186.45600000000002,56.668,2.3737985505839134,8.78420278704685,True,predicted_centers,retrained_nematic_epoch_095,88,-0.5102542091652147,0.19794360578171327,0.8369342691987914,12.723875999450684,12.723875999450684,75.98744107698066,training_consistent_log_reconstructed,124,nuclei_movie2_frozen_centers,movie2:component:105,1,2.598076211353316,-0.19341986270020328,-1.6440505029608872,-0.4459764878451222,0.0743294117200442,0.8919529756902445,13.45362404707371,13.45362404707371
0.08667482911275748,0.08667482911275748,13,3.2015621187164243,5.562298514398016,True,movie2:7:13,0.0,7.0,95.0,214.0,134.0,0.0,7.0,86.83,195.596,122.476,0.04570237501405927,10.088531765821063,True,predicted_centers,retrained_nematic_epoch_095,89,0.888373080761963,-0.01176968842208163,-0.458971397596785,10.68365478515625,10.68365478515625,31.670841711244982,training_consistent_log_reconstructed,124,nuclei_movie2_frozen_centers,movie2:component:106,1,0.5,-4.526233251423047,0.04097245409869821,-0.928476692978359,0.0,0.37139067112135454,10.770329614269007,10.770329614269007
0.24991645487749636,0.24991645487749636,4,7.826237921249264,49.47075665388295,True,movie2:7:4,0.0,8.0,118.0,78.0,99.0,0.0,8.0,107.852,71.292,90.486,0.47465547812077347,42.41839405229586,True,predicted_centers,retrained_nematic_epoch_095,90,0.9699492453733639,-0.1315871226654326,0.20465407532779367,12.977838516235353,12.977838516235352,121.00206302229414,training_consistent_log_reconstructed,124,nuclei_movie2_frozen_centers,movie2:component:107,1,0.5,7.052362601587092,-0.2247390232432771,0.6285393789831681,0.5499719306780362,0.5499719306780362,12.727922061357857,12.727922061357855
0.6841163040658635,0.6841163040658671,10,2.0615528128088303,3.30507698762732,True,movie2:7:10,0.0,7.0,117.0,246.0,66.0,0.0,7.0,106.938,224.84400000000002,60.324000000000005,1.270788832764282,4.1641326631877975,True,predicted_centers,retrained_nematic_epoch_095,91,0.9981205748316945,-0.03462580848442345,-0.05056057242998423,16.715335845947266,16.715335845947266,68.4197170464941,training_consistent_log_reconstructed,124,nuclei_movie2_frozen_centers,movie2:component:108,1,0.5,-0.8590556755604775,-0.5866725286984149,-0.9980525784828885,0.06237828615518053,0.0,16.031219541881402,16.0312195418814
7.266813458420829,7.2668134584208275,7,2.5495097567963922,63.35029087892026,True,movie2:7:7,0.0,6.0,143.0,203.0,108.0,0.0,6.0,130.702,185.542,98.712,7.57158054568092,60.130697786110964,True,predicted_centers,retrained_nematic_epoch_095,92,-0.06729049315521653,-0.07883656117903277,0.9946138879748222,8.512920379638672,8.512920379638672,127.35347646528683,training_consistent_log_reconstructed,124,nuclei_movie2_frozen_centers,movie2:component:109,1,0.7071067811865476,3.2195930928092977,-0.3047670872600925,-0.6337242523784553,0.6337242523784553,-0.4436069700700564,15.779733838059501,15.7797338380595
0.2457349545803531,0.2457349545803531,1,2.9154759474226504,5.009628094356901,True,movie2:7:1,0.0,7.0,156.0,103.0,78.0,0.0,7.0,142.584,94.14200000000001,71.292,0.16236780661783,4.743202274778825,True,predicted_centers,retrained_nematic_epoch_095,93,-0.6033444823453031,0.7957659629700654,-0.0522682293731365,10.384410858154297,10.384410858154297,10.356270780334885,training_consistent_log_reconstructed,124,nuclei_movie2_frozen_centers,movie2:component:111,1,0.7071067811865476,0.26642581957807643,0.08336714796252309,-0.6585046264041882,0.7525766784881661,0.0,10.63014581273465,10.63014581273465
2.8373722107349355,2.8373722107349373,14,8.902246907382429,37.91156712396001,True,movie2:7:14,0.0,6.0,160.0,83.0,140.0,0.0,6.0,146.24,75.86200000000001,127.96000000000001,2.6744343933273385,40.61815358025101,True,predicted_centers,retrained_nematic_epoch_095,94,0.5387050286622642,-0.053849654311857384,0.84077173288859,12.328378677368166,12.328378677368164,145.0732869193853,training_consistent_log_reconstructed,124,nuclei_movie2_frozen_centers,movie2:component:112,1,0.5,-2.7065864562909994,0.16293781740759883,-0.06593804833795398,0.13187609667590797,0.9890707097608887,15.165750888103101,15.165750888103101
6.971233976773242,6.971233976773242,6,4.272001872658765,33.223175143808625,True,movie2:7:6,0.0,6.0,201.0,113.0,92.0,0.0,6.0,183.714,103.28200000000001,84.08800000000001,7.976195021729126,30.13301941966197,True,predicted_centers,retrained_nematic_epoch_095,95,0.45612963707938003,0.7765991334275528,-0.4345567168246363,10.233416557312012,10.233416557312012,173.9809686982322,training_consistent_log_reconstructed,124,nuclei_movie2_frozen_centers,movie2:component:113,1,0.5,3.090155724146655,-1.0049610449558841,0.46499055497527725,0.34874291623145787,-0.813733471206735,17.204650534085253,17.204650534085253
1.3594523056300325,1.3594523056300325,11,2.692582403567252,8.710667574169996,True,movie2:7:11,0.0,7.0,223.0,210.0,104.0,0.0,7.0,203.822,191.94,95.056,0.630896801775414,4.940380945659576,True,predicted_centers,retrained_nematic_epoch_095,96,0.8392042256725266,0.27181631344260615,-0.4710118463052133,16.0563907623291,16.0563907623291,156.70463216042324,training_consistent_log_reconstructed,124,nuclei_movie2_frozen_centers,movie2:component:114,1,0.5,3.77028662851042,0.7285555038546185,0.816496580927726,0.408248290463863,-0.408248290463863,14.696938456699069,14.696938456699069
2.866507273068608,2.8665072730686063,2,2.7386127875258306,5.5649919561770025,True,movie2:7:2,0.0,7.0,227.0,85.0,77.0,0.0,7.0,207.478,77.69,70.378,4.918531221669095,5.337360035415586,True,predicted_centers,retrained_nematic_epoch_095,97,-0.10283168040966915,0.9494168574137223,-0.29670402148062525,15.599678039550783,15.599678039550781,24.89179736607852,training_consistent_log_reconstructed,124,nuclei_movie2_frozen_centers,movie2:component:115,1,0.7071067811865476,0.22763192076141614,-2.052023948600489,-0.05415303448224121,0.9747546514678492,-0.21661213792896483,18.46618531261939,18.466185312619388
0.7100977660211214,0.7100977660211214,9,1.8708286933869707,2.080633423022217,True,movie2:7:9,0.0,7.0,265.0,226.0,146.0,0.0,7.0,242.21,206.56400000000002,133.44400000000002,0.8587191633553459,1.4070357306340768,True,predicted_centers,retrained_nematic_epoch_095,98,0.9288582289545929,0.05196146351157538,0.36677294994733767,15.609762191772461,15.609762191772461,105.97025599303328,training_consistent_log_reconstructed,124,nuclei_movie2_frozen_centers,movie2:component:116,1,0.7071067811865476,0.6735976923881402,-0.14862139733422453,0.9396184802452081,0.06711560496608929,0.3355780194704674,14.89966442575134,14.89966442575134
0.8445438273993613,0.8445438273993631,5,4.55521678957215,23.094487899250755,True,movie2:7:5,0.0,7.0,289.0,189.0,113.0,0.0,7.0,264.146,172.746,103.28200000000001,3.014497589044943,22.16707950374389,True,predicted_centers,retrained_nematic_epoch_095,99,0.7933069679562432,0.05616304382137685,0.6062258383645406,15.40353298187256,15.403532981872559,86.77939578681635,training_consistent_log_reconstructed,124,nuclei_movie2_frozen_centers,movie2:component:117,1,0.8660254037844386,0.9274083955068662,-2.16995376164558,0.49236596078033584,0.12309149019508396,0.8616404387599333,16.24807680927192,16.24807680927192
0.5761665147458608,0.5761665147458608,12,0.5,13.297130056923185,True,movie2:7:12,0.0,7.0,326.0,183.0,102.0,0.0,7.0,297.964,167.262,93.22800000000001,0.856496656310453,11.434941549663264,True,predicted_centers,retrained_nematic_epoch_095,100,-0.2197661909302385,0.37211555814715014,0.9017942296936975,8.910666465759277,8.910666465759277,107.80088212118385,training_consistent_log_reconstructed,124,nuclei_movie2_frozen_centers,movie2:component:118,1,0.5,1.862188507259921,-0.28033014156459224,0.0,0.3162277533727837,0.9486833022651984,9.486832980505138,9.486832980505138
2.8259525299072266,2.8259525299072266,1,4.47213595499958,9.877305148852287,True,movie2:8:1,0.0,8.0,81.0,86.0,102.0,0.0,8.0,74.034,78.604,93.22800000000001,3.3708906173706055,7.230072581453649,True,predicted_centers,retrained_nematic_epoch_095,101,0.11239157278696,0.9851773499688385,-0.12959059948487792,12.174047470092773,12.174047470092773,81.06522170535192,training_consistent_log_reconstructed,124,nuclei_movie2_frozen_centers,movie2:component:119,1,0.0,2.647232567398638,-0.5449380874633789,0.0,1.0,0.0,15.0,15.0
0.11768360092867347,0.11768360092867347,7,2.29128784747792,24.28399782138491,True,movie2:8:7,0.0,8.0,132.0,248.0,122.0,0.0,8.0,120.64800000000001,226.672,111.50800000000001,0.14901866658898832,16.85152192967591,True,predicted_centers,retrained_nematic_epoch_095,102,0.7172374448086772,-0.5722691417601766,0.397590841385199,9.31629753112793,9.31629753112793,70.20877178266933,training_consistent_log_reconstructed,124,nuclei_movie2_frozen_centers,movie2:component:120,1,0.5,7.432475891709,-0.031335065660314854,-0.8479983144557922,0.5299989232820528,0.0,9.433981132056603,9.433981132056603
0.5976757582343257,0.5976757582343257,8,2.23606797749979,37.88133529068889,True,movie2:8:8,0.0,8.0,142.0,120.0,64.0,0.0,8.0,129.788,109.68,58.496,1.7537040130345183,28.152583453751074,True,predicted_centers,retrained_nematic_epoch_095,103,0.5910257492979434,0.7908352975506704,-0.15895941562155846,12.479021072387695,12.479021072387695,174.19518155515516,training_consistent_log_reconstructed,124,nuclei_movie2_frozen_centers,movie2:component:121,1,0.0,9.728751836937814,-1.1560282548001926,0.2294157187086949,0.688247204138663,-0.688247204138663,13.076696830622021,13.076696830622021
2.7702414782781517,2.7702414782781517,6,2.1213203435596424,8.389127354854454,True,movie2:8:6,0.0,8.0,166.0,85.0,85.0,0.0,8.0,151.72400000000002,77.69,77.69,3.7894327415353217,8.298912662204645,True,predicted_centers,retrained_nematic_epoch_095,104,0.834834557106767,-0.2562801897523992,-0.48720809373492796,12.850257873535156,12.850257873535156,63.30660839259309,training_consistent_log_reconstructed,124,nuclei_movie2_frozen_centers,movie2:component:122,1,0.7071067811865476,0.09021469264980908,-1.01919126325717,-0.7682212837541549,0.38411064187707744,0.5121475119376231,15.620499351813308,15.620499351813308
0.43388071326088884,0.43388071326088884,0,3.2015621187164243,8.168078242444643,True,movie2:8:0,0.0,8.0,189.0,170.0,47.0,0.0,8.0,172.746,155.38,42.958,0.7506638167837423,1.3356111088377365,True,predicted_centers,retrained_nematic_epoch_095,105,0.7987055058945359,-0.3616466146071533,-0.4809170832866499,14.432188034057617,14.432188034057617,31.70454889966529,training_consistent_log_reconstructed,124,nuclei_movie2_frozen_centers,movie2:component:123,1,0.5,6.832467133606907,-0.31678310352285344,-0.8744746321952062,0.26906911049452037,0.40360368113379047,14.866068747318506,14.866068747318506
0.6105788935523471,0.6105788935523471,4,1.8708286933869707,4.957544575413926,True,movie2:8:4,0.0,8.0,259.0,159.0,53.0,0.0,8.0,236.726,145.326,48.442,0.49939396480736775,4.360739946382331,True,predicted_centers,retrained_nematic_epoch_095,106,-0.32817808676849,-0.42965177948476163,0.8412481748869066,10.408537864685059,10.408537864685059,133.28968249633934,training_consistent_log_reconstructed,124,nuclei_movie2_frozen_centers,movie2:component:124,1,0.7071067811865476,0.5968046290315945,0.11118492874497932,0.408248290463863,0.408248290463863,-0.816496580927726,9.797958971132712,9.797958971132712
0.8980433738230946,0.8980433738230946,5,1.224744871391589,32.327832745309955,True,movie2:8:5,0.0,8.0,263.0,57.0,78.0,0.0,8.0,240.382,52.098,71.292,0.7898832517946666,34.69587082571401,True,predicted_centers,retrained_nematic_epoch_095,107,0.8497168039369988,0.14065572348017316,0.5081312040795773,9.442047119140625,9.442047119140625,165.02610730076358,training_consistent_log_reconstructed,124,nuclei_movie2_frozen_centers,movie2:component:125,1,0.7071067811865476,-2.3680380804040553,0.10816012202842806,0.9363291810011709,0.3511234324360547,0.0,8.54400374531753,8.54400374531753
0.889409700523963,0.889409700523963,2,2.958039891549808,16.94118931918511,True,movie2:8:2,0.0,8.0,310.0,79.0,137.0,0.0,8.0,283.34000000000003,72.206,125.218,0.5161172903525042,20.261571386119904,True,predicted_centers,retrained_nematic_epoch_095,108,0.5826052339779301,0.7509359789566886,-0.31091204037457437,13.038978576660158,13.038978576660156,164.09201810720018,training_consistent_log_reconstructed,124,nuclei_movie2_frozen_centers,movie2:component:126,1,0.8660254037844386,-3.320382066934794,0.37329241017145876,0.5025707156529163,0.6461623572335301,-0.574366506563991,13.928388277184121,13.92838827718412
1.889396917624154,1.889396917624154,14,1.5,5.013392688948877,True,movie2:9:14,0.0,9.0,44.0,148.0,91.0,0.0,9.0,40.216,135.272,83.174,0.2237908049503634,4.989369081577482,True,predicted_centers,retrained_nematic_epoch_095,109,-0.3710624610110829,-0.3089678953470592,0.8757005707850185,15.23106098175049,15.231060981750488,112.65442302907884,training_consistent_log_reconstructed,124,nuclei_movie2_frozen_centers,movie2:component:127,1,0.5,0.024023607371395528,1.6656061126737907,0.3747658521338962,0.22485950595013435,-0.8994380238005374,13.341664064126336,13.341664064126334
1.4912259890013395,1.4912259890013395,17,2.0615528128088303,33.92098304914334,True,movie2:9:17,0.0,9.0,69.0,135.0,122.0,0.0,9.0,63.066,123.39,111.50800000000001,0.17734157270965945,31.49023884763203,True,predicted_centers,retrained_nematic_epoch_095,110,0.8285081007257715,0.37590856226610736,-0.41505069551417817,10.75622272491455,10.75622272491455,172.21050825633816,training_consistent_log_reconstructed,124,nuclei_movie2_frozen_centers,movie2:component:128,1,0.5,2.4307442015113097,1.31388441629168,0.8981462407813201,0.4082482882628362,0.1632993120035943,12.24744871391589,12.24744871391589
0.19783719431246105,0.19783719431246283,3,2.598076211353316,7.743173879694536,True,movie2:9:3,0.0,9.0,116.0,119.0,62.0,0.0,9.0,106.024,108.766,56.668,0.08664016356595283,12.250050905377838,True,predicted_centers,retrained_nematic_epoch_095,111,0.8651669477606629,-0.17971503094064523,-0.46817588591949205,14.126225471496582,14.126225471496582,59.528310278401584,training_consistent_log_reconstructed,124,nuclei_movie2_frozen_centers,movie2:component:129,1,0.8660254037844386,-4.506877025683302,0.11119703074651,-0.7897539804068481,0.21538744490584064,0.5743665197489083,13.928388277184121,13.92838827718412
0.08628896729257285,0.08628896729257285,1,4.123105625617661,6.890907479085388,True,movie2:9:1,0.0,9.0,142.0,145.0,47.0,0.0,9.0,129.788,132.53,42.958,0.6848734967951735,4.825334960863908,True,predicted_centers,retrained_nematic_epoch_095,112,0.6487326239278618,-0.17230692240579595,0.7412532004266251,13.515181541442871,13.515181541442871,84.02130782165077,training_consistent_log_reconstructed,124,nuclei_movie2_frozen_centers,movie2:component:131,1,0.0,2.0655725182214795,-0.5985845295026007,-0.7352146376591716,0.14704292753183434,-0.6616931418977839,13.601470508735444,13.601470508735444
6.654643056449986,6.654643056449986,10,3.2015621187164243,66.61372296854438,True,movie2:9:10,0.0,8.0,172.0,164.0,119.0,0.0,8.0,157.208,149.89600000000002,108.766,8.293379487015798,78.4328900130899,True,predicted_centers,retrained_nematic_epoch_095,113,0.8758785886124623,0.48105930467288344,-0.037664882820512675,7.381025791168213,7.381025791168213,155.90974741080512,training_consistent_log_reconstructed,124,nuclei_movie2_frozen_centers,movie2:component:132,1,0.5,-11.819167044545523,-1.638736430565812,0.1424940999758193,0.49872934991536755,-0.8549645998549158,14.035668847618199,14.035668847618199
1.0938128034527317,1.0938128034527335,0,4.769696007084728,7.525690007509095,True,movie2:9:0,0.0,9.0,199.0,121.0,61.0,0.0,9.0,181.886,110.59400000000001,55.754000000000005,0.4234336935830356,7.31914471852723,True,predicted_centers,retrained_nematic_epoch_095,114,-0.5838632096006693,0.7723484519946225,-0.2501631890912711,13.258887290954592,13.25888729095459,20.655837363244828,training_consistent_log_reconstructed,124,nuclei_movie2_frozen_centers,movie2:component:133,1,0.8660254037844386,0.20654528898186442,0.6703791098696978,-0.6270597289021522,0.6967330027430362,-0.3483665013715181,14.352700094407323,14.352700094407323
0.24137905475553545,0.24137905475553367,8,1.118033988749895,11.87570025517914,True,movie2:9:8,0.0,9.0,205.0,184.0,136.0,0.0,9.0,187.37,168.17600000000002,124.304,0.09930137239786418,12.955503808653397,True,predicted_centers,retrained_nematic_epoch_095,115,0.7985063421834249,-0.3994409674444342,0.450371552187637,12.03120517730713,12.031205177307129,108.22512212722216,training_consistent_log_reconstructed,124,nuclei_movie2_frozen_centers,movie2:component:134,1,0.5,-1.0798035534742567,0.1420776823576695,-0.7633700313460261,0.2544566718255071,-0.5937322607086912,11.789826122551595,11.789826122551595
1.188521823723054,1.1885218237230522,11,1.5,11.09196966092008,True,movie2:9:11,0.0,9.0,230.0,105.0,153.0,0.0,9.0,210.22,95.97,139.842,0.04075908059544453,9.734533451883355,True,predicted_centers,retrained_nematic_epoch_095,116,-0.10397065431363212,0.9855283636219611,-0.13388034784170075,14.7899923324585,14.789992332458496,31.3543180656474,training_consistent_log_reconstructed,124,nuclei_movie2_frozen_centers,movie2:component:135,1,0.5,1.3574362090367256,1.1477627431276076,0.0,0.9557790073550252,-0.29408585328002873,13.601470508735446,13.601470508735444
7.479725524048465,7.479725524048462,12,2.7386127875258306,12.301081704417847,True,movie2:9:12,0.0,8.0,241.0,221.0,47.0,0.0,8.0,220.274,201.994,42.958,7.721362135118181,8.391481833359299,True,predicted_centers,retrained_nematic_epoch_095,117,0.9820862124359029,-0.06368474079192074,0.1773440868300056,10.548030853271484,10.548030853271484,126.80186197855953,training_consistent_log_reconstructed,124,nuclei_movie2_frozen_centers,movie2:component:136,1,0.7071067811865476,3.909599871058548,-0.241636611069719,0.9984603530504905,0.05547002241111499,0.0,18.02775637731995,18.027756377319946
0.39974835537423203,0.39974835537423026,13,3.2015621187164243,15.453678431690326,True,movie2:9:13,0.0,9.0,243.0,230.0,74.0,0.0,9.0,222.102,210.22,67.636,0.27002525329589844,11.791169585966989,True,predicted_centers,retrained_nematic_epoch_095,118,0.5709008913850324,0.4936250839405314,0.6560536934736962,10.349622726440431,10.34962272644043,154.67969184768762,training_consistent_log_reconstructed,124,nuclei_movie2_frozen_centers,movie2:component:137,1,0.5,3.6625088457233375,0.12972310207833182,0.502518907629606,0.7035264706814485,0.502518907629606,9.9498743710662,9.9498743710662
1.5063217291479027,1.5063217291479027,16,2.692582403567252,3.145125465332504,True,movie2:9:16,0.0,9.0,242.0,51.0,118.0,0.0,9.0,221.18800000000002,46.614000000000004,107.852,0.8334587225561059,1.8634207398593774,True,predicted_centers,retrained_nematic_epoch_095,119,-0.6371391872845235,-0.3619829349219432,0.6804572072156434,10.862995147705078,10.862995147705078,167.9322407984522,training_consistent_log_reconstructed,124,nuclei_movie2_frozen_centers,movie2:component:138,1,0.5,1.2817047254731264,0.6728630065917969,0.6467616644461078,0.4042260491430513,-0.6467616644461078,12.36931687685298,12.36931687685298
0.5304025445230316,0.5304025445230316,2,2.449489742783178,4.415741556404873,True,movie2:9:2,0.0,9.0,249.0,114.0,64.0,0.0,9.0,227.586,104.196,58.496,1.676473617553711,4.651914121054192,True,predicted_centers,retrained_nematic_epoch_095,120,0.8190536256234209,0.4441098440977738,-0.3632046320307333,16.262453079223633,16.262453079223633,155.38064320764573,training_consistent_log_reconstructed,124,nuclei_movie2_frozen_centers,movie2:component:139,1,0.0,-0.23617256464931913,-1.1460710730306793,0.7741387441769642,0.4763930528741819,-0.41684393235038203,16.792855623746664,16.792855623746664
0.5167141703358649,0.5167141703358631,15,2.345207879911715,3.857672191156311,True,movie2:9:15,0.0,9.0,266.0,73.0,134.0,0.0,9.0,243.124,66.72200000000001,122.476,0.05428231601122668,7.16955691879545,True,predicted_centers,retrained_nematic_epoch_095,121,-0.3882220339367876,-0.5672451329672031,0.7263033880486885,10.663625717163086,10.663625717163086,156.15667164859357,training_consistent_log_reconstructed,124,nuclei_movie2_frozen_centers,movie2:component:141,1,0.7071067811865476,-3.311884727639139,0.4624318543246364,0.4472135954999579,0.5366563145999494,-0.7155417527999327,11.18033988749895,11.180339887498949
1.8702558028042962,1.8702558028042962,9,2.598076211353316,5.245190237157049,True,movie2:9:9,0.0,9.0,302.0,168.0,144.0,0.0,9.0,276.028,153.552,131.616,1.478382816990246,6.447106300559517,True,predicted_centers,retrained_nematic_epoch_095,122,0.5707021680715054,-0.04457679509820303,0.8199463059842735,12.022188186645508,12.022188186645508,75.83120080120818,training_consistent_log_reconstructed,124,nuclei_movie2_frozen_centers,movie2:component:143,1,0.8660254037844386,-1.201916063402468,0.39187298581405017,-0.5038710212502906,0.0,-0.8637789033914809,13.892443989449804,13.892443989449804
1.0993642946799724,1.0993642946799724,7,3.082207001484488,5.915353238656221,True,movie2:9:7,0.0,9.0,318.0,147.0,91.0,0.0,9.0,290.652,134.358,83.174,1.5366789267234005,7.386419974193655,True,predicted_centers,retrained_nematic_epoch_095,123,0.13148541184168372,0.9853735463993655,-0.10840000244077712,15.210142135620117,15.210142135620117,51.42042333753612,training_consistent_log_reconstructed,124,nuclei_movie2_frozen_centers,movie2:component:144,1,0.7071067811865476,-1.471066735537434,-0.437314632043428,0.06131393400982399,0.9810229441571838,-0.18394179659177579,16.30950643030009,16.30950643030009
